passport_id,prisoner_id,current_prison_id,current_prison_name,prison_crowding_status,prison_occupancy_rate_pct,skill_india_digital_id,candidate_alias_or_name,gender,age,education_baseline,primary_trade_vocational,nsqf_level,certifying_agency,course_completion_status,workshop_production_hours,specific_machinery_skills,conduct_grade,soft_skills_completed,pwa_accumulated_savings_inr,target_job_domain,expected_minimum_wage_inr,preferred_work_districts,preferred_ngo_sector,rehabilitation_readiness_flag,consent_to_share_profile,verification_hash_qr
SKL-2026-0001,UTP-2026-0001,PRIS-MH-01,Mumbai Central Prison (Arthur Road),Overcrowded,162.9,SID-MA-99001,Sanjay K.,Male,40,10th Standard,Garment Tailoring,3,Apparel Sector Skill Council / PMKVY,Certified,479,Single Needle Lockstitch|Overlock Machine|Pattern Cutting,C,Digital Ethics|Professional Email Writing,4638,Garment & Textile Manufacturing,15000,Thane|Mumbai City,Vocational Livelihood & Rehabilitation,False,False,15688083a2add3...qr
SKL-2026-0002,UTP-2026-0002,PRIS-MH-01,Mumbai Central Prison (Arthur Road),Overcrowded,162.9,SID-MA-99002,Raju R.,Male,20,Illiterate (Adult Literacy Enrolled),Warehouse Packaging & Inventory,2,Logistics Sector Skill Council,Certified,582,Handheld Barcode Scanner|Shrink Wrap Machine|Inventory Tagging,B,Digital Ethics|Professional Email Writing,6656,Logistics & Supply Chain,13500,Mumbai Suburban|Mumbai City,Youth Livelihood & Logistics,False,False,44b4bfb3a1b66f...qr
SKL-2026-0003,UTP-2026-0003,PRIS-MH-01,Mumbai Central Prison (Arthur Road),Overcrowded,162.9,SID-MA-99003,Vijay S.,Male,36,8th Standard,Data Entry & Office Automation,4,NIELIT / State Skill Development Mission,Certified,213,Typing 40+ WPM|MS Excel Fundamentals|Tally Prime Basics,A,Digital Ethics|Professional Email Writing,2738,IT & Office Administration,17500,Navi Mumbai|Thane,Youth Employment & Digital Literacy,True,True,3a624e955cf7a6...qr
SKL-2026-0004,UTP-2026-0004,PRIS-MH-01,Mumbai Central Prison (Arthur Road),Overcrowded,162.9,SID-MA-99004,Mukesh Y.,Male,25,8th Standard,Data Entry & Office Automation,4,NIELIT / State Skill Development Mission,In_Training,527,Typing 40+ WPM|MS Excel Fundamentals|Tally Prime Basics,A,Team Coordination|Basic Numeracy,5895,IT & Office Administration,17500,Mumbai City|Mumbai Suburban,Youth Employment & Digital Literacy,False,True,30e6077282fc79...qr
SKL-2026-0005,UTP-2026-0005,PRIS-MH-01,Mumbai Central Prison (Arthur Road),Overcrowded,162.9,SID-MA-99005,Satish M.,Male,42,Illiterate (Adult Literacy Enrolled),Domestic Electrician,3,Power Sector Skill Council / DGT,Certified,551,Single Phase Wiring|MCB Installation|Multimeter Testing,A,Anger Management Module|Stress Resilience,4705,Electrical & Facility Maintenance,15500,Mumbai City|Navi Mumbai,Technical Livelihoods & Vocational Training,True,True,d8ebef33d4e31...qr
SKL-2026-0006,UTP-2026-0006,PRIS-MH-01,Mumbai Central Prison (Arthur Road),Overcrowded,162.9,SID-MA-99006,Rahul Y.,Male,26,Illiterate (Adult Literacy Enrolled),Bakery & Confectionery,3,FICSI / National Council for Vocational Training,Certified,491,Commercial Dough Mixer|Rotary Deck Oven|Bread Slicer,A,Workplace Safety & Hazard Control,5422,Food Processing & Bakery,14500,Mumbai City|Mumbai Suburban,Skill Training & Micro-enterprise,True,True,4ffa7751611adf...qr
SKL-2026-0007,UTP-2026-0007,PRIS-MH-01,Mumbai Central Prison (Arthur Road),Overcrowded,162.9,SID-MA-99007,Rakesh S.,M,25,9th Standard,Garment Tailoring,3,Apparel Sector Skill Council / PMKVY,Certified,611,Single Needle Lockstitch|Overlock Machine|Pattern Cutting,A,Financial Literacy & Bank Account Operations,6883,Garment & Textile Manufacturing,15000,Mumbai Suburban|Mumbai City,Vocational Livelihood & Rehabilitation,True,True,13ca7fa215284c...qr
SKL-2026-0008,UTP-2026-0008,PRIS-MH-01,Mumbai Central Prison (Arthur Road),Overcrowded,162.9,SID-MA-99008,Pravin T.,Male,57,Illiterate (Adult Literacy Enrolled),Wood Furniture Making & Carpentry,3,Furniture & Fittings Skill Council (FFSC),Certified,241,Circular Saw|Wood Surface Planer|Laminate Press,A,Workplace Safety & Hazard Control,2257,Furniture Manufacturing & Carpentry,16000,Thane|Navi Mumbai,Vocational Training & Micro-enterprise,True,True,5d3ee6f4d3dbc2...qr
SKL-2026-0009,UTP-2026-0009,PRIS-MH-01,Mumbai Central Prison (Arthur Road),Overcrowded,162.9,SID-MA-99009,Mamta V.,Female,53,10th Standard,Warehouse Packaging & Inventory,2,Logistics Sector Skill Council,Certified,394,Handheld Barcode Scanner|Shrink Wrap Machine|Inventory Tagging,A,Customer Service & Professional Etiquette,4564,Logistics & Supply Chain,13500,Mumbai City|Navi Mumbai,Youth Livelihood & Logistics,True,True,1c9d9df4f5f4f1...qr
SKL-2026-0010,UTP-2026-0010,PRIS-MH-01,Mumbai Central Prison (Arthur Road),Overcrowded,162.9,SID-MA-99010,Manju T.,Female,38,10th Standard,Warehouse Packaging & Inventory,2,Logistics Sector Skill Council,Certified,582,Handheld Barcode Scanner|Shrink Wrap Machine|Inventory Tagging,A,Anger Management Module|Stress Resilience,5801,Logistics & Supply Chain,13500,Mumbai City|Mumbai Suburban,Youth Livelihood & Logistics,True,True,45c8fa126021d4...qr
SKL-2026-0011,UTP-2026-0011,PRIS-MH-01,Mumbai Central Prison (Arthur Road),Overcrowded,162.9,SID-MA-99011,Rohit M.,Male,19,Illiterate (Adult Literacy Enrolled),CNC Machine Operator,4,Capital Goods Skill Council / DGT,In_Training,347,3-Axis CNC Lathe|G-Code Programming|Vernier Caliper,A,Customer Service & Professional Etiquette,2952,Industrial Tooling & Precision Machining,21000,Mumbai Suburban|Navi Mumbai,Technical Livelihoods & Industry Linkages,False,True,5e8f25833cd66a...qr
SKL-2026-0012,UTP-2026-0012,PRIS-MH-01,Mumbai Central Prison (Arthur Road),Overcrowded,162.9,SID-MA-99012,Tushar K.,Male,37,8th Standard,Domestic Electrician,3,Power Sector Skill Council / DGT,In_Training,681,Single Phase Wiring|MCB Installation|Multimeter Testing,A,Food Safety & Hygiene|Time Management,6851,Electrical & Facility Maintenance,15500,Thane|Mumbai City,Technical Livelihoods & Vocational Training,False,True,279994931453b3...qr
SKL-2026-0013,UTP-2026-0013,PRIS-MH-01,Mumbai Central Prison (Arthur Road),Overcrowded,162.9,SID-MA-99013,Sachin D.,M,23,8th Standard,Bakery & Confectionery,3,FICSI / National Council for Vocational Training,In_Training,581,Commercial Dough Mixer|Rotary Deck Oven|Bread Slicer,C,Team Coordination|Basic Numeracy,7974,Food Processing & Bakery,14500,Navi Mumbai|Thane,Skill Training & Micro-enterprise,False,True,4a25fa24028d8e...qr
SKL-2026-0014,UTP-2026-0014,PRIS-MH-01,Mumbai Central Prison (Arthur Road),Overcrowded,162.9,SID-MA-99014,Vijay D.,Male,22,5th Standard,Bakery & Confectionery,3,FICSI / National Council for Vocational Training,Certified,499,Commercial Dough Mixer|Rotary Deck Oven|Bread Slicer,A,Customer Service & Professional Etiquette,5310,Food Processing & Bakery,14500,Mumbai City|Thane,Skill Training & Micro-enterprise,True,True,a4a9be368fd6b...qr
SKL-2026-0015,UTP-2026-0015,PRIS-MH-01,Mumbai Central Prison (Arthur Road),Overcrowded,162.9,SID-MA-99015,Ashok G.,Male,40,Illiterate (Adult Literacy Enrolled),Garment Tailoring,3,Apparel Sector Skill Council / PMKVY,Certified,651,Single Needle Lockstitch|Overlock Machine|Pattern Cutting,A,Workplace Safety & Hazard Control,6890,Garment & Textile Manufacturing,15000,Mumbai Suburban|Navi Mumbai,Vocational Livelihood & Rehabilitation,True,True,3a109d32d2751a...qr
SKL-2026-0016,UTP-2026-0016,PRIS-MH-01,Mumbai Central Prison (Arthur Road),Overcrowded,162.9,SID-MA-99016,Ganesh Y.,Male,32,10th Standard,Bakery & Confectionery,3,FICSI / National Council for Vocational Training,Certified,422,Commercial Dough Mixer|Rotary Deck Oven|Bread Slicer,A,Workplace Safety & Hazard Control,4923,Food Processing & Bakery,14500,Navi Mumbai|Mumbai Suburban,Skill Training & Micro-enterprise,True,True,22ec46c1343a8a...qr
SKL-2026-0017,UTP-2026-0017,PRIS-MH-01,Mumbai Central Prison (Arthur Road),Overcrowded,162.9,SID-MA-99017,Rahul P.,Male,41,Graduate (B.A./B.Com),CNC Machine Operator,4,Capital Goods Skill Council / DGT,Certified,632,3-Axis CNC Lathe|G-Code Programming|Vernier Caliper,A,Financial Literacy & Bank Account Operations,6987,Industrial Tooling & Precision Machining,21000,Thane|Mumbai Suburban,Technical Livelihoods & Industry Linkages,True,True,14a12d12d3d53b...qr
SKL-2026-0018,UTP-2026-0018,PRIS-MH-01,Mumbai Central Prison (Arthur Road),Overcrowded,162.9,SID-MA-99018,Rahul S.,Male,19,8th Standard,Organic Farming & Horticulture,3,Agriculture Skill Council of India (ASCI),Certified,413,Drip Irrigation Setup|Composting Unit|Power Weeder,A,Anger Management Module|Stress Resilience,4206,Agriculture & Rural Enterprise,14000,Thane|Mumbai Suburban,Rural Development & Agro Livelihoods,True,True,3589a60400050a...qr
SKL-2026-0019,UTP-2026-0019,PRIS-MH-01,Mumbai Central Prison (Arthur Road),Overcrowded,162.9,SID-MA-99019,Vijay G.,Male,22,9th Standard,Data Entry & Office Automation,4,NIELIT / State Skill Development Mission,In_Training,276,Typing 40+ WPM|MS Excel Fundamentals|Tally Prime Basics,A,Workplace Safety & Hazard Control,3058,IT & Office Administration,17500,Navi Mumbai|Mumbai Suburban,Youth Employment & Digital Literacy,False,True,101ceb229da9e3...qr
SKL-2026-0020,UTP-2026-0020,PRIS-MH-01,Mumbai Central Prison (Arthur Road),Overcrowded,162.9,SID-MA-99020,Subhash P.,Male,24,Illiterate (Adult Literacy Enrolled),Bakery & Confectionery,3,FICSI / National Council for Vocational Training,Certified,248,Commercial Dough Mixer|Rotary Deck Oven|Bread Slicer,A,Financial Literacy & Bank Account Operations,3048,Food Processing & Bakery,14500,Navi Mumbai|Mumbai Suburban,Skill Training & Micro-enterprise,True,False,2e6a06f2db9859...qr
SKL-2026-0021,UTP-2026-0021,PRIS-MH-01,Mumbai Central Prison (Arthur Road),Overcrowded,162.9,SID-MA-99021,Rohit K.,Male,40,8th Standard,Wood Furniture Making & Carpentry,3,Furniture & Fittings Skill Council (FFSC),Certified,254,Circular Saw|Wood Surface Planer|Laminate Press,A,Customer Service & Professional Etiquette,3185,Furniture Manufacturing & Carpentry,16000,Thane|Mumbai City,Vocational Training & Micro-enterprise,True,True,532987d54b0401...qr
SKL-2026-0022,UTP-2026-0022,PRIS-MH-01,Mumbai Central Prison (Arthur Road),Overcrowded,162.9,SID-MA-99022,Suraj T.,Male,24,Illiterate (Adult Literacy Enrolled),CNC Machine Operator,4,Capital Goods Skill Council / DGT,Certified,388,3-Axis CNC Lathe|G-Code Programming|Vernier Caliper,B,Customer Service & Professional Etiquette,5143,Industrial Tooling & Precision Machining,21000,Mumbai City|Thane,Technical Livelihoods & Industry Linkages,False,False,4efd1cf44ab727...qr
SKL-2026-0023,UTP-2026-0023,PRIS-MH-01,Mumbai Central Prison (Arthur Road),Overcrowded,162.9,SID-MA-99023,Sachin M.,Male,41,9th Standard,Bakery & Confectionery,3,FICSI / National Council for Vocational Training,Certified,673,Commercial Dough Mixer|Rotary Deck Oven|Bread Slicer,A,Workplace Safety & Hazard Control,7258,Food Processing & Bakery,14500,Navi Mumbai|Mumbai Suburban,Skill Training & Micro-enterprise,True,True,501942a1c0d08c...qr
SKL-2026-0024,UTP-2026-0024,PRIS-MH-01,Mumbai Central Prison (Arthur Road),Overcrowded,162.9,SID-MA-99024,Surinder M.,Male,25,12th Standard,Domestic Electrician,3,Power Sector Skill Council / DGT,Certified,426,Single Phase Wiring|MCB Installation|Multimeter Testing,A,Customer Service & Professional Etiquette,4525,Electrical & Facility Maintenance,15500,Mumbai Suburban|Navi Mumbai,Technical Livelihoods & Vocational Training,True,True,19b23e749d47b8...qr
SKL-2026-0025,UTP-2026-0025,PRIS-MH-01,Mumbai Central Prison (Arthur Road),Overcrowded,162.9,SID-MA-99025,Sunil G.,Male,26,9th Standard,Domestic Electrician,3,Power Sector Skill Council / DGT,Assessment_Pending,693,Single Phase Wiring|MCB Installation|Multimeter Testing,A,Customer Service & Professional Etiquette,9619,Electrical & Facility Maintenance,15500,Mumbai City|Mumbai Suburban,Technical Livelihoods & Vocational Training,False,True,2fde4f8d3df32...qr
SKL-2026-0026,UTP-2026-0026,PRIS-MH-01,Mumbai Central Prison (Arthur Road),Overcrowded,162.9,SID-MA-99026,Sunita V.,Female,23,Illiterate (Adult Literacy Enrolled),Data Entry & Office Automation,4,NIELIT / State Skill Development Mission,Assessment_Pending,690,Typing 40+ WPM|MS Excel Fundamentals|Tally Prime Basics,A,Customer Service & Professional Etiquette,8484,IT & Office Administration,17500,Navi Mumbai|Mumbai Suburban,Youth Employment & Digital Literacy,False,True,3ac708d47632b0...qr
SKL-2026-0027,UTP-2026-0027,PRIS-MH-01,Mumbai Central Prison (Arthur Road),Overcrowded,162.9,SID-MA-99027,Ashok T.,Male,31,5th Standard,Garment Tailoring,3,Apparel Sector Skill Council / PMKVY,Certified,547,Single Needle Lockstitch|Overlock Machine|Pattern Cutting,A,Food Safety & Hygiene|Time Management,7386,Garment & Textile Manufacturing,15000,Thane|Navi Mumbai,Vocational Livelihood & Rehabilitation,True,True,233d0cd1a7404b...qr
SKL-2026-0028,UTP-2026-0028,PRIS-MH-01,Mumbai Central Prison (Arthur Road),Overcrowded,162.9,SID-MA-99028,Vinod M.,Male,26,Illiterate (Adult Literacy Enrolled),Garment Tailoring,3,Apparel Sector Skill Council / PMKVY,Certified,452,Single Needle Lockstitch|Overlock Machine|Pattern Cutting,C,Customer Service & Professional Etiquette,5886,Garment & Textile Manufacturing,15000,Thane|Mumbai City,Vocational Livelihood & Rehabilitation,False,False,277748445e2c2a...qr
SKL-2026-0029,UTP-2026-0029,PRIS-MH-01,Mumbai Central Prison (Arthur Road),Overcrowded,162.9,SID-MA-99029,Mamta G.,Female,54,9th Standard,Organic Farming & Horticulture,3,Agriculture Skill Council of India (ASCI),Assessment_Pending,404,Drip Irrigation Setup|Composting Unit|Power Weeder,A,Anger Management Module|Stress Resilience,4419,Agriculture & Rural Enterprise,14000,Mumbai Suburban|Navi Mumbai,Rural Development & Agro Livelihoods,False,True,388e3cf4f3a76a...qr
SKL-2026-0030,UTP-2026-0030,PRIS-MH-01,Mumbai Central Prison (Arthur Road),Overcrowded,162.9,SID-MA-99030,Raju S.,Male,25,Illiterate (Adult Literacy Enrolled),CNC Machine Operator,4,Capital Goods Skill Council / DGT,Certified,579,3-Axis CNC Lathe|G-Code Programming|Vernier Caliper,A,Workplace Communication|Conflict Management,6062,Industrial Tooling & Precision Machining,21000,Mumbai Suburban|Thane,Technical Livelihoods & Industry Linkages,True,True,1fd71b12b80f80...qr
SKL-2026-0031,UTP-2026-0031,PRIS-MH-01,Mumbai Central Prison (Arthur Road),Overcrowded,162.9,SID-MA-99031,Ganesh M.,Male,23,9th Standard,Wood Furniture Making & Carpentry,3,Furniture & Fittings Skill Council (FFSC),Certified,598,Circular Saw|Wood Surface Planer|Laminate Press,A,Workplace Safety & Hazard Control,6575,Furniture Manufacturing & Carpentry,16000,Navi Mumbai|Mumbai City,Vocational Training & Micro-enterprise,True,True,182e86c5d570a5...qr
SKL-2026-0032,UTP-2026-0032,PRIS-MH-01,Mumbai Central Prison (Arthur Road),Overcrowded,162.9,SID-MA-99032,Vijay K.,Male,38,10th Standard,Warehouse Packaging & Inventory,2,Logistics Sector Skill Council,Certified,550,Handheld Barcode Scanner|Shrink Wrap Machine|Inventory Tagging,A,Team Coordination|Basic Numeracy,6701,Logistics & Supply Chain,13500,Navi Mumbai|Mumbai Suburban,Youth Livelihood & Logistics,True,True,3fac337101f30f...qr
SKL-2026-0033,UTP-2026-0033,PRIS-MH-01,Mumbai Central Prison (Arthur Road),Overcrowded,162.9,SID-MA-99033,Surinder V.,Male,24,Illiterate (Adult Literacy Enrolled),Warehouse Packaging & Inventory,2,Logistics Sector Skill Council,In_Training,542,Handheld Barcode Scanner|Shrink Wrap Machine|Inventory Tagging,A,Digital Ethics|Professional Email Writing,6815,Logistics & Supply Chain,13500,Mumbai City|Navi Mumbai,Youth Livelihood & Logistics,False,True,2512e1639b08b6...qr
SKL-2026-0034,UTP-2026-0034,PRIS-MH-01,Mumbai Central Prison (Arthur Road),Overcrowded,162.9,SID-MA-99034,Sunil K.,Male,39,Illiterate (Adult Literacy Enrolled),Garment Tailoring,3,Apparel Sector Skill Council / PMKVY,Assessment_Pending,223,Single Needle Lockstitch|Overlock Machine|Pattern Cutting,A,Anger Management Module|Stress Resilience,2836,Garment & Textile Manufacturing,15000,Thane|Mumbai Suburban,Vocational Livelihood & Rehabilitation,False,True,a86b324933ba8...qr
SKL-2026-0035,UTP-2026-0035,PRIS-MH-01,Mumbai Central Prison (Arthur Road),Overcrowded,162.9,SID-MA-99035,Nitin D.,Male,41,Illiterate (Adult Literacy Enrolled),Bakery & Confectionery,3,FICSI / National Council for Vocational Training,Certified,524,Commercial Dough Mixer|Rotary Deck Oven|Bread Slicer,A,Workplace Safety & Hazard Control,6603,Food Processing & Bakery,14500,Mumbai Suburban|Navi Mumbai,Skill Training & Micro-enterprise,True,True,135034a4ae0ec2...qr
SKL-2026-0036,UTP-2026-0036,PRIS-MH-01,Mumbai Central Prison (Arthur Road),Overcrowded,162.9,SID-MA-99036,Mukesh M.,Male,26,9th Standard,Organic Farming & Horticulture,3,Agriculture Skill Council of India (ASCI),In_Training,552,Drip Irrigation Setup|Composting Unit|Power Weeder,A,Food Safety & Hygiene|Time Management,5634,Agriculture & Rural Enterprise,14000,Navi Mumbai|Mumbai City,Rural Development & Agro Livelihoods,False,True,2e4858b135bba4...qr
SKL-2026-0037,UTP-2026-0037,PRIS-MH-01,Mumbai Central Prison (Arthur Road),Overcrowded,162.9,SID-MA-99037,Karan R.,Male,42,5th Standard,Warehouse Packaging & Inventory,2,Logistics Sector Skill Council,Certified,472,Handheld Barcode Scanner|Shrink Wrap Machine|Inventory Tagging,A,Workplace Communication|Conflict Management,6060,Logistics & Supply Chain,13500,Thane|Mumbai City,Youth Livelihood & Logistics,True,True,50f4bea3b04579...qr
SKL-2026-0038,UTP-2026-0038,PRIS-MH-01,Mumbai Central Prison (Arthur Road),Overcrowded,162.9,SID-MA-99038,Surinder G.,Male,42,Illiterate (Adult Literacy Enrolled),Wood Furniture Making & Carpentry,3,Furniture & Fittings Skill Council (FFSC),Certified,678,Circular Saw|Wood Surface Planer|Laminate Press,A,Anger Management Module|Stress Resilience,9491,Furniture Manufacturing & Carpentry,16000,Mumbai Suburban|Mumbai City,Vocational Training & Micro-enterprise,True,True,167b9634a8561f...qr
SKL-2026-0039,UTP-2026-0039,PRIS-MH-01,Mumbai Central Prison (Arthur Road),Overcrowded,162.9,SID-MA-99039,Mukesh S.,Male,39,Graduate (B.A./B.Com),Leather Goods Fabrication,3,Leather Sector Skill Council (LSSC),In_Training,629,Leather Skiving Machine|Heavy Duty Stitcher|Edge Burnisher,A,Workplace Safety & Hazard Control,5527,Footwear & Leather Craft,15000,Navi Mumbai|Mumbai Suburban,Artisan Cooperatives & Reintegration,False,True,16ab1104b92b99...qr
SKL-2026-0040,UTP-2026-0040,PRIS-MH-01,Mumbai Central Prison (Arthur Road),Overcrowded,162.9,SID-MA-99040,Vikram K.,Male,53,10th Standard,Organic Farming & Horticulture,3,Agriculture Skill Council of India (ASCI),Certified,596,Drip Irrigation Setup|Composting Unit|Power Weeder,A,Workplace Communication|Conflict Management,8035,Agriculture & Rural Enterprise,14000,Mumbai City|Mumbai Suburban,Rural Development & Agro Livelihoods,True,True,1cacdd74fc89fa...qr
SKL-2026-0041,UTP-2026-0041,PRIS-MH-01,Mumbai Central Prison (Arthur Road),Overcrowded,162.9,SID-MA-99041,Surinder M.,Male,20,8th Standard,Bakery & Confectionery,3,FICSI / National Council for Vocational Training,Certified,679,Commercial Dough Mixer|Rotary Deck Oven|Bread Slicer,A,Workplace Communication|Conflict Management,7229,Food Processing & Bakery,14500,Navi Mumbai|Mumbai City,Skill Training & Micro-enterprise,True,True,3951c762a01049...qr
SKL-2026-0042,UTP-2026-0042,PRIS-MH-01,Mumbai Central Prison (Arthur Road),Overcrowded,162.9,SID-MA-99042,Raju A.,Male,34,5th Standard,Garment Tailoring,3,Apparel Sector Skill Council / PMKVY,Certified,467,Single Needle Lockstitch|Overlock Machine|Pattern Cutting,B,Financial Literacy & Bank Account Operations,4620,Garment & Textile Manufacturing,15000,Mumbai Suburban|Navi Mumbai,Vocational Livelihood & Rehabilitation,False,True,fa7d945d78696...qr
SKL-2026-0043,UTP-2026-0043,PRIS-MH-01,Mumbai Central Prison (Arthur Road),Overcrowded,162.9,SID-MA-99043,Tushar A.,Male,41,Illiterate (Adult Literacy Enrolled),Leather Goods Fabrication,3,Leather Sector Skill Council (LSSC),Certified,490,Leather Skiving Machine|Heavy Duty Stitcher|Edge Burnisher,A,Team Coordination|Basic Numeracy,5822,Footwear & Leather Craft,15000,Navi Mumbai|Mumbai Suburban,Artisan Cooperatives & Reintegration,True,True,10e0ea513245ae...qr
SKL-2026-0044,UTP-2026-0044,PRIS-MH-01,Mumbai Central Prison (Arthur Road),Overcrowded,162.9,SID-MA-99044,Kishore M.,Male,19,5th Standard,Warehouse Packaging & Inventory,2,Logistics Sector Skill Council,Certified,386,Handheld Barcode Scanner|Shrink Wrap Machine|Inventory Tagging,A,Digital Ethics|Professional Email Writing,4340,Logistics & Supply Chain,13500,Navi Mumbai|Thane,Youth Livelihood & Logistics,True,True,2ada94d42a8e23...qr
SKL-2026-0045,UTP-2026-0045,PRIS-MH-01,Mumbai Central Prison (Arthur Road),Overcrowded,162.9,SID-MA-99045,Harish V.,Male,21,10th Standard,Domestic Electrician,3,Power Sector Skill Council / DGT,Certified,511,Single Phase Wiring|MCB Installation|Multimeter Testing,A,Team Coordination|Basic Numeracy,5657,Electrical & Facility Maintenance,15500,Mumbai Suburban|Thane,Technical Livelihoods & Vocational Training,True,True,11f3d7131203e9...qr
SKL-2026-0046,UTP-2026-0046,PRIS-MH-01,Mumbai Central Prison (Arthur Road),Overcrowded,162.9,SID-MA-99046,Subhash M.,Male,34,5th Standard,Domestic Electrician,3,Power Sector Skill Council / DGT,Assessment_Pending,661,Single Phase Wiring|MCB Installation|Multimeter Testing,B,Workplace Safety & Hazard Control,6332,Electrical & Facility Maintenance,15500,Thane|Mumbai City,Technical Livelihoods & Vocational Training,False,True,582efdf4dd26a1...qr
SKL-2026-0047,UTP-2026-0047,PRIS-MH-01,Mumbai Central Prison (Arthur Road),Overcrowded,162.9,SID-MA-99047,Mahesh T.,Male,40,Illiterate (Adult Literacy Enrolled),Organic Farming & Horticulture,3,Agriculture Skill Council of India (ASCI),In_Training,471,Drip Irrigation Setup|Composting Unit|Power Weeder,A,Workplace Communication|Conflict Management,4413,Agriculture & Rural Enterprise,14000,Navi Mumbai|Mumbai Suburban,Rural Development & Agro Livelihoods,False,True,3514d615730732...qr
SKL-2026-0048,UTP-2026-0048,PRIS-MH-01,Mumbai Central Prison (Arthur Road),Overcrowded,162.9,SID-MA-99048,Deepak K.,Male,25,Graduate (B.A./B.Com),Organic Farming & Horticulture,3,Agriculture Skill Council of India (ASCI),Certified,655,Drip Irrigation Setup|Composting Unit|Power Weeder,A,Food Safety & Hygiene|Time Management,8972,Agriculture & Rural Enterprise,14000,Navi Mumbai|Mumbai City,Rural Development & Agro Livelihoods,True,True,36b5129fc3d60...qr
SKL-2026-0049,UTP-2026-0049,PRIS-MH-01,Mumbai Central Prison (Arthur Road),Overcrowded,162.9,SID-MA-99049,Manish R.,Male,24,8th Standard,Warehouse Packaging & Inventory,2,Logistics Sector Skill Council,Certified,313,Handheld Barcode Scanner|Shrink Wrap Machine|Inventory Tagging,A,Customer Service & Professional Etiquette,3521,Logistics & Supply Chain,13500,Mumbai City|Navi Mumbai,Youth Livelihood & Logistics,True,True,342a7be462d0df...qr
SKL-2026-0050,UTP-2026-0050,PRIS-MH-01,Mumbai Central Prison (Arthur Road),Overcrowded,162.9,SID-MA-99050,Vicky R.,Male,55,9th Standard,Screen Printing & Packaging,2,Media & Entertainment Skill Council,In_Training,549,Manual Screen Press|UV Exposure Unit|Ink Mixing,A,Customer Service & Professional Etiquette,5112,Commercial Printing & Signage,13000,Mumbai Suburban|Mumbai City,Community Reintegration Support,False,True,179a76721f506f...qr
SKL-2026-0051,UTP-2026-0051,PRIS-MH-01,Mumbai Central Prison (Arthur Road),Overcrowded,162.9,SID-MA-99051,Neeta B.,Female,25,Illiterate (Adult Literacy Enrolled),Wood Furniture Making & Carpentry,3,Furniture & Fittings Skill Council (FFSC),Assessment_Pending,415,Circular Saw|Wood Surface Planer|Laminate Press,A,Anger Management Module|Stress Resilience,5102,Furniture Manufacturing & Carpentry,16000,Navi Mumbai|Mumbai Suburban,Vocational Training & Micro-enterprise,False,True,514776a2c8a101...qr
SKL-2026-0052,UTP-2026-0052,PRIS-MH-01,Mumbai Central Prison (Arthur Road),Overcrowded,162.9,SID-MA-99052,Satish T.,Male,22,Illiterate (Adult Literacy Enrolled),CNC Machine Operator,4,Capital Goods Skill Council / DGT,Certified,274,3-Axis CNC Lathe|G-Code Programming|Vernier Caliper,A,Financial Literacy & Bank Account Operations,2480,Industrial Tooling & Precision Machining,21000,Mumbai Suburban|Mumbai City,Technical Livelihoods & Industry Linkages,True,True,1dc0d1c3d9ef31...qr
SKL-2026-0053,UTP-2026-0053,PRIS-MH-01,Mumbai Central Prison (Arthur Road),Overcrowded,162.9,SID-MA-99053,Subhash C.,Male,22,5th Standard,Warehouse Packaging & Inventory,2,Logistics Sector Skill Council,Assessment_Pending,532,Handheld Barcode Scanner|Shrink Wrap Machine|Inventory Tagging,A,Digital Ethics|Professional Email Writing,7012,Logistics & Supply Chain,13500,Navi Mumbai|Mumbai Suburban,Youth Livelihood & Logistics,False,True,17f49d833dd434...qr
SKL-2026-0054,UTP-2026-0054,PRIS-MH-01,Mumbai Central Prison (Arthur Road),Overcrowded,162.9,SID-MA-99054,Rohit C.,Male,41,Illiterate (Adult Literacy Enrolled),Screen Printing & Packaging,2,Media & Entertainment Skill Council,Certified,591,Manual Screen Press|UV Exposure Unit|Ink Mixing,A,Food Safety & Hygiene|Time Management,6536,Commercial Printing & Signage,13000,Mumbai Suburban|Navi Mumbai,Community Reintegration Support,True,True,31578811890e2a...qr
SKL-2026-0055,UTP-2026-0055,PRIS-MH-01,Mumbai Central Prison (Arthur Road),Overcrowded,162.9,SID-MA-99055,Vikram M.,Male,21,5th Standard,Data Entry & Office Automation,4,NIELIT / State Skill Development Mission,Certified,289,Typing 40+ WPM|MS Excel Fundamentals|Tally Prime Basics,A,Financial Literacy & Bank Account Operations,2601,IT & Office Administration,17500,Navi Mumbai|Mumbai City,Youth Employment & Digital Literacy,True,True,4b3b82f3eb609e...qr
SKL-2026-0056,UTP-2026-0056,PRIS-MH-01,Mumbai Central Prison (Arthur Road),Overcrowded,162.9,SID-MA-99056,Santosh M.,Male,37,5th Standard,Leather Goods Fabrication,3,Leather Sector Skill Council (LSSC),In_Training,491,Leather Skiving Machine|Heavy Duty Stitcher|Edge Burnisher,B,Customer Service & Professional Etiquette,5187,Footwear & Leather Craft,15000,Mumbai Suburban|Thane,Artisan Cooperatives & Reintegration,False,True,18b8c722061a14...qr
SKL-2026-0057,UTP-2026-0057,PRIS-MH-01,Mumbai Central Prison (Arthur Road),Overcrowded,162.9,SID-MA-99057,Kishore M.,Male,40,Illiterate (Adult Literacy Enrolled),Screen Printing & Packaging,2,Media & Entertainment Skill Council,Certified,595,Manual Screen Press|UV Exposure Unit|Ink Mixing,A,Workplace Communication|Conflict Management,6373,Commercial Printing & Signage,13000,Mumbai Suburban|Thane,Community Reintegration Support,True,True,10c2f6e1b795e6...qr
SKL-2026-0058,UTP-2026-0058,PRIS-MH-01,Mumbai Central Prison (Arthur Road),Overcrowded,162.9,SID-MA-99058,Vikram S.,Male,24,10th Standard,Data Entry & Office Automation,4,NIELIT / State Skill Development Mission,Certified,646,Typing 40+ WPM|MS Excel Fundamentals|Tally Prime Basics,A,Digital Ethics|Professional Email Writing,8353,IT & Office Administration,17500,Mumbai City|Thane,Youth Employment & Digital Literacy,True,True,3ed989350de942...qr
SKL-2026-0059,UTP-2026-0059,PRIS-MH-01,Mumbai Central Prison (Arthur Road),Overcrowded,162.9,SID-MA-99059,Ashok S.,Male,23,10th Standard,Bakery & Confectionery,3,FICSI / National Council for Vocational Training,In_Training,667,Commercial Dough Mixer|Rotary Deck Oven|Bread Slicer,A,Anger Management Module|Stress Resilience,7124,Food Processing & Bakery,14500,Mumbai Suburban|Thane,Skill Training & Micro-enterprise,False,True,2dc4b0a3a42ee2...qr
SKL-2026-0060,UTP-2026-0060,PRIS-MH-01,Mumbai Central Prison (Arthur Road),Overcrowded,162.9,SID-MA-99060,Raju V.,Male,33,8th Standard,Domestic Electrician,3,Power Sector Skill Council / DGT,Certified,588,Single Phase Wiring|MCB Installation|Multimeter Testing,A,Financial Literacy & Bank Account Operations,8123,Electrical & Facility Maintenance,15500,Navi Mumbai|Mumbai Suburban,Technical Livelihoods & Vocational Training,True,True,369d83d1f33e7b...qr
SKL-2026-0061,UTP-2026-0061,PRIS-MH-01,Mumbai Central Prison (Arthur Road),Overcrowded,162.9,SID-MA-99061,Rakesh C.,Male,60,Illiterate (Adult Literacy Enrolled),Leather Goods Fabrication,3,Leather Sector Skill Council (LSSC),Certified,402,Leather Skiving Machine|Heavy Duty Stitcher|Edge Burnisher,C,Workplace Communication|Conflict Management,4527,Footwear & Leather Craft,15000,Navi Mumbai|Mumbai City,Artisan Cooperatives & Reintegration,False,True,15dd6b74ca8779...qr
SKL-2026-0062,UTP-2026-0062,PRIS-MH-01,Mumbai Central Prison (Arthur Road),Overcrowded,162.9,SID-MA-99062,Sachin R.,Male,23,Graduate (B.A./B.Com),Screen Printing & Packaging,2,Media & Entertainment Skill Council,Assessment_Pending,661,Manual Screen Press|UV Exposure Unit|Ink Mixing,B,Anger Management Module|Stress Resilience,6387,Commercial Printing & Signage,13000,Navi Mumbai|Mumbai Suburban,Community Reintegration Support,False,False,130da4b2d6cab4...qr
SKL-2026-0063,UTP-2026-0063,PRIS-MH-01,Mumbai Central Prison (Arthur Road),Overcrowded,162.9,SID-MA-99063,Satish T.,M,55,5th Standard,Bakery & Confectionery,3,FICSI / National Council for Vocational Training,In_Training,680,Commercial Dough Mixer|Rotary Deck Oven|Bread Slicer,A,Team Coordination|Basic Numeracy,5890,Food Processing & Bakery,14500,Thane|Mumbai Suburban,Skill Training & Micro-enterprise,False,True,3714a0a505358a...qr
SKL-2026-0064,UTP-2026-0064,PRIS-MH-01,Mumbai Central Prison (Arthur Road),Overcrowded,162.9,SID-MA-99064,Pankaj K.,Male,24,8th Standard,CNC Machine Operator,4,Capital Goods Skill Council / DGT,Certified,263,3-Axis CNC Lathe|G-Code Programming|Vernier Caliper,A,Team Coordination|Basic Numeracy,3484,Industrial Tooling & Precision Machining,21000,Mumbai City|Mumbai Suburban,Technical Livelihoods & Industry Linkages,True,True,1460d7051284cb...qr
SKL-2026-0065,UTP-2026-0065,PRIS-MH-01,Mumbai Central Prison (Arthur Road),Overcrowded,162.9,SID-MA-99065,Rahul T.,Male,22,5th Standard,Screen Printing & Packaging,2,Media & Entertainment Skill Council,In_Training,487,Manual Screen Press|UV Exposure Unit|Ink Mixing,A,Digital Ethics|Professional Email Writing,4944,Commercial Printing & Signage,13000,Mumbai Suburban|Navi Mumbai,Community Reintegration Support,False,True,3c82ebb3262e8c...qr
SKL-2026-0066,UTP-2026-0066,PRIS-MH-01,Mumbai Central Prison (Arthur Road),Overcrowded,162.9,SID-MA-99066,Manish M.,Male,25,9th Standard,Wood Furniture Making & Carpentry,3,Furniture & Fittings Skill Council (FFSC),Certified,625,Circular Saw|Wood Surface Planer|Laminate Press,A,Financial Literacy & Bank Account Operations,7313,Furniture Manufacturing & Carpentry,16000,Navi Mumbai|Thane,Vocational Training & Micro-enterprise,True,False,378e77f4e42bdd...qr
SKL-2026-0067,UTP-2026-0067,PRIS-MH-01,Mumbai Central Prison (Arthur Road),Overcrowded,162.9,SID-MA-99067,Karan P.,Male,24,Illiterate (Adult Literacy Enrolled),CNC Machine Operator,4,Capital Goods Skill Council / DGT,Assessment_Pending,506,3-Axis CNC Lathe|G-Code Programming|Vernier Caliper,A,Food Safety & Hygiene|Time Management,4624,Industrial Tooling & Precision Machining,21000,Mumbai Suburban|Navi Mumbai,Technical Livelihoods & Industry Linkages,False,True,43d1bef240408e...qr
SKL-2026-0068,UTP-2026-0068,PRIS-MH-01,Mumbai Central Prison (Arthur Road),Overcrowded,162.9,SID-MA-99068,Raju C.,Male,20,12th Standard,Screen Printing & Packaging,2,Media & Entertainment Skill Council,Certified,482,Manual Screen Press|UV Exposure Unit|Ink Mixing,A,Anger Management Module|Stress Resilience,4642,Commercial Printing & Signage,13000,Mumbai City|Thane,Community Reintegration Support,True,True,4e422f72177b4c...qr
SKL-2026-0069,UTP-2026-0069,PRIS-MH-01,Mumbai Central Prison (Arthur Road),Overcrowded,162.9,SID-MA-99069,Sachin D.,Male,26,9th Standard,Leather Goods Fabrication,3,Leather Sector Skill Council (LSSC),Certified,479,Leather Skiving Machine|Heavy Duty Stitcher|Edge Burnisher,A,Digital Ethics|Professional Email Writing,5533,Footwear & Leather Craft,15000,Navi Mumbai|Mumbai Suburban,Artisan Cooperatives & Reintegration,True,True,31cd9064343ce5...qr
SKL-2026-0070,UTP-2026-0070,PRIS-MH-01,Mumbai Central Prison (Arthur Road),Overcrowded,162.9,SID-MA-99070,Raju M.,M,25,8th Standard,Organic Farming & Horticulture,3,Agriculture Skill Council of India (ASCI),Certified,287,Drip Irrigation Setup|Composting Unit|Power Weeder,A,Team Coordination|Basic Numeracy,3295,Agriculture & Rural Enterprise,14000,Mumbai City|Thane,Rural Development & Agro Livelihoods,True,True,25829693ff4e00...qr
SKL-2026-0071,UTP-2026-0071,PRIS-MH-01,Mumbai Central Prison (Arthur Road),Overcrowded,162.9,SID-MA-99071,Rahul V.,Male,25,Graduate (B.A./B.Com),Warehouse Packaging & Inventory,2,Logistics Sector Skill Council,Certified,544,Handheld Barcode Scanner|Shrink Wrap Machine|Inventory Tagging,B,Food Safety & Hygiene|Time Management,5029,Logistics & Supply Chain,13500,Navi Mumbai|Mumbai City,Youth Livelihood & Logistics,False,True,5d7dd0c19c7471...qr
SKL-2026-0072,UTP-2026-0072,PRIS-MH-01,Mumbai Central Prison (Arthur Road),Overcrowded,162.9,SID-MA-99072,Balu S.,Male,25,9th Standard,Organic Farming & Horticulture,3,Agriculture Skill Council of India (ASCI),Certified,646,Drip Irrigation Setup|Composting Unit|Power Weeder,A,Customer Service & Professional Etiquette,6264,Agriculture & Rural Enterprise,14000,Navi Mumbai|Mumbai City,Rural Development & Agro Livelihoods,True,True,32dd0d22dd62f2...qr
SKL-2026-0073,UTP-2026-0073,PRIS-MH-01,Mumbai Central Prison (Arthur Road),Overcrowded,162.9,SID-MA-99073,Satish D.,Male,25,Illiterate (Adult Literacy Enrolled),Warehouse Packaging & Inventory,2,Logistics Sector Skill Council,Certified,664,Handheld Barcode Scanner|Shrink Wrap Machine|Inventory Tagging,A,Customer Service & Professional Etiquette,7928,Logistics & Supply Chain,13500,Mumbai Suburban|Navi Mumbai,Youth Livelihood & Logistics,True,True,15b86299ad009...qr
SKL-2026-0074,UTP-2026-0074,PRIS-MH-01,Mumbai Central Prison (Arthur Road),Overcrowded,162.9,SID-MA-99074,Pravin D.,Male,18,9th Standard,Screen Printing & Packaging,2,Media & Entertainment Skill Council,Certified,602,Manual Screen Press|UV Exposure Unit|Ink Mixing,A,Digital Ethics|Professional Email Writing,8162,Commercial Printing & Signage,13000,Navi Mumbai|Mumbai City,Community Reintegration Support,True,True,16657271b755b5...qr
SKL-2026-0075,UTP-2026-0075,PRIS-MH-01,Mumbai Central Prison (Arthur Road),Overcrowded,162.9,SID-MA-99075,Mohan K.,Male,21,8th Standard,Bakery & Confectionery,3,FICSI / National Council for Vocational Training,Assessment_Pending,690,Commercial Dough Mixer|Rotary Deck Oven|Bread Slicer,B,Digital Ethics|Professional Email Writing,7333,Food Processing & Bakery,14500,Navi Mumbai|Mumbai Suburban,Skill Training & Micro-enterprise,False,True,1fa6be645d39d0...qr
SKL-2026-0076,UTP-2026-0076,PRIS-MH-01,Mumbai Central Prison (Arthur Road),Overcrowded,162.9,SID-MA-99076,Pravin P.,male,26,9th Standard,Leather Goods Fabrication,3,Leather Sector Skill Council (LSSC),In_Training,575,Leather Skiving Machine|Heavy Duty Stitcher|Edge Burnisher,B,Workplace Safety & Hazard Control,7097,Footwear & Leather Craft,15000,Mumbai Suburban|Mumbai City,Artisan Cooperatives & Reintegration,False,False,28d484d14926d5...qr
SKL-2026-0077,UTP-2026-0077,PRIS-MH-01,Mumbai Central Prison (Arthur Road),Overcrowded,162.9,SID-MA-99077,Tushar D.,Male,40,Illiterate (Adult Literacy Enrolled),Bakery & Confectionery,3,FICSI / National Council for Vocational Training,Assessment_Pending,566,Commercial Dough Mixer|Rotary Deck Oven|Bread Slicer,A,Team Coordination|Basic Numeracy,4983,Food Processing & Bakery,14500,Mumbai Suburban|Navi Mumbai,Skill Training & Micro-enterprise,False,True,16b564f52ff5d5...qr
SKL-2026-0078,UTP-2026-0078,PRIS-MH-01,Mumbai Central Prison (Arthur Road),Overcrowded,162.9,SID-MA-99078,Tushar S.,male,31,Illiterate (Adult Literacy Enrolled),Data Entry & Office Automation,4,NIELIT / State Skill Development Mission,Certified,211,Typing 40+ WPM|MS Excel Fundamentals|Tally Prime Basics,A,Financial Literacy & Bank Account Operations,2798,IT & Office Administration,17500,Thane|Mumbai Suburban,Youth Employment & Digital Literacy,True,True,440010aa8e8a4...qr
SKL-2026-0079,UTP-2026-0079,PRIS-MH-01,Mumbai Central Prison (Arthur Road),Overcrowded,162.9,SID-MA-99079,Vikram T.,Male,23,Graduate (B.A./B.Com),CNC Machine Operator,4,Capital Goods Skill Council / DGT,Certified,682,3-Axis CNC Lathe|G-Code Programming|Vernier Caliper,C,Digital Ethics|Professional Email Writing,8466,Industrial Tooling & Precision Machining,21000,Mumbai City|Navi Mumbai,Technical Livelihoods & Industry Linkages,False,True,4c10e053e68739...qr
SKL-2026-0080,UTP-2026-0080,PRIS-MH-01,Mumbai Central Prison (Arthur Road),Overcrowded,162.9,SID-MA-99080,Vinod D.,Male,21,Illiterate (Adult Literacy Enrolled),Screen Printing & Packaging,2,Media & Entertainment Skill Council,Certified,491,Manual Screen Press|UV Exposure Unit|Ink Mixing,A,Food Safety & Hygiene|Time Management,5620,Commercial Printing & Signage,13000,Mumbai Suburban|Navi Mumbai,Community Reintegration Support,True,True,2b752f918e2bbd...qr
SKL-2026-0081,UTP-2026-0081,PRIS-MH-01,Mumbai Central Prison (Arthur Road),Overcrowded,162.9,SID-MA-99081,Anil S.,Male,25,5th Standard,Leather Goods Fabrication,3,Leather Sector Skill Council (LSSC),Certified,573,Leather Skiving Machine|Heavy Duty Stitcher|Edge Burnisher,A,Workplace Safety & Hazard Control,7761,Footwear & Leather Craft,15000,Mumbai City|Navi Mumbai,Artisan Cooperatives & Reintegration,True,True,22d94a05c391ad...qr
SKL-2026-0082,UTP-2026-0082,PRIS-MH-01,Mumbai Central Prison (Arthur Road),Overcrowded,162.9,SID-MA-99082,Balu K.,Male,19,8th Standard,CNC Machine Operator,4,Capital Goods Skill Council / DGT,Certified,460,3-Axis CNC Lathe|G-Code Programming|Vernier Caliper,A,Anger Management Module|Stress Resilience,5505,Industrial Tooling & Precision Machining,21000,Mumbai City|Mumbai Suburban,Technical Livelihoods & Industry Linkages,True,True,3780cab46efb4b...qr
SKL-2026-0083,UTP-2026-0083,PRIS-MH-01,Mumbai Central Prison (Arthur Road),Overcrowded,162.9,SID-MA-99083,Manish M.,Male,21,Illiterate (Adult Literacy Enrolled),Data Entry & Office Automation,4,NIELIT / State Skill Development Mission,Certified,631,Typing 40+ WPM|MS Excel Fundamentals|Tally Prime Basics,A,Workplace Communication|Conflict Management,7804,IT & Office Administration,17500,Thane|Navi Mumbai,Youth Employment & Digital Literacy,True,True,519d5bb21a1726...qr
SKL-2026-0084,UTP-2026-0084,PRIS-MH-01,Mumbai Central Prison (Arthur Road),Overcrowded,162.9,SID-MA-99084,Manish M.,Male,22,5th Standard,Wood Furniture Making & Carpentry,3,Furniture & Fittings Skill Council (FFSC),Assessment_Pending,605,Circular Saw|Wood Surface Planer|Laminate Press,A,Financial Literacy & Bank Account Operations,7302,Furniture Manufacturing & Carpentry,16000,Mumbai Suburban|Thane,Vocational Training & Micro-enterprise,False,True,58176c13735dda...qr
SKL-2026-0085,UTP-2026-0085,PRIS-MH-01,Mumbai Central Prison (Arthur Road),Overcrowded,162.9,SID-MA-99085,Mohan S.,Male,34,12th Standard,Bakery & Confectionery,3,FICSI / National Council for Vocational Training,Certified,604,Commercial Dough Mixer|Rotary Deck Oven|Bread Slicer,A,Workplace Communication|Conflict Management,6015,Food Processing & Bakery,14500,Mumbai Suburban|Thane,Skill Training & Micro-enterprise,True,True,2a6392d175d7be...qr
SKL-2026-0086,UTP-2026-0086,PRIS-MH-01,Mumbai Central Prison (Arthur Road),Overcrowded,162.9,SID-MA-99086,Santosh G.,Male,23,5th Standard,Bakery & Confectionery,3,FICSI / National Council for Vocational Training,In_Training,326,Commercial Dough Mixer|Rotary Deck Oven|Bread Slicer,B,Food Safety & Hygiene|Time Management,3376,Food Processing & Bakery,14500,Navi Mumbai|Thane,Skill Training & Micro-enterprise,False,False,d80fdd40bf025...qr
SKL-2026-0087,UTP-2026-0087,PRIS-MH-01,Mumbai Central Prison (Arthur Road),Overcrowded,162.9,SID-MA-99087,Mahesh R.,Male,21,Illiterate (Adult Literacy Enrolled),Domestic Electrician,3,Power Sector Skill Council / DGT,Certified,255,Single Phase Wiring|MCB Installation|Multimeter Testing,B,Workplace Safety & Hazard Control,3268,Electrical & Facility Maintenance,15500,Navi Mumbai|Mumbai Suburban,Technical Livelihoods & Vocational Training,False,True,2b751201533c78...qr
SKL-2026-0088,UTP-2026-0088,PRIS-MH-01,Mumbai Central Prison (Arthur Road),Overcrowded,162.9,SID-MA-99088,Ashok K.,Male,19,5th Standard,Organic Farming & Horticulture,3,Agriculture Skill Council of India (ASCI),Certified,647,Drip Irrigation Setup|Composting Unit|Power Weeder,A,Digital Ethics|Professional Email Writing,5927,Agriculture & Rural Enterprise,14000,Navi Mumbai|Mumbai City,Rural Development & Agro Livelihoods,True,True,1eef0fd24a89f7...qr
SKL-2026-0089,UTP-2026-0089,PRIS-MH-01,Mumbai Central Prison (Arthur Road),Overcrowded,162.9,SID-MA-99089,Balu S.,Male,26,9th Standard,Screen Printing & Packaging,2,Media & Entertainment Skill Council,In_Training,675,Manual Screen Press|UV Exposure Unit|Ink Mixing,B,Food Safety & Hygiene|Time Management,8654,Commercial Printing & Signage,13000,Thane|Mumbai Suburban,Community Reintegration Support,False,True,5d597d147b10c7...qr
SKL-2026-0090,UTP-2026-0090,PRIS-MH-01,Mumbai Central Prison (Arthur Road),Overcrowded,162.9,SID-MA-99090,Subhash S.,Male,40,10th Standard,Organic Farming & Horticulture,3,Agriculture Skill Council of India (ASCI),Certified,604,Drip Irrigation Setup|Composting Unit|Power Weeder,A,Food Safety & Hygiene|Time Management,5758,Agriculture & Rural Enterprise,14000,Mumbai Suburban|Navi Mumbai,Rural Development & Agro Livelihoods,True,True,4ba61fe3965b22...qr
SKL-2026-0091,UTP-2026-0091,PRIS-MH-01,Mumbai Central Prison (Arthur Road),Overcrowded,162.9,SID-MA-99091,Dharmendra A.,Male,34,8th Standard,Screen Printing & Packaging,2,Media & Entertainment Skill Council,Assessment_Pending,503,Manual Screen Press|UV Exposure Unit|Ink Mixing,A,Team Coordination|Basic Numeracy,4727,Commercial Printing & Signage,13000,Thane|Navi Mumbai,Community Reintegration Support,False,True,151b5e62e068f4...qr
SKL-2026-0092,UTP-2026-0092,PRIS-MH-01,Mumbai Central Prison (Arthur Road),Overcrowded,162.9,SID-MA-99092,Sunita K.,Female,41,9th Standard,Wood Furniture Making & Carpentry,3,Furniture & Fittings Skill Council (FFSC),In_Training,467,Circular Saw|Wood Surface Planer|Laminate Press,A,Team Coordination|Basic Numeracy,5411,Furniture Manufacturing & Carpentry,16000,Thane|Mumbai Suburban,Vocational Training & Micro-enterprise,False,True,473302c11b5380...qr
SKL-2026-0093,UTP-2026-0093,PRIS-MH-01,Mumbai Central Prison (Arthur Road),Overcrowded,162.9,SID-MA-99093,Suraj C.,Male,42,10th Standard,Screen Printing & Packaging,2,Media & Entertainment Skill Council,Certified,347,Manual Screen Press|UV Exposure Unit|Ink Mixing,A,Anger Management Module|Stress Resilience,4259,Commercial Printing & Signage,13000,Navi Mumbai|Thane,Community Reintegration Support,True,True,2ff630b1f4b877...qr
SKL-2026-0094,UTP-2026-0094,PRIS-MH-01,Mumbai Central Prison (Arthur Road),Overcrowded,162.9,SID-MA-99094,Vijay K.,Male,40,8th Standard,Leather Goods Fabrication,3,Leather Sector Skill Council (LSSC),Certified,653,Leather Skiving Machine|Heavy Duty Stitcher|Edge Burnisher,A,Anger Management Module|Stress Resilience,6781,Footwear & Leather Craft,15000,Navi Mumbai|Mumbai City,Artisan Cooperatives & Reintegration,True,True,209f56313e16fb...qr
SKL-2026-0095,UTP-2026-0095,PRIS-MH-01,Mumbai Central Prison (Arthur Road),Overcrowded,162.9,SID-MA-99095,Nitin G.,male,25,Illiterate (Adult Literacy Enrolled),Domestic Electrician,3,Power Sector Skill Council / DGT,In_Training,423,Single Phase Wiring|MCB Installation|Multimeter Testing,A,Workplace Safety & Hazard Control,3984,Electrical & Facility Maintenance,15500,Mumbai City|Mumbai Suburban,Technical Livelihoods & Vocational Training,False,True,43e53314c22378...qr
SKL-2026-0096,UTP-2026-0096,PRIS-MH-01,Mumbai Central Prison (Arthur Road),Overcrowded,162.9,SID-MA-99096,Sunil B.,Male,26,9th Standard,Bakery & Confectionery,3,FICSI / National Council for Vocational Training,Certified,590,Commercial Dough Mixer|Rotary Deck Oven|Bread Slicer,A,Customer Service & Professional Etiquette,5416,Food Processing & Bakery,14500,Thane|Mumbai Suburban,Skill Training & Micro-enterprise,True,True,23d71045a3772c...qr
SKL-2026-0097,UTP-2026-0097,PRIS-MH-01,Mumbai Central Prison (Arthur Road),Overcrowded,162.9,SID-MA-99097,Aarti T.,Female,24,Illiterate (Adult Literacy Enrolled),Garment Tailoring,3,Apparel Sector Skill Council / PMKVY,Certified,284,Single Needle Lockstitch|Overlock Machine|Pattern Cutting,A,Financial Literacy & Bank Account Operations,2646,Garment & Textile Manufacturing,15000,Mumbai City|Thane,Vocational Livelihood & Rehabilitation,True,True,16807e12a4a7a8...qr
SKL-2026-0098,UTP-2026-0098,PRIS-MH-01,Mumbai Central Prison (Arthur Road),Overcrowded,162.9,SID-MA-99098,Rohit V.,Male,41,Illiterate (Adult Literacy Enrolled),Organic Farming & Horticulture,3,Agriculture Skill Council of India (ASCI),Certified,646,Drip Irrigation Setup|Composting Unit|Power Weeder,A,Digital Ethics|Professional Email Writing,5892,Agriculture & Rural Enterprise,14000,Mumbai City|Navi Mumbai,Rural Development & Agro Livelihoods,True,True,55271cb4751b21...qr
SKL-2026-0099,UTP-2026-0099,PRIS-MH-01,Mumbai Central Prison (Arthur Road),Overcrowded,162.9,SID-MA-99099,Chetan K.,Male,41,8th Standard,Domestic Electrician,3,Power Sector Skill Council / DGT,Certified,572,Single Phase Wiring|MCB Installation|Multimeter Testing,A,Workplace Communication|Conflict Management,4898,Electrical & Facility Maintenance,15500,Mumbai Suburban|Thane,Technical Livelihoods & Vocational Training,True,True,4900ecd1eb55c4...qr
SKL-2026-0100,UTP-2026-0100,PRIS-MH-01,Mumbai Central Prison (Arthur Road),Overcrowded,162.9,SID-MA-99100,Manish G.,Male,22,9th Standard,Screen Printing & Packaging,2,Media & Entertainment Skill Council,In_Training,540,Manual Screen Press|UV Exposure Unit|Ink Mixing,A,Financial Literacy & Bank Account Operations,7412,Commercial Printing & Signage,13000,Thane|Mumbai City,Community Reintegration Support,False,True,43b526a34077c3...qr
SKL-2026-0101,UTP-2026-0101,PRIS-MH-01,Mumbai Central Prison (Arthur Road),Overcrowded,162.9,SID-MA-99101,Harish R.,Male,34,10th Standard,Domestic Electrician,3,Power Sector Skill Council / DGT,Certified,475,Single Phase Wiring|MCB Installation|Multimeter Testing,B,Food Safety & Hygiene|Time Management,6054,Electrical & Facility Maintenance,15500,Navi Mumbai|Mumbai Suburban,Technical Livelihoods & Vocational Training,False,True,4a12f3d1ac528b...qr
SKL-2026-0102,UTP-2026-0102,PRIS-MH-01,Mumbai Central Prison (Arthur Road),Overcrowded,162.9,SID-MA-99102,Rajesh M.,Male,24,8th Standard,Wood Furniture Making & Carpentry,3,Furniture & Fittings Skill Council (FFSC),Certified,474,Circular Saw|Wood Surface Planer|Laminate Press,C,Team Coordination|Basic Numeracy,5884,Furniture Manufacturing & Carpentry,16000,Mumbai Suburban|Mumbai City,Vocational Training & Micro-enterprise,False,False,2461459596e213...qr
SKL-2026-0103,UTP-2026-0103,PRIS-MH-01,Mumbai Central Prison (Arthur Road),Overcrowded,162.9,SID-MA-99103,Raju B.,Male,42,Illiterate (Adult Literacy Enrolled),Domestic Electrician,3,Power Sector Skill Council / DGT,In_Training,689,Single Phase Wiring|MCB Installation|Multimeter Testing,A,Digital Ethics|Professional Email Writing,9037,Electrical & Facility Maintenance,15500,Thane|Mumbai City,Technical Livelihoods & Vocational Training,False,True,dac0593772b65...qr
SKL-2026-0104,UTP-2026-0104,PRIS-MH-01,Mumbai Central Prison (Arthur Road),Overcrowded,162.9,SID-MA-99104,Gopal R.,Male,40,Illiterate (Adult Literacy Enrolled),Bakery & Confectionery,3,FICSI / National Council for Vocational Training,Certified,520,Commercial Dough Mixer|Rotary Deck Oven|Bread Slicer,A,Customer Service & Professional Etiquette,5218,Food Processing & Bakery,14500,Thane|Mumbai City,Skill Training & Micro-enterprise,True,True,2a2dc68a4262d...qr
SKL-2026-0105,UTP-2026-0105,PRIS-MH-01,Mumbai Central Prison (Arthur Road),Overcrowded,162.9,SID-MA-99105,Vicky S.,Male,26,5th Standard,Warehouse Packaging & Inventory,2,Logistics Sector Skill Council,Assessment_Pending,563,Handheld Barcode Scanner|Shrink Wrap Machine|Inventory Tagging,A,Workplace Communication|Conflict Management,5140,Logistics & Supply Chain,13500,Thane|Mumbai Suburban,Youth Livelihood & Logistics,False,True,5bbf1fe581729e...qr
SKL-2026-0106,UTP-2026-0106,PRIS-MH-01,Mumbai Central Prison (Arthur Road),Overcrowded,162.9,SID-MA-99106,Rahul M.,M,37,12th Standard,Domestic Electrician,3,Power Sector Skill Council / DGT,Certified,278,Single Phase Wiring|MCB Installation|Multimeter Testing,A,Customer Service & Professional Etiquette,3351,Electrical & Facility Maintenance,15500,Mumbai City|Thane,Technical Livelihoods & Vocational Training,True,True,c93be244514c7...qr
SKL-2026-0107,UTP-2026-0107,PRIS-MH-01,Mumbai Central Prison (Arthur Road),Overcrowded,162.9,SID-MA-99107,Ajay K.,Male,20,9th Standard,Wood Furniture Making & Carpentry,3,Furniture & Fittings Skill Council (FFSC),Certified,671,Circular Saw|Wood Surface Planer|Laminate Press,A,Workplace Communication|Conflict Management,7452,Furniture Manufacturing & Carpentry,16000,Mumbai Suburban|Mumbai City,Vocational Training & Micro-enterprise,True,True,4f63b4a2f4b42b...qr
SKL-2026-0108,UTP-2026-0108,PRIS-MH-01,Mumbai Central Prison (Arthur Road),Overcrowded,162.9,SID-MA-99108,Vicky V.,Male,40,Illiterate (Adult Literacy Enrolled),Data Entry & Office Automation,4,NIELIT / State Skill Development Mission,Certified,641,Typing 40+ WPM|MS Excel Fundamentals|Tally Prime Basics,A,Digital Ethics|Professional Email Writing,7814,IT & Office Administration,17500,Mumbai City|Thane,Youth Employment & Digital Literacy,True,True,4fe4d0f12e6352...qr
SKL-2026-0109,UTP-2026-0109,PRIS-MH-01,Mumbai Central Prison (Arthur Road),Overcrowded,162.9,SID-MA-99109,Pravin Y.,Male,22,Illiterate (Adult Literacy Enrolled),Leather Goods Fabrication,3,Leather Sector Skill Council (LSSC),Certified,586,Leather Skiving Machine|Heavy Duty Stitcher|Edge Burnisher,A,Financial Literacy & Bank Account Operations,6472,Footwear & Leather Craft,15000,Thane|Mumbai Suburban,Artisan Cooperatives & Reintegration,True,True,1777a2520090af...qr
SKL-2026-0110,UTP-2026-0110,PRIS-MH-01,Mumbai Central Prison (Arthur Road),Overcrowded,162.9,SID-MA-99110,Karan S.,Male,35,10th Standard,Screen Printing & Packaging,2,Media & Entertainment Skill Council,Certified,498,Manual Screen Press|UV Exposure Unit|Ink Mixing,A,Customer Service & Professional Etiquette,5229,Commercial Printing & Signage,13000,Mumbai City|Thane,Community Reintegration Support,True,True,58222311ec3c48...qr
SKL-2026-0111,UTP-2026-0111,PRIS-MH-01,Mumbai Central Prison (Arthur Road),Overcrowded,162.9,SID-MA-99111,Balu D.,Male,41,9th Standard,CNC Machine Operator,4,Capital Goods Skill Council / DGT,Certified,609,3-Axis CNC Lathe|G-Code Programming|Vernier Caliper,A,Digital Ethics|Professional Email Writing,6438,Industrial Tooling & Precision Machining,21000,Navi Mumbai|Mumbai Suburban,Technical Livelihoods & Industry Linkages,True,True,137ffc04bab6a8...qr
SKL-2026-0112,UTP-2026-0112,PRIS-MH-01,Mumbai Central Prison (Arthur Road),Overcrowded,162.9,SID-MA-99112,Manoj M.,Male,25,8th Standard,Bakery & Confectionery,3,FICSI / National Council for Vocational Training,Certified,361,Commercial Dough Mixer|Rotary Deck Oven|Bread Slicer,B,Customer Service & Professional Etiquette,3113,Food Processing & Bakery,14500,Mumbai City|Navi Mumbai,Skill Training & Micro-enterprise,False,False,52f1698555b745...qr
SKL-2026-0113,UTP-2026-0113,PRIS-MH-01,Mumbai Central Prison (Arthur Road),Overcrowded,162.9,SID-MA-99113,Dharmendra S.,Male,26,ITI Diploma,Warehouse Packaging & Inventory,2,Logistics Sector Skill Council,Certified,241,Handheld Barcode Scanner|Shrink Wrap Machine|Inventory Tagging,A,Digital Ethics|Professional Email Writing,2192,Logistics & Supply Chain,13500,Mumbai Suburban|Thane,Youth Livelihood & Logistics,True,True,4a184253f453fc...qr
SKL-2026-0114,UTP-2026-0114,PRIS-MH-01,Mumbai Central Prison (Arthur Road),Overcrowded,162.9,SID-MA-99114,Surinder P.,Male,41,5th Standard,Leather Goods Fabrication,3,Leather Sector Skill Council (LSSC),In_Training,665,Leather Skiving Machine|Heavy Duty Stitcher|Edge Burnisher,B,Food Safety & Hygiene|Time Management,7208,Footwear & Leather Craft,15000,Thane|Mumbai Suburban,Artisan Cooperatives & Reintegration,False,True,1443f0d2dcb7d0...qr
SKL-2026-0115,UTP-2026-0115,PRIS-MH-01,Mumbai Central Prison (Arthur Road),Overcrowded,162.9,SID-MA-99115,Rakesh B.,male,31,8th Standard,CNC Machine Operator,4,Capital Goods Skill Council / DGT,Assessment_Pending,546,3-Axis CNC Lathe|G-Code Programming|Vernier Caliper,A,Customer Service & Professional Etiquette,6850,Industrial Tooling & Precision Machining,21000,Mumbai City|Thane,Technical Livelihoods & Industry Linkages,False,True,1e3f1bd165f560...qr
SKL-2026-0116,UTP-2026-0116,PRIS-MH-01,Mumbai Central Prison (Arthur Road),Overcrowded,162.9,SID-MA-99116,Kishore A.,Male,40,9th Standard,Data Entry & Office Automation,4,NIELIT / State Skill Development Mission,Certified,355,Typing 40+ WPM|MS Excel Fundamentals|Tally Prime Basics,A,Workplace Safety & Hazard Control,3397,IT & Office Administration,17500,Mumbai Suburban|Thane,Youth Employment & Digital Literacy,True,True,e270eb37955dd...qr
SKL-2026-0117,UTP-2026-0117,PRIS-MH-01,Mumbai Central Prison (Arthur Road),Overcrowded,162.9,SID-MA-99117,Rajesh K.,Male,24,Illiterate (Adult Literacy Enrolled),CNC Machine Operator,4,Capital Goods Skill Council / DGT,Certified,413,3-Axis CNC Lathe|G-Code Programming|Vernier Caliper,B,Workplace Safety & Hazard Control,5500,Industrial Tooling & Precision Machining,21000,Thane|Navi Mumbai,Technical Livelihoods & Industry Linkages,False,True,39cd92a519f50a...qr
SKL-2026-0118,UTP-2026-0118,PRIS-MH-01,Mumbai Central Prison (Arthur Road),Overcrowded,162.9,SID-MA-99118,Rahul S.,Male,41,Illiterate (Adult Literacy Enrolled),Warehouse Packaging & Inventory,2,Logistics Sector Skill Council,Assessment_Pending,504,Handheld Barcode Scanner|Shrink Wrap Machine|Inventory Tagging,A,Workplace Safety & Hazard Control,4790,Logistics & Supply Chain,13500,Mumbai Suburban|Navi Mumbai,Youth Livelihood & Logistics,False,True,279957f28851d3...qr
SKL-2026-0119,UTP-2026-0119,PRIS-MH-01,Mumbai Central Prison (Arthur Road),Overcrowded,162.9,SID-MA-99119,Amit S.,Male,34,Illiterate (Adult Literacy Enrolled),Screen Printing & Packaging,2,Media & Entertainment Skill Council,Certified,479,Manual Screen Press|UV Exposure Unit|Ink Mixing,B,Workplace Communication|Conflict Management,5395,Commercial Printing & Signage,13000,Navi Mumbai|Thane,Community Reintegration Support,False,True,440ece418f1a17...qr
SKL-2026-0120,UTP-2026-0120,PRIS-MH-01,Mumbai Central Prison (Arthur Road),Overcrowded,162.9,SID-MA-99120,Rohit G.,male,24,10th Standard,Screen Printing & Packaging,2,Media & Entertainment Skill Council,In_Training,601,Manual Screen Press|UV Exposure Unit|Ink Mixing,B,Customer Service & Professional Etiquette,7939,Commercial Printing & Signage,13000,Mumbai Suburban|Mumbai City,Community Reintegration Support,False,True,1cadcc046143eb...qr
SKL-2026-0121,UTP-2026-0121,PRIS-DL-01,Tihar Central Prison No. 4,Overcrowded,200.7,SID-DE-99121,Nitin B.,Male,39,5th Standard,Bakery & Confectionery,3,FICSI / National Council for Vocational Training,Certified,558,Commercial Dough Mixer|Rotary Deck Oven|Bread Slicer,A,Digital Ethics|Professional Email Writing,7748,Food Processing & Bakery,14500,South Delhi|North Delhi,Skill Training & Micro-enterprise,True,True,4adfa7047ef99e...qr
SKL-2026-0122,UTP-2026-0122,PRIS-DL-01,Tihar Central Prison No. 4,Overcrowded,200.7,SID-DE-99122,Chetan J.,Male,26,Illiterate (Adult Literacy Enrolled),Garment Tailoring,3,Apparel Sector Skill Council / PMKVY,Certified,388,Single Needle Lockstitch|Overlock Machine|Pattern Cutting,A,Food Safety & Hygiene|Time Management,3747,Garment & Textile Manufacturing,15000,Gurugram|West Delhi,Vocational Livelihood & Rehabilitation,True,True,461ac224fbc7bb...qr
SKL-2026-0123,UTP-2026-0123,PRIS-DL-01,Tihar Central Prison No. 4,Overcrowded,200.7,SID-DE-99123,Kishore M.,Male,21,Illiterate (Adult Literacy Enrolled),CNC Machine Operator,4,Capital Goods Skill Council / DGT,Certified,568,3-Axis CNC Lathe|G-Code Programming|Vernier Caliper,A,Customer Service & Professional Etiquette,6463,Industrial Tooling & Precision Machining,21000,South Delhi|North Delhi,Technical Livelihoods & Industry Linkages,True,True,269bf3714ffe99...qr
SKL-2026-0124,UTP-2026-0124,PRIS-DL-01,Tihar Central Prison No. 4,Overcrowded,200.7,SID-DE-99124,Vinod B.,Male,25,12th Standard,Leather Goods Fabrication,3,Leather Sector Skill Council (LSSC),Certified,252,Leather Skiving Machine|Heavy Duty Stitcher|Edge Burnisher,A,Workplace Safety & Hazard Control,2536,Footwear & Leather Craft,15000,South Delhi|North Delhi,Artisan Cooperatives & Reintegration,True,True,124cd5420e2865...qr
SKL-2026-0125,UTP-2026-0125,PRIS-DL-01,Tihar Central Prison No. 4,Overcrowded,200.7,SID-DE-99125,Tushar C.,Male,38,5th Standard,Garment Tailoring,3,Apparel Sector Skill Council / PMKVY,In_Training,679,Single Needle Lockstitch|Overlock Machine|Pattern Cutting,A,Customer Service & Professional Etiquette,6038,Garment & Textile Manufacturing,15000,Gurugram|West Delhi,Vocational Livelihood & Rehabilitation,False,True,298c0293a60ef4...qr
SKL-2026-0126,UTP-2026-0126,PRIS-DL-01,Tihar Central Prison No. 4,Overcrowded,200.7,SID-DE-99126,Tushar S.,Male,55,Graduate (B.A./B.Com),Domestic Electrician,3,Power Sector Skill Council / DGT,Certified,484,Single Phase Wiring|MCB Installation|Multimeter Testing,A,Workplace Safety & Hazard Control,5670,Electrical & Facility Maintenance,15500,Gurugram|West Delhi,Technical Livelihoods & Vocational Training,True,False,ee971e53ea235...qr
SKL-2026-0127,UTP-2026-0127,PRIS-DL-01,Tihar Central Prison No. 4,Overcrowded,200.7,SID-DE-99127,Subhash R.,Male,21,12th Standard,Wood Furniture Making & Carpentry,3,Furniture & Fittings Skill Council (FFSC),Certified,486,Circular Saw|Wood Surface Planer|Laminate Press,A,Financial Literacy & Bank Account Operations,4638,Furniture Manufacturing & Carpentry,16000,North Delhi|South Delhi,Vocational Training & Micro-enterprise,True,True,457dc3b2cc73cf...qr
SKL-2026-0128,UTP-2026-0128,PRIS-DL-01,Tihar Central Prison No. 4,Overcrowded,200.7,SID-DE-99128,Surinder B.,Male,38,Illiterate (Adult Literacy Enrolled),CNC Machine Operator,4,Capital Goods Skill Council / DGT,Certified,473,3-Axis CNC Lathe|G-Code Programming|Vernier Caliper,A,Food Safety & Hygiene|Time Management,5381,Industrial Tooling & Precision Machining,21000,West Delhi|Gurugram,Technical Livelihoods & Industry Linkages,True,True,1a25d9720670ad...qr
SKL-2026-0129,UTP-2026-0129,PRIS-DL-01,Tihar Central Prison No. 4,Overcrowded,200.7,SID-DE-99129,Sachin P.,Male,41,12th Standard,Garment Tailoring,3,Apparel Sector Skill Council / PMKVY,Certified,203,Single Needle Lockstitch|Overlock Machine|Pattern Cutting,A,Workplace Safety & Hazard Control,1812,Garment & Textile Manufacturing,15000,North Delhi|South Delhi,Vocational Livelihood & Rehabilitation,True,True,271b6774d96e02...qr
SKL-2026-0130,UTP-2026-0130,PRIS-DL-01,Tihar Central Prison No. 4,Overcrowded,200.7,SID-DE-99130,Sachin M.,Male,57,12th Standard,Leather Goods Fabrication,3,Leather Sector Skill Council (LSSC),Certified,381,Leather Skiving Machine|Heavy Duty Stitcher|Edge Burnisher,A,Customer Service & Professional Etiquette,4843,Footwear & Leather Craft,15000,South Delhi|North Delhi,Artisan Cooperatives & Reintegration,True,True,42d11443c5d451...qr
SKL-2026-0131,UTP-2026-0131,PRIS-DL-01,Tihar Central Prison No. 4,Overcrowded,200.7,SID-DE-99131,Sunita V.,Female,39,Illiterate (Adult Literacy Enrolled),Screen Printing & Packaging,2,Media & Entertainment Skill Council,Certified,416,Manual Screen Press|UV Exposure Unit|Ink Mixing,A,Anger Management Module|Stress Resilience,5216,Commercial Printing & Signage,13000,South Delhi|North Delhi,Community Reintegration Support,True,True,534b64315be4ba...qr
SKL-2026-0132,UTP-2026-0132,PRIS-DL-01,Tihar Central Prison No. 4,Overcrowded,200.7,SID-DE-99132,Anil S.,Male,20,8th Standard,Warehouse Packaging & Inventory,2,Logistics Sector Skill Council,Certified,218,Handheld Barcode Scanner|Shrink Wrap Machine|Inventory Tagging,A,Customer Service & Professional Etiquette,3017,Logistics & Supply Chain,13500,West Delhi|Gurugram,Youth Livelihood & Logistics,True,True,3c029011c7b7a0...qr
SKL-2026-0133,UTP-2026-0133,PRIS-DL-01,Tihar Central Prison No. 4,Overcrowded,200.7,SID-DE-99133,Karan C.,Male,20,5th Standard,Leather Goods Fabrication,3,Leather Sector Skill Council (LSSC),Certified,440,Leather Skiving Machine|Heavy Duty Stitcher|Edge Burnisher,A,Workplace Safety & Hazard Control,4149,Footwear & Leather Craft,15000,South Delhi|Gurugram,Artisan Cooperatives & Reintegration,True,True,4223bf3594dd6d...qr
SKL-2026-0134,UTP-2026-0134,PRIS-DL-01,Tihar Central Prison No. 4,Overcrowded,200.7,SID-DE-99134,Ajay B.,Male,25,10th Standard,Data Entry & Office Automation,4,NIELIT / State Skill Development Mission,Certified,457,Typing 40+ WPM|MS Excel Fundamentals|Tally Prime Basics,B,Workplace Communication|Conflict Management,4526,IT & Office Administration,17500,West Delhi|North Delhi,Youth Employment & Digital Literacy,False,True,58a2e042c42c1c...qr
SKL-2026-0135,UTP-2026-0135,PRIS-DL-01,Tihar Central Prison No. 4,Overcrowded,200.7,SID-DE-99135,Rajesh K.,Male,40,5th Standard,CNC Machine Operator,4,Capital Goods Skill Council / DGT,Certified,610,3-Axis CNC Lathe|G-Code Programming|Vernier Caliper,A,Team Coordination|Basic Numeracy,6377,Industrial Tooling & Precision Machining,21000,South Delhi|West Delhi,Technical Livelihoods & Industry Linkages,True,True,49b26a02cd962b...qr
SKL-2026-0136,UTP-2026-0136,PRIS-DL-01,Tihar Central Prison No. 4,Overcrowded,200.7,SID-DE-99136,Dinesh J.,Male,60,Illiterate (Adult Literacy Enrolled),Data Entry & Office Automation,4,NIELIT / State Skill Development Mission,Certified,532,Typing 40+ WPM|MS Excel Fundamentals|Tally Prime Basics,B,Digital Ethics|Professional Email Writing,5426,IT & Office Administration,17500,North Delhi|Gurugram,Youth Employment & Digital Literacy,False,False,1c1dc285d88cee...qr
SKL-2026-0137,UTP-2026-0137,PRIS-DL-01,Tihar Central Prison No. 4,Overcrowded,200.7,SID-DE-99137,Mahesh G.,Male,35,Illiterate (Adult Literacy Enrolled),Warehouse Packaging & Inventory,2,Logistics Sector Skill Council,In_Training,304,Handheld Barcode Scanner|Shrink Wrap Machine|Inventory Tagging,B,Financial Literacy & Bank Account Operations,3774,Logistics & Supply Chain,13500,South Delhi|West Delhi,Youth Livelihood & Logistics,False,True,487118746306c1...qr
SKL-2026-0138,UTP-2026-0138,PRIS-DL-01,Tihar Central Prison No. 4,Overcrowded,200.7,SID-DE-99138,Sachin S.,M,31,9th Standard,Screen Printing & Packaging,2,Media & Entertainment Skill Council,Certified,654,Manual Screen Press|UV Exposure Unit|Ink Mixing,A,Food Safety & Hygiene|Time Management,7183,Commercial Printing & Signage,13000,West Delhi|Gurugram,Community Reintegration Support,True,True,3c2ccb3e8f9a7...qr
SKL-2026-0139,UTP-2026-0139,PRIS-DL-01,Tihar Central Prison No. 4,Overcrowded,200.7,SID-DE-99139,Mukesh S.,Male,23,Illiterate (Adult Literacy Enrolled),CNC Machine Operator,4,Capital Goods Skill Council / DGT,Certified,492,3-Axis CNC Lathe|G-Code Programming|Vernier Caliper,A,Anger Management Module|Stress Resilience,6570,Industrial Tooling & Precision Machining,21000,West Delhi|North Delhi,Technical Livelihoods & Industry Linkages,True,True,5c8df561e87299...qr
SKL-2026-0140,UTP-2026-0140,PRIS-DL-01,Tihar Central Prison No. 4,Overcrowded,200.7,SID-DE-99140,Tushar K.,Male,24,5th Standard,Organic Farming & Horticulture,3,Agriculture Skill Council of India (ASCI),Certified,662,Drip Irrigation Setup|Composting Unit|Power Weeder,C,Workplace Communication|Conflict Management,7893,Agriculture & Rural Enterprise,14000,South Delhi|West Delhi,Rural Development & Agro Livelihoods,False,True,495cea44f1ada2...qr
SKL-2026-0141,UTP-2026-0141,PRIS-DL-01,Tihar Central Prison No. 4,Overcrowded,200.7,SID-DE-99141,Surinder J.,Male,38,Illiterate (Adult Literacy Enrolled),Garment Tailoring,3,Apparel Sector Skill Council / PMKVY,Assessment_Pending,326,Single Needle Lockstitch|Overlock Machine|Pattern Cutting,A,Digital Ethics|Professional Email Writing,4503,Garment & Textile Manufacturing,15000,South Delhi|West Delhi,Vocational Livelihood & Rehabilitation,False,True,2fd8b0132dba1f...qr
SKL-2026-0142,UTP-2026-0142,PRIS-DL-01,Tihar Central Prison No. 4,Overcrowded,200.7,SID-DE-99142,Ashok S.,Male,36,8th Standard,Wood Furniture Making & Carpentry,3,Furniture & Fittings Skill Council (FFSC),Assessment_Pending,445,Circular Saw|Wood Surface Planer|Laminate Press,A,Financial Literacy & Bank Account Operations,5054,Furniture Manufacturing & Carpentry,16000,Gurugram|North Delhi,Vocational Training & Micro-enterprise,False,True,578a6a027533a9...qr
SKL-2026-0143,UTP-2026-0143,PRIS-DL-01,Tihar Central Prison No. 4,Overcrowded,200.7,SID-DE-99143,Sachin P.,Male,40,5th Standard,Warehouse Packaging & Inventory,2,Logistics Sector Skill Council,Certified,681,Handheld Barcode Scanner|Shrink Wrap Machine|Inventory Tagging,B,Anger Management Module|Stress Resilience,7026,Logistics & Supply Chain,13500,South Delhi|Gurugram,Youth Livelihood & Logistics,False,True,4645d64e16943...qr
SKL-2026-0144,UTP-2026-0144,PRIS-DL-01,Tihar Central Prison No. 4,Overcrowded,200.7,SID-DE-99144,Subhash D.,Male,37,12th Standard,CNC Machine Operator,4,Capital Goods Skill Council / DGT,Certified,463,3-Axis CNC Lathe|G-Code Programming|Vernier Caliper,A,Workplace Safety & Hazard Control,5731,Industrial Tooling & Precision Machining,21000,South Delhi|Gurugram,Technical Livelihoods & Industry Linkages,True,False,3e8315914a5989...qr
SKL-2026-0145,UTP-2026-0145,PRIS-DL-01,Tihar Central Prison No. 4,Overcrowded,200.7,SID-DE-99145,Rahul M.,Male,22,Illiterate (Adult Literacy Enrolled),Data Entry & Office Automation,4,NIELIT / State Skill Development Mission,Certified,462,Typing 40+ WPM|MS Excel Fundamentals|Tally Prime Basics,B,Food Safety & Hygiene|Time Management,3937,IT & Office Administration,17500,West Delhi|South Delhi,Youth Employment & Digital Literacy,False,True,14aeb583432a51...qr
SKL-2026-0146,UTP-2026-0146,PRIS-DL-01,Tihar Central Prison No. 4,Overcrowded,200.7,SID-DE-99146,Ajay P.,Male,24,5th Standard,CNC Machine Operator,4,Capital Goods Skill Council / DGT,Certified,595,3-Axis CNC Lathe|G-Code Programming|Vernier Caliper,A,Anger Management Module|Stress Resilience,5617,Industrial Tooling & Precision Machining,21000,South Delhi|Gurugram,Technical Livelihoods & Industry Linkages,True,True,4ebb0964252da2...qr
SKL-2026-0147,UTP-2026-0147,PRIS-DL-01,Tihar Central Prison No. 4,Overcrowded,200.7,SID-DE-99147,Sanjay C.,Male,20,8th Standard,Organic Farming & Horticulture,3,Agriculture Skill Council of India (ASCI),Assessment_Pending,312,Drip Irrigation Setup|Composting Unit|Power Weeder,B,Workplace Safety & Hazard Control,4218,Agriculture & Rural Enterprise,14000,Gurugram|West Delhi,Rural Development & Agro Livelihoods,False,True,5eae0b733d197b...qr
SKL-2026-0148,UTP-2026-0148,PRIS-DL-01,Tihar Central Prison No. 4,Overcrowded,200.7,SID-DE-99148,Deepak D.,Male,23,Illiterate (Adult Literacy Enrolled),Warehouse Packaging & Inventory,2,Logistics Sector Skill Council,Certified,483,Handheld Barcode Scanner|Shrink Wrap Machine|Inventory Tagging,C,Team Coordination|Basic Numeracy,5552,Logistics & Supply Chain,13500,North Delhi|West Delhi,Youth Livelihood & Logistics,False,True,1381d995308687...qr
SKL-2026-0149,UTP-2026-0149,PRIS-DL-01,Tihar Central Prison No. 4,Overcrowded,200.7,SID-DE-99149,Tushar T.,Male,23,9th Standard,Screen Printing & Packaging,2,Media & Entertainment Skill Council,Certified,587,Manual Screen Press|UV Exposure Unit|Ink Mixing,A,Workplace Safety & Hazard Control,7954,Commercial Printing & Signage,13000,Gurugram|South Delhi,Community Reintegration Support,True,True,359a44f14f72d0...qr
SKL-2026-0150,UTP-2026-0150,PRIS-DL-01,Tihar Central Prison No. 4,Overcrowded,200.7,SID-DE-99150,Harish M.,Male,23,12th Standard,Warehouse Packaging & Inventory,2,Logistics Sector Skill Council,Certified,693,Handheld Barcode Scanner|Shrink Wrap Machine|Inventory Tagging,A,Digital Ethics|Professional Email Writing,5934,Logistics & Supply Chain,13500,West Delhi|Gurugram,Youth Livelihood & Logistics,True,True,47d5a2b5dc0592...qr
SKL-2026-0151,UTP-2026-0151,PRIS-DL-01,Tihar Central Prison No. 4,Overcrowded,200.7,SID-DE-99151,Balu K.,Male,41,8th Standard,Screen Printing & Packaging,2,Media & Entertainment Skill Council,Certified,547,Manual Screen Press|UV Exposure Unit|Ink Mixing,C,Food Safety & Hygiene|Time Management,5076,Commercial Printing & Signage,13000,South Delhi|North Delhi,Community Reintegration Support,False,True,4c86c2f57a0333...qr
SKL-2026-0152,UTP-2026-0152,PRIS-DL-01,Tihar Central Prison No. 4,Overcrowded,200.7,SID-DE-99152,Subhash C.,Male,24,Illiterate (Adult Literacy Enrolled),Screen Printing & Packaging,2,Media & Entertainment Skill Council,Certified,691,Manual Screen Press|UV Exposure Unit|Ink Mixing,B,Workplace Communication|Conflict Management,6963,Commercial Printing & Signage,13000,West Delhi|Gurugram,Community Reintegration Support,False,True,2d19f4a29cc9cd...qr
SKL-2026-0153,UTP-2026-0153,PRIS-DL-01,Tihar Central Prison No. 4,Overcrowded,200.7,SID-DE-99153,Suraj Y.,male,21,9th Standard,Domestic Electrician,3,Power Sector Skill Council / DGT,In_Training,331,Single Phase Wiring|MCB Installation|Multimeter Testing,A,Team Coordination|Basic Numeracy,2912,Electrical & Facility Maintenance,15500,South Delhi|West Delhi,Technical Livelihoods & Vocational Training,False,True,44ee3f53c9379d...qr
SKL-2026-0154,UTP-2026-0154,PRIS-DL-01,Tihar Central Prison No. 4,Overcrowded,200.7,SID-DE-99154,Subhash K.,Male,25,5th Standard,Wood Furniture Making & Carpentry,3,Furniture & Fittings Skill Council (FFSC),Certified,272,Circular Saw|Wood Surface Planer|Laminate Press,A,Customer Service & Professional Etiquette,3001,Furniture Manufacturing & Carpentry,16000,North Delhi|South Delhi,Vocational Training & Micro-enterprise,True,True,227cbb24c17343...qr
SKL-2026-0155,UTP-2026-0155,PRIS-DL-01,Tihar Central Prison No. 4,Overcrowded,200.7,SID-DE-99155,Nitin G.,Male,31,10th Standard,Screen Printing & Packaging,2,Media & Entertainment Skill Council,Certified,284,Manual Screen Press|UV Exposure Unit|Ink Mixing,A,Workplace Safety & Hazard Control,3143,Commercial Printing & Signage,13000,West Delhi|South Delhi,Community Reintegration Support,True,True,2ce9f154030cc5...qr
SKL-2026-0156,UTP-2026-0156,PRIS-DL-01,Tihar Central Prison No. 4,Overcrowded,200.7,SID-DE-99156,Deepak Y.,Male,37,Illiterate (Adult Literacy Enrolled),Bakery & Confectionery,3,FICSI / National Council for Vocational Training,In_Training,621,Commercial Dough Mixer|Rotary Deck Oven|Bread Slicer,A,Financial Literacy & Bank Account Operations,5786,Food Processing & Bakery,14500,West Delhi|Gurugram,Skill Training & Micro-enterprise,False,True,2ba3ff31cf147a...qr
SKL-2026-0157,UTP-2026-0157,PRIS-DL-01,Tihar Central Prison No. 4,Overcrowded,200.7,SID-DE-99157,Kishore T.,M,41,Illiterate (Adult Literacy Enrolled),Warehouse Packaging & Inventory,2,Logistics Sector Skill Council,Certified,617,Handheld Barcode Scanner|Shrink Wrap Machine|Inventory Tagging,A,Digital Ethics|Professional Email Writing,7126,Logistics & Supply Chain,13500,Gurugram|South Delhi,Youth Livelihood & Logistics,True,True,3b785b91733fb0...qr
SKL-2026-0158,UTP-2026-0158,PRIS-DL-01,Tihar Central Prison No. 4,Overcrowded,200.7,SID-DE-99158,Raju C.,Male,34,5th Standard,Garment Tailoring,3,Apparel Sector Skill Council / PMKVY,Certified,576,Single Needle Lockstitch|Overlock Machine|Pattern Cutting,A,Digital Ethics|Professional Email Writing,7243,Garment & Textile Manufacturing,15000,North Delhi|West Delhi,Vocational Livelihood & Rehabilitation,True,False,1ba90af481d821...qr
SKL-2026-0159,UTP-2026-0159,PRIS-DL-01,Tihar Central Prison No. 4,Overcrowded,200.7,SID-DE-99159,Subhash B.,Male,34,8th Standard,Screen Printing & Packaging,2,Media & Entertainment Skill Council,Certified,683,Manual Screen Press|UV Exposure Unit|Ink Mixing,A,Workplace Communication|Conflict Management,8033,Commercial Printing & Signage,13000,South Delhi|West Delhi,Community Reintegration Support,True,True,1b9d7423ead2ee...qr
SKL-2026-0160,UTP-2026-0160,PRIS-DL-01,Tihar Central Prison No. 4,Overcrowded,200.7,SID-DE-99160,Vinod M.,Male,34,ITI Diploma,Domestic Electrician,3,Power Sector Skill Council / DGT,Certified,199,Single Phase Wiring|MCB Installation|Multimeter Testing,A,Financial Literacy & Bank Account Operations,2361,Electrical & Facility Maintenance,15500,West Delhi|South Delhi,Technical Livelihoods & Vocational Training,True,True,30171ec360fdf3...qr
SKL-2026-0161,UTP-2026-0161,PRIS-DL-01,Tihar Central Prison No. 4,Overcrowded,200.7,SID-DE-99161,Vijay S.,Male,58,8th Standard,Domestic Electrician,3,Power Sector Skill Council / DGT,Certified,631,Single Phase Wiring|MCB Installation|Multimeter Testing,A,Workplace Communication|Conflict Management,5725,Electrical & Facility Maintenance,15500,West Delhi|South Delhi,Technical Livelihoods & Vocational Training,True,True,d41d0c479fe5e...qr
SKL-2026-0162,UTP-2026-0162,PRIS-DL-01,Tihar Central Prison No. 4,Overcrowded,200.7,SID-DE-99162,Pravin J.,Male,38,10th Standard,Organic Farming & Horticulture,3,Agriculture Skill Council of India (ASCI),Certified,686,Drip Irrigation Setup|Composting Unit|Power Weeder,A,Digital Ethics|Professional Email Writing,5952,Agriculture & Rural Enterprise,14000,West Delhi|North Delhi,Rural Development & Agro Livelihoods,True,True,452008b443c1ed...qr
SKL-2026-0163,UTP-2026-0163,PRIS-DL-01,Tihar Central Prison No. 4,Overcrowded,200.7,SID-DE-99163,Sunil S.,Male,40,Illiterate (Adult Literacy Enrolled),Garment Tailoring,3,Apparel Sector Skill Council / PMKVY,Certified,618,Single Needle Lockstitch|Overlock Machine|Pattern Cutting,A,Customer Service & Professional Etiquette,6882,Garment & Textile Manufacturing,15000,West Delhi|North Delhi,Vocational Livelihood & Rehabilitation,True,True,142c2635105e83...qr
SKL-2026-0164,UTP-2026-0164,PRIS-DL-01,Tihar Central Prison No. 4,Overcrowded,200.7,SID-DE-99164,Ganesh M.,Male,26,8th Standard,Wood Furniture Making & Carpentry,3,Furniture & Fittings Skill Council (FFSC),Certified,677,Circular Saw|Wood Surface Planer|Laminate Press,A,Anger Management Module|Stress Resilience,8687,Furniture Manufacturing & Carpentry,16000,West Delhi|South Delhi,Vocational Training & Micro-enterprise,True,True,108d79a4b6c4a8...qr
SKL-2026-0165,UTP-2026-0165,PRIS-DL-01,Tihar Central Prison No. 4,Overcrowded,200.7,SID-DE-99165,Vinod J.,Male,19,10th Standard,CNC Machine Operator,4,Capital Goods Skill Council / DGT,Certified,234,3-Axis CNC Lathe|G-Code Programming|Vernier Caliper,A,Financial Literacy & Bank Account Operations,2634,Industrial Tooling & Precision Machining,21000,West Delhi|North Delhi,Technical Livelihoods & Industry Linkages,True,True,4dbe0392ef2531...qr
SKL-2026-0166,UTP-2026-0166,PRIS-DL-01,Tihar Central Prison No. 4,Overcrowded,200.7,SID-DE-99166,Vinod A.,Male,59,5th Standard,Garment Tailoring,3,Apparel Sector Skill Council / PMKVY,Certified,653,Single Needle Lockstitch|Overlock Machine|Pattern Cutting,A,Team Coordination|Basic Numeracy,7029,Garment & Textile Manufacturing,15000,South Delhi|Gurugram,Vocational Livelihood & Rehabilitation,True,True,334dd0947c3844...qr
SKL-2026-0167,UTP-2026-0167,PRIS-DL-01,Tihar Central Prison No. 4,Overcrowded,200.7,SID-DE-99167,Mukesh S.,Male,41,Graduate (B.A./B.Com),Garment Tailoring,3,Apparel Sector Skill Council / PMKVY,Certified,487,Single Needle Lockstitch|Overlock Machine|Pattern Cutting,A,Anger Management Module|Stress Resilience,5646,Garment & Textile Manufacturing,15000,West Delhi|South Delhi,Vocational Livelihood & Rehabilitation,True,True,358c95d1c793e0...qr
SKL-2026-0168,UTP-2026-0168,PRIS-DL-01,Tihar Central Prison No. 4,Overcrowded,200.7,SID-DE-99168,Rakesh K.,Male,26,ITI Diploma,Organic Farming & Horticulture,3,Agriculture Skill Council of India (ASCI),Certified,535,Drip Irrigation Setup|Composting Unit|Power Weeder,A,Customer Service & Professional Etiquette,6364,Agriculture & Rural Enterprise,14000,North Delhi|Gurugram,Rural Development & Agro Livelihoods,True,True,334fc861094bf9...qr
SKL-2026-0169,UTP-2026-0169,PRIS-DL-01,Tihar Central Prison No. 4,Overcrowded,200.7,SID-DE-99169,Sachin T.,Male,35,12th Standard,Organic Farming & Horticulture,3,Agriculture Skill Council of India (ASCI),Certified,604,Drip Irrigation Setup|Composting Unit|Power Weeder,A,Customer Service & Professional Etiquette,7803,Agriculture & Rural Enterprise,14000,South Delhi|West Delhi,Rural Development & Agro Livelihoods,True,True,3fc98a23e8db55...qr
SKL-2026-0170,UTP-2026-0170,PRIS-DL-01,Tihar Central Prison No. 4,Overcrowded,200.7,SID-DE-99170,Mohan R.,Male,25,12th Standard,Wood Furniture Making & Carpentry,3,Furniture & Fittings Skill Council (FFSC),Certified,539,Circular Saw|Wood Surface Planer|Laminate Press,A,Workplace Communication|Conflict Management,6927,Furniture Manufacturing & Carpentry,16000,North Delhi|Gurugram,Vocational Training & Micro-enterprise,True,True,5b871e85b043b4...qr
SKL-2026-0171,UTP-2026-0171,PRIS-DL-01,Tihar Central Prison No. 4,Overcrowded,200.7,SID-DE-99171,Vikram B.,Male,32,12th Standard,Organic Farming & Horticulture,3,Agriculture Skill Council of India (ASCI),Certified,328,Drip Irrigation Setup|Composting Unit|Power Weeder,A,Customer Service & Professional Etiquette,3935,Agriculture & Rural Enterprise,14000,South Delhi|West Delhi,Rural Development & Agro Livelihoods,True,True,4d53be35b5267e...qr
SKL-2026-0172,UTP-2026-0172,PRIS-DL-01,Tihar Central Prison No. 4,Overcrowded,200.7,SID-DE-99172,Dharmendra S.,Male,25,12th Standard,Domestic Electrician,3,Power Sector Skill Council / DGT,In_Training,539,Single Phase Wiring|MCB Installation|Multimeter Testing,A,Food Safety & Hygiene|Time Management,5818,Electrical & Facility Maintenance,15500,West Delhi|Gurugram,Technical Livelihoods & Vocational Training,False,True,bc2e4f46ea427...qr
SKL-2026-0173,UTP-2026-0173,PRIS-DL-01,Tihar Central Prison No. 4,Overcrowded,200.7,SID-DE-99173,Vinod D.,Male,41,10th Standard,Garment Tailoring,3,Apparel Sector Skill Council / PMKVY,Certified,229,Single Needle Lockstitch|Overlock Machine|Pattern Cutting,A,Workplace Safety & Hazard Control,2001,Garment & Textile Manufacturing,15000,South Delhi|Gurugram,Vocational Livelihood & Rehabilitation,True,False,15e3a2d1961df9...qr
SKL-2026-0174,UTP-2026-0174,PRIS-DL-01,Tihar Central Prison No. 4,Overcrowded,200.7,SID-DE-99174,Amit T.,Male,20,ITI Diploma,Bakery & Confectionery,3,FICSI / National Council for Vocational Training,Assessment_Pending,646,Commercial Dough Mixer|Rotary Deck Oven|Bread Slicer,A,Digital Ethics|Professional Email Writing,7053,Food Processing & Bakery,14500,West Delhi|Gurugram,Skill Training & Micro-enterprise,False,True,3a20a1e3fd20c4...qr
SKL-2026-0175,UTP-2026-0175,PRIS-DL-01,Tihar Central Prison No. 4,Overcrowded,200.7,SID-DE-99175,Manoj B.,Male,20,ITI Diploma,Organic Farming & Horticulture,3,Agriculture Skill Council of India (ASCI),Certified,149,Drip Irrigation Setup|Composting Unit|Power Weeder,A,Food Safety & Hygiene|Time Management,1591,Agriculture & Rural Enterprise,14000,West Delhi|Gurugram,Rural Development & Agro Livelihoods,True,True,3cd11015520c91...qr
SKL-2026-0176,UTP-2026-0176,PRIS-DL-01,Tihar Central Prison No. 4,Overcrowded,200.7,SID-DE-99176,Mahesh K.,Male,25,Illiterate (Adult Literacy Enrolled),Bakery & Confectionery,3,FICSI / National Council for Vocational Training,Certified,375,Commercial Dough Mixer|Rotary Deck Oven|Bread Slicer,B,Workplace Communication|Conflict Management,3392,Food Processing & Bakery,14500,West Delhi|Gurugram,Skill Training & Micro-enterprise,False,True,cf5e9e2076038...qr
SKL-2026-0177,UTP-2026-0177,PRIS-DL-01,Tihar Central Prison No. 4,Overcrowded,200.7,SID-DE-99177,Deepak D.,Male,40,8th Standard,Leather Goods Fabrication,3,Leather Sector Skill Council (LSSC),Certified,338,Leather Skiving Machine|Heavy Duty Stitcher|Edge Burnisher,A,Workplace Safety & Hazard Control,4517,Footwear & Leather Craft,15000,North Delhi|Gurugram,Artisan Cooperatives & Reintegration,True,True,318815b3b56cbb...qr
SKL-2026-0178,UTP-2026-0178,PRIS-DL-01,Tihar Central Prison No. 4,Overcrowded,200.7,SID-DE-99178,Tushar T.,Male,39,8th Standard,Bakery & Confectionery,3,FICSI / National Council for Vocational Training,Assessment_Pending,474,Commercial Dough Mixer|Rotary Deck Oven|Bread Slicer,A,Anger Management Module|Stress Resilience,4674,Food Processing & Bakery,14500,South Delhi|Gurugram,Skill Training & Micro-enterprise,False,True,11ebb7c3090c71...qr
SKL-2026-0179,UTP-2026-0179,PRIS-DL-01,Tihar Central Prison No. 4,Overcrowded,200.7,SID-DE-99179,Mahesh P.,Male,38,Illiterate (Adult Literacy Enrolled),Leather Goods Fabrication,3,Leather Sector Skill Council (LSSC),Certified,686,Leather Skiving Machine|Heavy Duty Stitcher|Edge Burnisher,A,Anger Management Module|Stress Resilience,6915,Footwear & Leather Craft,15000,West Delhi|North Delhi,Artisan Cooperatives & Reintegration,True,True,3cff09d26733ce...qr
SKL-2026-0180,UTP-2026-0180,PRIS-DL-01,Tihar Central Prison No. 4,Overcrowded,200.7,SID-DE-99180,Karan R.,Male,20,12th Standard,CNC Machine Operator,4,Capital Goods Skill Council / DGT,Certified,363,3-Axis CNC Lathe|G-Code Programming|Vernier Caliper,C,Financial Literacy & Bank Account Operations,3620,Industrial Tooling & Precision Machining,21000,Gurugram|South Delhi,Technical Livelihoods & Industry Linkages,False,True,11339bc4c6322d...qr
SKL-2026-0181,UTP-2026-0181,PRIS-DL-01,Tihar Central Prison No. 4,Overcrowded,200.7,SID-DE-99181,Rohit D.,Male,41,9th Standard,Leather Goods Fabrication,3,Leather Sector Skill Council (LSSC),Certified,325,Leather Skiving Machine|Heavy Duty Stitcher|Edge Burnisher,A,Workplace Safety & Hazard Control,4174,Footwear & Leather Craft,15000,South Delhi|Gurugram,Artisan Cooperatives & Reintegration,True,True,5c01a04ef146c...qr
SKL-2026-0182,UTP-2026-0182,PRIS-DL-01,Tihar Central Prison No. 4,Overcrowded,200.7,SID-DE-99182,Manish A.,M,33,10th Standard,Bakery & Confectionery,3,FICSI / National Council for Vocational Training,Certified,640,Commercial Dough Mixer|Rotary Deck Oven|Bread Slicer,A,Anger Management Module|Stress Resilience,8732,Food Processing & Bakery,14500,North Delhi|West Delhi,Skill Training & Micro-enterprise,True,True,24f15162cadc5f...qr
SKL-2026-0183,UTP-2026-0183,PRIS-DL-01,Tihar Central Prison No. 4,Overcrowded,200.7,SID-DE-99183,Dinesh G.,Male,26,5th Standard,CNC Machine Operator,4,Capital Goods Skill Council / DGT,Certified,594,3-Axis CNC Lathe|G-Code Programming|Vernier Caliper,B,Food Safety & Hygiene|Time Management,6796,Industrial Tooling & Precision Machining,21000,North Delhi|Gurugram,Technical Livelihoods & Industry Linkages,False,True,3bd66df2a3ebbf...qr
SKL-2026-0184,UTP-2026-0184,PRIS-DL-01,Tihar Central Prison No. 4,Overcrowded,200.7,SID-DE-99184,Rahul V.,Male,58,10th Standard,Screen Printing & Packaging,2,Media & Entertainment Skill Council,Certified,431,Manual Screen Press|UV Exposure Unit|Ink Mixing,A,Workplace Communication|Conflict Management,5183,Commercial Printing & Signage,13000,North Delhi|South Delhi,Community Reintegration Support,True,True,5b98ee91af4e05...qr
SKL-2026-0185,UTP-2026-0185,PRIS-DL-01,Tihar Central Prison No. 4,Overcrowded,200.7,SID-DE-99185,Lata C.,Female,24,Illiterate (Adult Literacy Enrolled),Screen Printing & Packaging,2,Media & Entertainment Skill Council,Assessment_Pending,670,Manual Screen Press|UV Exposure Unit|Ink Mixing,A,Anger Management Module|Stress Resilience,9036,Commercial Printing & Signage,13000,Gurugram|West Delhi,Community Reintegration Support,False,True,1f23339fe8b1c...qr
SKL-2026-0186,UTP-2026-0186,PRIS-DL-01,Tihar Central Prison No. 4,Overcrowded,200.7,SID-DE-99186,Pankaj R.,Male,26,Illiterate (Adult Literacy Enrolled),Data Entry & Office Automation,4,NIELIT / State Skill Development Mission,Assessment_Pending,378,Typing 40+ WPM|MS Excel Fundamentals|Tally Prime Basics,A,Anger Management Module|Stress Resilience,3981,IT & Office Administration,17500,Gurugram|West Delhi,Youth Employment & Digital Literacy,False,False,1a9643f32e987c...qr
SKL-2026-0187,UTP-2026-0187,PRIS-DL-01,Tihar Central Prison No. 4,Overcrowded,200.7,SID-DE-99187,Kishore T.,Male,24,Graduate (B.A./B.Com),Data Entry & Office Automation,4,NIELIT / State Skill Development Mission,Certified,548,Typing 40+ WPM|MS Excel Fundamentals|Tally Prime Basics,A,Financial Literacy & Bank Account Operations,7462,IT & Office Administration,17500,Gurugram|West Delhi,Youth Employment & Digital Literacy,True,True,4d6e55540f3a53...qr
SKL-2026-0188,UTP-2026-0188,PRIS-DL-01,Tihar Central Prison No. 4,Overcrowded,200.7,SID-DE-99188,Tushar G.,Male,41,Illiterate (Adult Literacy Enrolled),Organic Farming & Horticulture,3,Agriculture Skill Council of India (ASCI),Certified,485,Drip Irrigation Setup|Composting Unit|Power Weeder,C,Financial Literacy & Bank Account Operations,4231,Agriculture & Rural Enterprise,14000,South Delhi|Gurugram,Rural Development & Agro Livelihoods,False,True,442146b48a3a7b...qr
SKL-2026-0189,UTP-2026-0189,PRIS-DL-01,Tihar Central Prison No. 4,Overcrowded,200.7,SID-DE-99189,Vicky P.,Male,25,5th Standard,Bakery & Confectionery,3,FICSI / National Council for Vocational Training,Certified,679,Commercial Dough Mixer|Rotary Deck Oven|Bread Slicer,B,Digital Ethics|Professional Email Writing,5879,Food Processing & Bakery,14500,Gurugram|South Delhi,Skill Training & Micro-enterprise,False,True,43a7e5b59f7665...qr
SKL-2026-0190,UTP-2026-0190,PRIS-DL-01,Tihar Central Prison No. 4,Overcrowded,200.7,SID-DE-99190,Surinder T.,M,58,5th Standard,Data Entry & Office Automation,4,NIELIT / State Skill Development Mission,Certified,574,Typing 40+ WPM|MS Excel Fundamentals|Tally Prime Basics,B,Digital Ethics|Professional Email Writing,5259,IT & Office Administration,17500,Gurugram|North Delhi,Youth Employment & Digital Literacy,False,True,313ace456c9571...qr
SKL-2026-0191,UTP-2026-0191,PRIS-DL-01,Tihar Central Prison No. 4,Overcrowded,200.7,SID-DE-99191,Gopal S.,Male,23,ITI Diploma,Bakery & Confectionery,3,FICSI / National Council for Vocational Training,Certified,316,Commercial Dough Mixer|Rotary Deck Oven|Bread Slicer,A,Workplace Safety & Hazard Control,4148,Food Processing & Bakery,14500,Gurugram|North Delhi,Skill Training & Micro-enterprise,True,True,50106371355394...qr
SKL-2026-0192,UTP-2026-0192,PRIS-DL-01,Tihar Central Prison No. 4,Overcrowded,200.7,SID-DE-99192,Dharmendra P.,Male,25,Illiterate (Adult Literacy Enrolled),Data Entry & Office Automation,4,NIELIT / State Skill Development Mission,Certified,688,Typing 40+ WPM|MS Excel Fundamentals|Tally Prime Basics,A,Food Safety & Hygiene|Time Management,7489,IT & Office Administration,17500,West Delhi|Gurugram,Youth Employment & Digital Literacy,True,True,b3d5f11f84d48...qr
SKL-2026-0193,UTP-2026-0193,PRIS-DL-01,Tihar Central Prison No. 4,Overcrowded,200.7,SID-DE-99193,Rohit R.,Male,40,Illiterate (Adult Literacy Enrolled),CNC Machine Operator,4,Capital Goods Skill Council / DGT,Certified,498,3-Axis CNC Lathe|G-Code Programming|Vernier Caliper,A,Workplace Communication|Conflict Management,4551,Industrial Tooling & Precision Machining,21000,North Delhi|South Delhi,Technical Livelihoods & Industry Linkages,True,True,479f6bc45e32a1...qr
SKL-2026-0194,UTP-2026-0194,PRIS-DL-01,Tihar Central Prison No. 4,Overcrowded,200.7,SID-DE-99194,Sarita T.,Female,22,9th Standard,Leather Goods Fabrication,3,Leather Sector Skill Council (LSSC),Certified,397,Leather Skiving Machine|Heavy Duty Stitcher|Edge Burnisher,A,Financial Literacy & Bank Account Operations,3629,Footwear & Leather Craft,15000,South Delhi|North Delhi,Artisan Cooperatives & Reintegration,True,True,c333521e2ffaf...qr
SKL-2026-0195,UTP-2026-0195,PRIS-DL-01,Tihar Central Prison No. 4,Overcrowded,200.7,SID-DE-99195,Sachin C.,Male,26,9th Standard,Data Entry & Office Automation,4,NIELIT / State Skill Development Mission,Certified,476,Typing 40+ WPM|MS Excel Fundamentals|Tally Prime Basics,C,Workplace Safety & Hazard Control,4660,IT & Office Administration,17500,West Delhi|Gurugram,Youth Employment & Digital Literacy,False,True,2aeb902373d051...qr
SKL-2026-0196,UTP-2026-0196,PRIS-DL-01,Tihar Central Prison No. 4,Overcrowded,200.7,SID-DE-99196,Nitin S.,Male,37,Graduate (B.A./B.Com),Bakery & Confectionery,3,FICSI / National Council for Vocational Training,In_Training,559,Commercial Dough Mixer|Rotary Deck Oven|Bread Slicer,B,Food Safety & Hygiene|Time Management,7283,Food Processing & Bakery,14500,West Delhi|South Delhi,Skill Training & Micro-enterprise,False,True,5a2ad3418a5f99...qr
SKL-2026-0197,UTP-2026-0197,PRIS-DL-01,Tihar Central Prison No. 4,Overcrowded,200.7,SID-DE-99197,Vinod K.,Male,38,10th Standard,Data Entry & Office Automation,4,NIELIT / State Skill Development Mission,Certified,473,Typing 40+ WPM|MS Excel Fundamentals|Tally Prime Basics,A,Team Coordination|Basic Numeracy,6475,IT & Office Administration,17500,Gurugram|West Delhi,Youth Employment & Digital Literacy,True,True,4bc1e361271715...qr
SKL-2026-0198,UTP-2026-0198,PRIS-DL-01,Tihar Central Prison No. 4,Overcrowded,200.7,SID-DE-99198,Deepak G.,Male,25,9th Standard,CNC Machine Operator,4,Capital Goods Skill Council / DGT,Certified,488,3-Axis CNC Lathe|G-Code Programming|Vernier Caliper,A,Customer Service & Professional Etiquette,6229,Industrial Tooling & Precision Machining,21000,South Delhi|West Delhi,Technical Livelihoods & Industry Linkages,True,False,345a1203b74b6e...qr
SKL-2026-0199,UTP-2026-0199,PRIS-DL-01,Tihar Central Prison No. 4,Overcrowded,200.7,SID-DE-99199,Balu M.,Male,24,8th Standard,Bakery & Confectionery,3,FICSI / National Council for Vocational Training,Certified,124,Commercial Dough Mixer|Rotary Deck Oven|Bread Slicer,A,Anger Management Module|Stress Resilience,1603,Food Processing & Bakery,14500,North Delhi|Gurugram,Skill Training & Micro-enterprise,True,True,5ee71e552d9cb3...qr
SKL-2026-0200,UTP-2026-0200,PRIS-DL-01,Tihar Central Prison No. 4,Overcrowded,200.7,SID-DE-99200,Ashok M.,Male,35,10th Standard,Organic Farming & Horticulture,3,Agriculture Skill Council of India (ASCI),Assessment_Pending,605,Drip Irrigation Setup|Composting Unit|Power Weeder,A,Digital Ethics|Professional Email Writing,5622,Agriculture & Rural Enterprise,14000,North Delhi|Gurugram,Rural Development & Agro Livelihoods,False,True,1a191994b3977d...qr
SKL-2026-0201,UTP-2026-0201,PRIS-DL-01,Tihar Central Prison No. 4,Overcrowded,200.7,SID-DE-99201,Tushar R.,Male,42,12th Standard,Wood Furniture Making & Carpentry,3,Furniture & Fittings Skill Council (FFSC),Certified,636,Circular Saw|Wood Surface Planer|Laminate Press,A,Food Safety & Hygiene|Time Management,7321,Furniture Manufacturing & Carpentry,16000,West Delhi|Gurugram,Vocational Training & Micro-enterprise,True,True,52e3681312db7a...qr
SKL-2026-0202,UTP-2026-0202,PRIS-DL-01,Tihar Central Prison No. 4,Overcrowded,200.7,SID-DE-99202,Sunil A.,Male,34,9th Standard,Screen Printing & Packaging,2,Media & Entertainment Skill Council,In_Training,421,Manual Screen Press|UV Exposure Unit|Ink Mixing,A,Food Safety & Hygiene|Time Management,4024,Commercial Printing & Signage,13000,West Delhi|South Delhi,Community Reintegration Support,False,True,467197149dfdfd...qr
SKL-2026-0203,UTP-2026-0203,PRIS-DL-01,Tihar Central Prison No. 4,Overcrowded,200.7,SID-DE-99203,Tushar T.,Male,25,8th Standard,Bakery & Confectionery,3,FICSI / National Council for Vocational Training,Certified,342,Commercial Dough Mixer|Rotary Deck Oven|Bread Slicer,A,Digital Ethics|Professional Email Writing,3484,Food Processing & Bakery,14500,Gurugram|South Delhi,Skill Training & Micro-enterprise,True,True,5830897332c882...qr
SKL-2026-0204,UTP-2026-0204,PRIS-DL-01,Tihar Central Prison No. 4,Overcrowded,200.7,SID-DE-99204,Santosh V.,Male,22,ITI Diploma,Domestic Electrician,3,Power Sector Skill Council / DGT,Certified,537,Single Phase Wiring|MCB Installation|Multimeter Testing,A,Food Safety & Hygiene|Time Management,5291,Electrical & Facility Maintenance,15500,North Delhi|Gurugram,Technical Livelihoods & Vocational Training,True,True,429f5a51446ea4...qr
SKL-2026-0205,UTP-2026-0205,PRIS-DL-01,Tihar Central Prison No. 4,Overcrowded,200.7,SID-DE-99205,Dharmendra S.,Male,35,12th Standard,Warehouse Packaging & Inventory,2,Logistics Sector Skill Council,Certified,643,Handheld Barcode Scanner|Shrink Wrap Machine|Inventory Tagging,A,Digital Ethics|Professional Email Writing,8079,Logistics & Supply Chain,13500,West Delhi|North Delhi,Youth Livelihood & Logistics,True,True,19471d81b69775...qr
SKL-2026-0206,UTP-2026-0206,PRIS-DL-01,Tihar Central Prison No. 4,Overcrowded,200.7,SID-DE-99206,Suraj J.,Male,55,10th Standard,Organic Farming & Horticulture,3,Agriculture Skill Council of India (ASCI),Certified,625,Drip Irrigation Setup|Composting Unit|Power Weeder,A,Food Safety & Hygiene|Time Management,7164,Agriculture & Rural Enterprise,14000,Gurugram|South Delhi,Rural Development & Agro Livelihoods,True,True,39b68275681293...qr
SKL-2026-0207,UTP-2026-0207,PRIS-DL-01,Tihar Central Prison No. 4,Overcrowded,200.7,SID-DE-99207,Nitin S.,Male,23,Illiterate (Adult Literacy Enrolled),Screen Printing & Packaging,2,Media & Entertainment Skill Council,Certified,636,Manual Screen Press|UV Exposure Unit|Ink Mixing,C,Food Safety & Hygiene|Time Management,8448,Commercial Printing & Signage,13000,Gurugram|West Delhi,Community Reintegration Support,False,False,502a4da2256deb...qr
SKL-2026-0208,UTP-2026-0208,PRIS-DL-01,Tihar Central Prison No. 4,Overcrowded,200.7,SID-DE-99208,Satish T.,Male,21,Illiterate (Adult Literacy Enrolled),Leather Goods Fabrication,3,Leather Sector Skill Council (LSSC),Certified,499,Leather Skiving Machine|Heavy Duty Stitcher|Edge Burnisher,A,Workplace Communication|Conflict Management,6667,Footwear & Leather Craft,15000,North Delhi|West Delhi,Artisan Cooperatives & Reintegration,True,True,3f4e0004daf6d2...qr
SKL-2026-0209,UTP-2026-0209,PRIS-DL-01,Tihar Central Prison No. 4,Overcrowded,200.7,SID-DE-99209,Rajesh G.,Male,32,Graduate (B.A./B.Com),Domestic Electrician,3,Power Sector Skill Council / DGT,In_Training,636,Single Phase Wiring|MCB Installation|Multimeter Testing,A,Anger Management Module|Stress Resilience,8706,Electrical & Facility Maintenance,15500,Gurugram|West Delhi,Technical Livelihoods & Vocational Training,False,True,53a3ee51983b78...qr
SKL-2026-0210,UTP-2026-0210,PRIS-DL-01,Tihar Central Prison No. 4,Overcrowded,200.7,SID-DE-99210,Santosh B.,M,25,12th Standard,Leather Goods Fabrication,3,Leather Sector Skill Council (LSSC),Certified,438,Leather Skiving Machine|Heavy Duty Stitcher|Edge Burnisher,B,Workplace Communication|Conflict Management,4816,Footwear & Leather Craft,15000,South Delhi|Gurugram,Artisan Cooperatives & Reintegration,False,True,16ae574b1c141...qr
SKL-2026-0211,UTP-2026-0211,PRIS-DL-01,Tihar Central Prison No. 4,Overcrowded,200.7,SID-DE-99211,Pravin T.,Male,40,5th Standard,Wood Furniture Making & Carpentry,3,Furniture & Fittings Skill Council (FFSC),Certified,550,Circular Saw|Wood Surface Planer|Laminate Press,A,Workplace Communication|Conflict Management,5393,Furniture Manufacturing & Carpentry,16000,West Delhi|North Delhi,Vocational Training & Micro-enterprise,True,True,232f3155b871b0...qr
SKL-2026-0212,UTP-2026-0212,PRIS-DL-01,Tihar Central Prison No. 4,Overcrowded,200.7,SID-DE-99212,Pravin G.,Male,38,Illiterate (Adult Literacy Enrolled),Leather Goods Fabrication,3,Leather Sector Skill Council (LSSC),Certified,691,Leather Skiving Machine|Heavy Duty Stitcher|Edge Burnisher,A,Food Safety & Hygiene|Time Management,7233,Footwear & Leather Craft,15000,West Delhi|Gurugram,Artisan Cooperatives & Reintegration,True,True,226b9e45a58fa4...qr
SKL-2026-0213,UTP-2026-0213,PRIS-DL-01,Tihar Central Prison No. 4,Overcrowded,200.7,SID-DE-99213,Vinod S.,Male,21,9th Standard,Warehouse Packaging & Inventory,2,Logistics Sector Skill Council,Assessment_Pending,687,Handheld Barcode Scanner|Shrink Wrap Machine|Inventory Tagging,C,Customer Service & Professional Etiquette,9158,Logistics & Supply Chain,13500,West Delhi|Gurugram,Youth Livelihood & Logistics,False,True,1a4749421cf911...qr
SKL-2026-0214,UTP-2026-0214,PRIS-DL-01,Tihar Central Prison No. 4,Overcrowded,200.7,SID-DE-99214,Ashok R.,Male,55,8th Standard,CNC Machine Operator,4,Capital Goods Skill Council / DGT,Certified,455,3-Axis CNC Lathe|G-Code Programming|Vernier Caliper,A,Financial Literacy & Bank Account Operations,5053,Industrial Tooling & Precision Machining,21000,Gurugram|South Delhi,Technical Livelihoods & Industry Linkages,True,True,54495945cb3ff3...qr
SKL-2026-0215,UTP-2026-0215,PRIS-DL-01,Tihar Central Prison No. 4,Overcrowded,200.7,SID-DE-99215,Sangeeta J.,Female,25,5th Standard,Organic Farming & Horticulture,3,Agriculture Skill Council of India (ASCI),Certified,340,Drip Irrigation Setup|Composting Unit|Power Weeder,A,Food Safety & Hygiene|Time Management,3561,Agriculture & Rural Enterprise,14000,West Delhi|North Delhi,Rural Development & Agro Livelihoods,True,True,4b2c8a94f82186...qr
SKL-2026-0216,UTP-2026-0216,PRIS-DL-01,Tihar Central Prison No. 4,Overcrowded,200.7,SID-DE-99216,Suraj B.,Male,24,12th Standard,Data Entry & Office Automation,4,NIELIT / State Skill Development Mission,Certified,602,Typing 40+ WPM|MS Excel Fundamentals|Tally Prime Basics,A,Anger Management Module|Stress Resilience,6824,IT & Office Administration,17500,Gurugram|South Delhi,Youth Employment & Digital Literacy,True,True,3524239148762e...qr
SKL-2026-0217,UTP-2026-0217,PRIS-DL-01,Tihar Central Prison No. 4,Overcrowded,200.7,SID-DE-99217,Sachin B.,Male,23,9th Standard,Warehouse Packaging & Inventory,2,Logistics Sector Skill Council,In_Training,667,Handheld Barcode Scanner|Shrink Wrap Machine|Inventory Tagging,A,Customer Service & Professional Etiquette,9265,Logistics & Supply Chain,13500,North Delhi|Gurugram,Youth Livelihood & Logistics,False,True,3b0012021a4e35...qr
SKL-2026-0218,UTP-2026-0218,PRIS-DL-01,Tihar Central Prison No. 4,Overcrowded,200.7,SID-DE-99218,Sunil T.,Male,21,8th Standard,Leather Goods Fabrication,3,Leather Sector Skill Council (LSSC),Certified,680,Leather Skiving Machine|Heavy Duty Stitcher|Edge Burnisher,B,Digital Ethics|Professional Email Writing,9035,Footwear & Leather Craft,15000,South Delhi|North Delhi,Artisan Cooperatives & Reintegration,False,True,5ea154e464eff8...qr
SKL-2026-0219,UTP-2026-0219,PRIS-DL-01,Tihar Central Prison No. 4,Overcrowded,200.7,SID-DE-99219,Satish M.,Male,38,5th Standard,Data Entry & Office Automation,4,NIELIT / State Skill Development Mission,Certified,562,Typing 40+ WPM|MS Excel Fundamentals|Tally Prime Basics,A,Customer Service & Professional Etiquette,7592,IT & Office Administration,17500,North Delhi|South Delhi,Youth Employment & Digital Literacy,True,True,3be94bbf20341...qr
SKL-2026-0220,UTP-2026-0220,PRIS-DL-01,Tihar Central Prison No. 4,Overcrowded,200.7,SID-DE-99220,Mahesh Y.,Male,33,5th Standard,Domestic Electrician,3,Power Sector Skill Council / DGT,Certified,288,Single Phase Wiring|MCB Installation|Multimeter Testing,B,Team Coordination|Basic Numeracy,3509,Electrical & Facility Maintenance,15500,Gurugram|North Delhi,Technical Livelihoods & Vocational Training,False,True,141a5c14fbc500...qr
SKL-2026-0221,UTP-2026-0221,PRIS-DL-01,Tihar Central Prison No. 4,Overcrowded,200.7,SID-DE-99221,Chetan D.,Male,25,5th Standard,Bakery & Confectionery,3,FICSI / National Council for Vocational Training,Certified,220,Commercial Dough Mixer|Rotary Deck Oven|Bread Slicer,A,Customer Service & Professional Etiquette,2798,Food Processing & Bakery,14500,North Delhi|Gurugram,Skill Training & Micro-enterprise,True,True,2322899153bf4f...qr
SKL-2026-0222,UTP-2026-0222,PRIS-DL-01,Tihar Central Prison No. 4,Overcrowded,200.7,SID-DE-99222,Meena P.,Female,21,Illiterate (Adult Literacy Enrolled),Warehouse Packaging & Inventory,2,Logistics Sector Skill Council,Certified,368,Handheld Barcode Scanner|Shrink Wrap Machine|Inventory Tagging,A,Workplace Safety & Hazard Control,4443,Logistics & Supply Chain,13500,South Delhi|West Delhi,Youth Livelihood & Logistics,True,True,25833553e283a3...qr
SKL-2026-0223,UTP-2026-0223,PRIS-DL-01,Tihar Central Prison No. 4,Overcrowded,200.7,SID-DE-99223,Surinder C.,Male,42,8th Standard,Screen Printing & Packaging,2,Media & Entertainment Skill Council,Certified,609,Manual Screen Press|UV Exposure Unit|Ink Mixing,A,Workplace Communication|Conflict Management,5955,Commercial Printing & Signage,13000,West Delhi|North Delhi,Community Reintegration Support,True,True,40626ca28b5e9a...qr
SKL-2026-0224,UTP-2026-0224,PRIS-DL-01,Tihar Central Prison No. 4,Overcrowded,200.7,SID-DE-99224,Santosh D.,Male,21,10th Standard,Domestic Electrician,3,Power Sector Skill Council / DGT,Certified,369,Single Phase Wiring|MCB Installation|Multimeter Testing,B,Team Coordination|Basic Numeracy,3509,Electrical & Facility Maintenance,15500,West Delhi|Gurugram,Technical Livelihoods & Vocational Training,False,True,127eac0222c1d3...qr
SKL-2026-0225,UTP-2026-0225,PRIS-DL-01,Tihar Central Prison No. 4,Overcrowded,200.7,SID-DE-99225,Vicky M.,Male,41,Graduate (B.A./B.Com),Bakery & Confectionery,3,FICSI / National Council for Vocational Training,Certified,457,Commercial Dough Mixer|Rotary Deck Oven|Bread Slicer,C,Financial Literacy & Bank Account Operations,4946,Food Processing & Bakery,14500,Gurugram|West Delhi,Skill Training & Micro-enterprise,False,False,473b9b2c12935...qr
SKL-2026-0226,UTP-2026-0226,PRIS-DL-01,Tihar Central Prison No. 4,Overcrowded,200.7,SID-DE-99226,Pankaj G.,Male,24,ITI Diploma,Leather Goods Fabrication,3,Leather Sector Skill Council (LSSC),Assessment_Pending,455,Leather Skiving Machine|Heavy Duty Stitcher|Edge Burnisher,A,Food Safety & Hygiene|Time Management,4890,Footwear & Leather Craft,15000,West Delhi|Gurugram,Artisan Cooperatives & Reintegration,False,True,51ef44c1e51b26...qr
SKL-2026-0227,UTP-2026-0227,PRIS-DL-01,Tihar Central Prison No. 4,Overcrowded,200.7,SID-DE-99227,Pankaj M.,Male,39,Graduate (B.A./B.Com),Screen Printing & Packaging,2,Media & Entertainment Skill Council,In_Training,148,Manual Screen Press|UV Exposure Unit|Ink Mixing,A,Customer Service & Professional Etiquette,1581,Commercial Printing & Signage,13000,West Delhi|South Delhi,Community Reintegration Support,False,True,3fac76a1ec31d3...qr
SKL-2026-0228,UTP-2026-0228,PRIS-DL-01,Tihar Central Prison No. 4,Overcrowded,200.7,SID-DE-99228,Dinesh R.,Male,37,8th Standard,Leather Goods Fabrication,3,Leather Sector Skill Council (LSSC),Certified,605,Leather Skiving Machine|Heavy Duty Stitcher|Edge Burnisher,A,Team Coordination|Basic Numeracy,5762,Footwear & Leather Craft,15000,North Delhi|West Delhi,Artisan Cooperatives & Reintegration,True,True,49df0db17a5b17...qr
SKL-2026-0229,UTP-2026-0229,PRIS-DL-01,Tihar Central Prison No. 4,Overcrowded,200.7,SID-DE-99229,Amit K.,Male,35,Illiterate (Adult Literacy Enrolled),Garment Tailoring,3,Apparel Sector Skill Council / PMKVY,Certified,132,Single Needle Lockstitch|Overlock Machine|Pattern Cutting,A,Workplace Safety & Hazard Control,1798,Garment & Textile Manufacturing,15000,Gurugram|North Delhi,Vocational Livelihood & Rehabilitation,True,True,349d7bb38ff4b0...qr
SKL-2026-0230,UTP-2026-0230,PRIS-DL-01,Tihar Central Prison No. 4,Overcrowded,200.7,SID-DE-99230,Sunil G.,Male,37,Illiterate (Adult Literacy Enrolled),Warehouse Packaging & Inventory,2,Logistics Sector Skill Council,Certified,211,Handheld Barcode Scanner|Shrink Wrap Machine|Inventory Tagging,B,Team Coordination|Basic Numeracy,2580,Logistics & Supply Chain,13500,North Delhi|South Delhi,Youth Livelihood & Logistics,False,True,57f2d5013f3b69...qr
SKL-2026-0231,UTP-2026-0231,PRIS-DL-01,Tihar Central Prison No. 4,Overcrowded,200.7,SID-DE-99231,Subhash T.,Male,36,Illiterate (Adult Literacy Enrolled),Garment Tailoring,3,Apparel Sector Skill Council / PMKVY,Assessment_Pending,663,Single Needle Lockstitch|Overlock Machine|Pattern Cutting,A,Anger Management Module|Stress Resilience,8257,Garment & Textile Manufacturing,15000,Gurugram|South Delhi,Vocational Livelihood & Rehabilitation,False,True,1ae9df74df5523...qr
SKL-2026-0232,UTP-2026-0232,PRIS-DL-01,Tihar Central Prison No. 4,Overcrowded,200.7,SID-DE-99232,Manish K.,Male,24,ITI Diploma,Screen Printing & Packaging,2,Media & Entertainment Skill Council,In_Training,289,Manual Screen Press|UV Exposure Unit|Ink Mixing,C,Digital Ethics|Professional Email Writing,3812,Commercial Printing & Signage,13000,Gurugram|South Delhi,Community Reintegration Support,False,False,9c06833151aa4...qr
SKL-2026-0233,UTP-2026-0233,PRIS-DL-01,Tihar Central Prison No. 4,Overcrowded,200.7,SID-DE-99233,Rakesh S.,Male,23,Graduate (B.A./B.Com),CNC Machine Operator,4,Capital Goods Skill Council / DGT,Certified,693,3-Axis CNC Lathe|G-Code Programming|Vernier Caliper,A,Financial Literacy & Bank Account Operations,8295,Industrial Tooling & Precision Machining,21000,North Delhi|Gurugram,Technical Livelihoods & Industry Linkages,True,True,39c1650111093b...qr
SKL-2026-0234,UTP-2026-0234,PRIS-DL-01,Tihar Central Prison No. 4,Overcrowded,200.7,SID-DE-99234,Sunil D.,Male,41,10th Standard,Domestic Electrician,3,Power Sector Skill Council / DGT,Certified,271,Single Phase Wiring|MCB Installation|Multimeter Testing,A,Workplace Communication|Conflict Management,3570,Electrical & Facility Maintenance,15500,South Delhi|North Delhi,Technical Livelihoods & Vocational Training,True,True,5369b341b2500f...qr
SKL-2026-0235,UTP-2026-0235,PRIS-DL-01,Tihar Central Prison No. 4,Overcrowded,200.7,SID-DE-99235,Subhash V.,Male,35,Illiterate (Adult Literacy Enrolled),Leather Goods Fabrication,3,Leather Sector Skill Council (LSSC),Certified,466,Leather Skiving Machine|Heavy Duty Stitcher|Edge Burnisher,A,Digital Ethics|Professional Email Writing,5634,Footwear & Leather Craft,15000,Gurugram|South Delhi,Artisan Cooperatives & Reintegration,True,True,5dd3c081501c8c...qr
SKL-2026-0236,UTP-2026-0236,PRIS-DL-01,Tihar Central Prison No. 4,Overcrowded,200.7,SID-DE-99236,Ashok Y.,Male,20,Illiterate (Adult Literacy Enrolled),CNC Machine Operator,4,Capital Goods Skill Council / DGT,In_Training,166,3-Axis CNC Lathe|G-Code Programming|Vernier Caliper,A,Financial Literacy & Bank Account Operations,1469,Industrial Tooling & Precision Machining,21000,West Delhi|Gurugram,Technical Livelihoods & Industry Linkages,False,True,188df2620a968e...qr
SKL-2026-0237,UTP-2026-0237,PRIS-DL-01,Tihar Central Prison No. 4,Overcrowded,200.7,SID-DE-99237,Nitin P.,Male,21,8th Standard,Warehouse Packaging & Inventory,2,Logistics Sector Skill Council,Assessment_Pending,444,Handheld Barcode Scanner|Shrink Wrap Machine|Inventory Tagging,A,Anger Management Module|Stress Resilience,5453,Logistics & Supply Chain,13500,West Delhi|Gurugram,Youth Livelihood & Logistics,False,False,1bab8fb2fe6473...qr
SKL-2026-0238,UTP-2026-0238,PRIS-DL-01,Tihar Central Prison No. 4,Overcrowded,200.7,SID-DE-99238,Amit M.,Male,36,9th Standard,Warehouse Packaging & Inventory,2,Logistics Sector Skill Council,Certified,519,Handheld Barcode Scanner|Shrink Wrap Machine|Inventory Tagging,A,Digital Ethics|Professional Email Writing,5314,Logistics & Supply Chain,13500,Gurugram|North Delhi,Youth Livelihood & Logistics,True,False,56cc6892937691...qr
SKL-2026-0239,UTP-2026-0239,PRIS-DL-01,Tihar Central Prison No. 4,Overcrowded,200.7,SID-DE-99239,Tushar M.,Male,24,Illiterate (Adult Literacy Enrolled),CNC Machine Operator,4,Capital Goods Skill Council / DGT,Certified,214,3-Axis CNC Lathe|G-Code Programming|Vernier Caliper,A,Customer Service & Professional Etiquette,2031,Industrial Tooling & Precision Machining,21000,Gurugram|North Delhi,Technical Livelihoods & Industry Linkages,True,True,2ab2517ac09e8...qr
SKL-2026-0240,UTP-2026-0240,PRIS-DL-01,Tihar Central Prison No. 4,Overcrowded,200.7,SID-DE-99240,Vicky T.,Male,32,9th Standard,Bakery & Confectionery,3,FICSI / National Council for Vocational Training,Certified,380,Commercial Dough Mixer|Rotary Deck Oven|Bread Slicer,A,Workplace Communication|Conflict Management,3406,Food Processing & Bakery,14500,South Delhi|Gurugram,Skill Training & Micro-enterprise,True,True,ae7d973fce806...qr
SKL-2026-0241,UTP-2026-0241,PRIS-UP-01,Dasna District Jail (Ghaziabad),Overcrowded,126.0,SID-UT-99241,Balu C.,Male,39,8th Standard,Garment Tailoring,3,Apparel Sector Skill Council / PMKVY,Certified,455,Single Needle Lockstitch|Overlock Machine|Pattern Cutting,A,Anger Management Module|Stress Resilience,5948,Garment & Textile Manufacturing,15000,Ghaziabad|Gautam Buddha Nagar,Vocational Livelihood & Rehabilitation,True,True,2f1c4a42b6cc29...qr
SKL-2026-0242,UTP-2026-0242,PRIS-UP-01,Dasna District Jail (Ghaziabad),Overcrowded,126.0,SID-UT-99242,Satish G.,Male,58,5th Standard,Data Entry & Office Automation,4,NIELIT / State Skill Development Mission,In_Training,131,Typing 40+ WPM|MS Excel Fundamentals|Tally Prime Basics,A,Workplace Safety & Hazard Control,1276,IT & Office Administration,17500,Hapur|Gautam Buddha Nagar,Youth Employment & Digital Literacy,False,True,405d4ca20db25b...qr
SKL-2026-0243,UTP-2026-0243,PRIS-UP-01,Dasna District Jail (Ghaziabad),Overcrowded,126.0,SID-UT-99243,Suraj P.,Male,21,5th Standard,Data Entry & Office Automation,4,NIELIT / State Skill Development Mission,In_Training,656,Typing 40+ WPM|MS Excel Fundamentals|Tally Prime Basics,A,Customer Service & Professional Etiquette,6050,IT & Office Administration,17500,Ghaziabad|Hapur,Youth Employment & Digital Literacy,False,True,35958c649896fd...qr
SKL-2026-0244,UTP-2026-0244,PRIS-UP-01,Dasna District Jail (Ghaziabad),Overcrowded,126.0,SID-UT-99244,Sangeeta S.,Female,37,10th Standard,Bakery & Confectionery,3,FICSI / National Council for Vocational Training,Certified,341,Commercial Dough Mixer|Rotary Deck Oven|Bread Slicer,C,Digital Ethics|Professional Email Writing,3328,Food Processing & Bakery,14500,Gautam Buddha Nagar|Hapur,Skill Training & Micro-enterprise,False,False,2222acc1c40631...qr
SKL-2026-0245,UTP-2026-0245,PRIS-UP-01,Dasna District Jail (Ghaziabad),Overcrowded,126.0,SID-UT-99245,Harish S.,Male,22,Illiterate (Adult Literacy Enrolled),Warehouse Packaging & Inventory,2,Logistics Sector Skill Council,Certified,665,Handheld Barcode Scanner|Shrink Wrap Machine|Inventory Tagging,A,Digital Ethics|Professional Email Writing,6575,Logistics & Supply Chain,13500,Hapur|Gautam Buddha Nagar,Youth Livelihood & Logistics,True,True,17cff9d15f034e...qr
SKL-2026-0246,UTP-2026-0246,PRIS-UP-01,Dasna District Jail (Ghaziabad),Overcrowded,126.0,SID-UT-99246,Vijay S.,Male,37,5th Standard,Screen Printing & Packaging,2,Media & Entertainment Skill Council,In_Training,691,Manual Screen Press|UV Exposure Unit|Ink Mixing,A,Digital Ethics|Professional Email Writing,6040,Commercial Printing & Signage,13000,Gautam Buddha Nagar|Hapur,Community Reintegration Support,False,True,29dc2975142d35...qr
SKL-2026-0247,UTP-2026-0247,PRIS-UP-01,Dasna District Jail (Ghaziabad),Overcrowded,126.0,SID-UT-99247,Vinod D.,Male,23,5th Standard,CNC Machine Operator,4,Capital Goods Skill Council / DGT,In_Training,468,3-Axis CNC Lathe|G-Code Programming|Vernier Caliper,A,Digital Ethics|Professional Email Writing,3987,Industrial Tooling & Precision Machining,21000,Gautam Buddha Nagar|Meerut,Technical Livelihoods & Industry Linkages,False,True,4b2cb1e43d54be...qr
SKL-2026-0248,UTP-2026-0248,PRIS-UP-01,Dasna District Jail (Ghaziabad),Overcrowded,126.0,SID-UT-99248,Mukesh Y.,Male,39,5th Standard,Warehouse Packaging & Inventory,2,Logistics Sector Skill Council,Assessment_Pending,657,Handheld Barcode Scanner|Shrink Wrap Machine|Inventory Tagging,A,Digital Ethics|Professional Email Writing,7060,Logistics & Supply Chain,13500,Meerut|Gautam Buddha Nagar,Youth Livelihood & Logistics,False,True,59a8b5aade763...qr
SKL-2026-0249,UTP-2026-0249,PRIS-UP-01,Dasna District Jail (Ghaziabad),Overcrowded,126.0,SID-UT-99249,Manoj K.,Male,57,8th Standard,Data Entry & Office Automation,4,NIELIT / State Skill Development Mission,In_Training,337,Typing 40+ WPM|MS Excel Fundamentals|Tally Prime Basics,A,Digital Ethics|Professional Email Writing,4064,IT & Office Administration,17500,Ghaziabad|Gautam Buddha Nagar,Youth Employment & Digital Literacy,False,True,20496713bfe76e...qr
SKL-2026-0250,UTP-2026-0250,PRIS-UP-01,Dasna District Jail (Ghaziabad),Overcrowded,126.0,SID-UT-99250,Sachin K.,Male,24,12th Standard,Warehouse Packaging & Inventory,2,Logistics Sector Skill Council,Certified,309,Handheld Barcode Scanner|Shrink Wrap Machine|Inventory Tagging,A,Financial Literacy & Bank Account Operations,4012,Logistics & Supply Chain,13500,Meerut|Gautam Buddha Nagar,Youth Livelihood & Logistics,True,True,28be88f10b055b...qr
SKL-2026-0251,UTP-2026-0251,PRIS-UP-01,Dasna District Jail (Ghaziabad),Overcrowded,126.0,SID-UT-99251,Suraj C.,male,24,5th Standard,Wood Furniture Making & Carpentry,3,Furniture & Fittings Skill Council (FFSC),Certified,291,Circular Saw|Wood Surface Planer|Laminate Press,B,Food Safety & Hygiene|Time Management,3906,Furniture Manufacturing & Carpentry,16000,Gautam Buddha Nagar|Ghaziabad,Vocational Training & Micro-enterprise,False,True,3465939564979b...qr
SKL-2026-0252,UTP-2026-0252,PRIS-UP-01,Dasna District Jail (Ghaziabad),Overcrowded,126.0,SID-UT-99252,Pankaj D.,Male,36,Illiterate (Adult Literacy Enrolled),Wood Furniture Making & Carpentry,3,Furniture & Fittings Skill Council (FFSC),Certified,299,Circular Saw|Wood Surface Planer|Laminate Press,A,Team Coordination|Basic Numeracy,3066,Furniture Manufacturing & Carpentry,16000,Hapur|Gautam Buddha Nagar,Vocational Training & Micro-enterprise,True,True,3e8588d568f531...qr
SKL-2026-0253,UTP-2026-0253,PRIS-UP-01,Dasna District Jail (Ghaziabad),Overcrowded,126.0,SID-UT-99253,Sunil D.,Male,23,Graduate (B.A./B.Com),Organic Farming & Horticulture,3,Agriculture Skill Council of India (ASCI),Assessment_Pending,229,Drip Irrigation Setup|Composting Unit|Power Weeder,A,Digital Ethics|Professional Email Writing,2317,Agriculture & Rural Enterprise,14000,Gautam Buddha Nagar|Meerut,Rural Development & Agro Livelihoods,False,True,3f6f41a28938fb...qr
SKL-2026-0254,UTP-2026-0254,PRIS-UP-01,Dasna District Jail (Ghaziabad),Overcrowded,126.0,SID-UT-99254,Manoj S.,Male,34,10th Standard,Organic Farming & Horticulture,3,Agriculture Skill Council of India (ASCI),In_Training,593,Drip Irrigation Setup|Composting Unit|Power Weeder,A,Customer Service & Professional Etiquette,7397,Agriculture & Rural Enterprise,14000,Hapur|Meerut,Rural Development & Agro Livelihoods,False,True,2e3e41517c7647...qr
SKL-2026-0255,UTP-2026-0255,PRIS-UP-01,Dasna District Jail (Ghaziabad),Overcrowded,126.0,SID-UT-99255,Ajay R.,Male,25,10th Standard,Bakery & Confectionery,3,FICSI / National Council for Vocational Training,Certified,423,Commercial Dough Mixer|Rotary Deck Oven|Bread Slicer,A,Customer Service & Professional Etiquette,3978,Food Processing & Bakery,14500,Meerut|Hapur,Skill Training & Micro-enterprise,True,True,2c1621617697c8...qr
SKL-2026-0256,UTP-2026-0256,PRIS-UP-01,Dasna District Jail (Ghaziabad),Overcrowded,126.0,SID-UT-99256,Vinod R.,Male,21,Illiterate (Adult Literacy Enrolled),Wood Furniture Making & Carpentry,3,Furniture & Fittings Skill Council (FFSC),Certified,406,Circular Saw|Wood Surface Planer|Laminate Press,A,Anger Management Module|Stress Resilience,4153,Furniture Manufacturing & Carpentry,16000,Hapur|Meerut,Vocational Training & Micro-enterprise,True,True,1a1d6a61600594...qr
SKL-2026-0257,UTP-2026-0257,PRIS-UP-01,Dasna District Jail (Ghaziabad),Overcrowded,126.0,SID-UT-99257,Dharmendra P.,Male,25,9th Standard,Warehouse Packaging & Inventory,2,Logistics Sector Skill Council,Assessment_Pending,202,Handheld Barcode Scanner|Shrink Wrap Machine|Inventory Tagging,A,Customer Service & Professional Etiquette,1982,Logistics & Supply Chain,13500,Ghaziabad|Hapur,Youth Livelihood & Logistics,False,True,49383bf1601351...qr
SKL-2026-0258,UTP-2026-0258,PRIS-UP-01,Dasna District Jail (Ghaziabad),Overcrowded,126.0,SID-UT-99258,Vicky S.,Male,59,Illiterate (Adult Literacy Enrolled),Organic Farming & Horticulture,3,Agriculture Skill Council of India (ASCI),In_Training,468,Drip Irrigation Setup|Composting Unit|Power Weeder,B,Digital Ethics|Professional Email Writing,5112,Agriculture & Rural Enterprise,14000,Meerut|Gautam Buddha Nagar,Rural Development & Agro Livelihoods,False,True,3e6cf474a4c20b...qr
SKL-2026-0259,UTP-2026-0259,PRIS-UP-01,Dasna District Jail (Ghaziabad),Overcrowded,126.0,SID-UT-99259,Ajay R.,Male,40,10th Standard,Leather Goods Fabrication,3,Leather Sector Skill Council (LSSC),Certified,432,Leather Skiving Machine|Heavy Duty Stitcher|Edge Burnisher,A,Financial Literacy & Bank Account Operations,4177,Footwear & Leather Craft,15000,Hapur|Ghaziabad,Artisan Cooperatives & Reintegration,True,True,e6fd784f4ea0b...qr
SKL-2026-0260,UTP-2026-0260,PRIS-UP-01,Dasna District Jail (Ghaziabad),Overcrowded,126.0,SID-UT-99260,Subhash D.,Male,24,12th Standard,Organic Farming & Horticulture,3,Agriculture Skill Council of India (ASCI),Certified,582,Drip Irrigation Setup|Composting Unit|Power Weeder,A,Workplace Communication|Conflict Management,5242,Agriculture & Rural Enterprise,14000,Hapur|Gautam Buddha Nagar,Rural Development & Agro Livelihoods,True,True,2f8a6381e98d53...qr
SKL-2026-0261,UTP-2026-0261,PRIS-UP-01,Dasna District Jail (Ghaziabad),Overcrowded,126.0,SID-UT-99261,Ganesh C.,Male,25,Illiterate (Adult Literacy Enrolled),Warehouse Packaging & Inventory,2,Logistics Sector Skill Council,Assessment_Pending,471,Handheld Barcode Scanner|Shrink Wrap Machine|Inventory Tagging,A,Workplace Communication|Conflict Management,6563,Logistics & Supply Chain,13500,Gautam Buddha Nagar|Meerut,Youth Livelihood & Logistics,False,True,5391aa1160284c...qr
SKL-2026-0262,UTP-2026-0262,PRIS-UP-01,Dasna District Jail (Ghaziabad),Overcrowded,126.0,SID-UT-99262,Lata B.,Female,41,8th Standard,Data Entry & Office Automation,4,NIELIT / State Skill Development Mission,Certified,536,Typing 40+ WPM|MS Excel Fundamentals|Tally Prime Basics,A,Customer Service & Professional Etiquette,5680,IT & Office Administration,17500,Hapur|Meerut,Youth Employment & Digital Literacy,True,True,58f1e72163cd02...qr
SKL-2026-0263,UTP-2026-0263,PRIS-UP-01,Dasna District Jail (Ghaziabad),Overcrowded,126.0,SID-UT-99263,Gopal K.,Male,23,5th Standard,CNC Machine Operator,4,Capital Goods Skill Council / DGT,In_Training,395,3-Axis CNC Lathe|G-Code Programming|Vernier Caliper,B,Customer Service & Professional Etiquette,4820,Industrial Tooling & Precision Machining,21000,Ghaziabad|Gautam Buddha Nagar,Technical Livelihoods & Industry Linkages,False,False,ce57641d2b35a...qr
SKL-2026-0264,UTP-2026-0264,PRIS-UP-01,Dasna District Jail (Ghaziabad),Overcrowded,126.0,SID-UT-99264,Mukesh S.,Male,24,8th Standard,Data Entry & Office Automation,4,NIELIT / State Skill Development Mission,Certified,624,Typing 40+ WPM|MS Excel Fundamentals|Tally Prime Basics,B,Workplace Safety & Hazard Control,8177,IT & Office Administration,17500,Gautam Buddha Nagar|Hapur,Youth Employment & Digital Literacy,False,True,157986fcd195d...qr
SKL-2026-0265,UTP-2026-0265,PRIS-UP-01,Dasna District Jail (Ghaziabad),Overcrowded,126.0,SID-UT-99265,Mohan D.,M,42,9th Standard,Garment Tailoring,3,Apparel Sector Skill Council / PMKVY,Certified,277,Single Needle Lockstitch|Overlock Machine|Pattern Cutting,A,Food Safety & Hygiene|Time Management,2517,Garment & Textile Manufacturing,15000,Meerut|Gautam Buddha Nagar,Vocational Livelihood & Rehabilitation,True,True,156987113710a7...qr
SKL-2026-0266,UTP-2026-0266,PRIS-UP-01,Dasna District Jail (Ghaziabad),Overcrowded,126.0,SID-UT-99266,Vinod B.,Male,31,Illiterate (Adult Literacy Enrolled),Bakery & Confectionery,3,FICSI / National Council for Vocational Training,Certified,173,Commercial Dough Mixer|Rotary Deck Oven|Bread Slicer,A,Digital Ethics|Professional Email Writing,1676,Food Processing & Bakery,14500,Meerut|Ghaziabad,Skill Training & Micro-enterprise,True,True,d4ffbf33763a6...qr
SKL-2026-0267,UTP-2026-0267,PRIS-UP-01,Dasna District Jail (Ghaziabad),Overcrowded,126.0,SID-UT-99267,Karan K.,Male,21,8th Standard,Organic Farming & Horticulture,3,Agriculture Skill Council of India (ASCI),Certified,554,Drip Irrigation Setup|Composting Unit|Power Weeder,A,Team Coordination|Basic Numeracy,6607,Agriculture & Rural Enterprise,14000,Hapur|Gautam Buddha Nagar,Rural Development & Agro Livelihoods,True,True,36b5bdd396757e...qr
SKL-2026-0268,UTP-2026-0268,PRIS-UP-01,Dasna District Jail (Ghaziabad),Overcrowded,126.0,SID-UT-99268,Pravin D.,Male,39,10th Standard,Screen Printing & Packaging,2,Media & Entertainment Skill Council,In_Training,540,Manual Screen Press|UV Exposure Unit|Ink Mixing,A,Anger Management Module|Stress Resilience,6155,Commercial Printing & Signage,13000,Ghaziabad|Meerut,Community Reintegration Support,False,True,5759377131d3ed...qr
SKL-2026-0269,UTP-2026-0269,PRIS-UP-01,Dasna District Jail (Ghaziabad),Overcrowded,126.0,SID-UT-99269,Ganesh T.,Male,21,Illiterate (Adult Literacy Enrolled),CNC Machine Operator,4,Capital Goods Skill Council / DGT,Certified,241,3-Axis CNC Lathe|G-Code Programming|Vernier Caliper,A,Customer Service & Professional Etiquette,3007,Industrial Tooling & Precision Machining,21000,Meerut|Gautam Buddha Nagar,Technical Livelihoods & Industry Linkages,True,True,3cc7e3c13bf37d...qr
SKL-2026-0270,UTP-2026-0270,PRIS-UP-01,Dasna District Jail (Ghaziabad),Overcrowded,126.0,SID-UT-99270,Deepak C.,Male,38,Illiterate (Adult Literacy Enrolled),Garment Tailoring,3,Apparel Sector Skill Council / PMKVY,Assessment_Pending,248,Single Needle Lockstitch|Overlock Machine|Pattern Cutting,A,Customer Service & Professional Etiquette,2476,Garment & Textile Manufacturing,15000,Gautam Buddha Nagar|Ghaziabad,Vocational Livelihood & Rehabilitation,False,True,18e256019b3a27...qr
SKL-2026-0271,UTP-2026-0271,PRIS-UP-01,Dasna District Jail (Ghaziabad),Overcrowded,126.0,SID-UT-99271,Vicky S.,Male,40,8th Standard,Domestic Electrician,3,Power Sector Skill Council / DGT,Certified,508,Single Phase Wiring|MCB Installation|Multimeter Testing,A,Team Coordination|Basic Numeracy,6442,Electrical & Facility Maintenance,15500,Meerut|Hapur,Technical Livelihoods & Vocational Training,True,True,1d3fa494a1d3c7...qr
SKL-2026-0272,UTP-2026-0272,PRIS-UP-01,Dasna District Jail (Ghaziabad),Overcrowded,126.0,SID-UT-99272,Balu S.,Male,24,Illiterate (Adult Literacy Enrolled),CNC Machine Operator,4,Capital Goods Skill Council / DGT,Certified,318,3-Axis CNC Lathe|G-Code Programming|Vernier Caliper,A,Team Coordination|Basic Numeracy,2795,Industrial Tooling & Precision Machining,21000,Meerut|Gautam Buddha Nagar,Technical Livelihoods & Industry Linkages,True,True,5c8f7193a7fe78...qr
SKL-2026-0273,UTP-2026-0273,PRIS-UP-01,Dasna District Jail (Ghaziabad),Overcrowded,126.0,SID-UT-99273,Pankaj S.,Male,39,8th Standard,Wood Furniture Making & Carpentry,3,Furniture & Fittings Skill Council (FFSC),Certified,357,Circular Saw|Wood Surface Planer|Laminate Press,A,Workplace Safety & Hazard Control,4475,Furniture Manufacturing & Carpentry,16000,Ghaziabad|Hapur,Vocational Training & Micro-enterprise,True,True,592afaf468fd2b...qr
SKL-2026-0274,UTP-2026-0274,PRIS-UP-01,Dasna District Jail (Ghaziabad),Overcrowded,126.0,SID-UT-99274,Rahul K.,Male,26,10th Standard,Garment Tailoring,3,Apparel Sector Skill Council / PMKVY,Certified,691,Single Needle Lockstitch|Overlock Machine|Pattern Cutting,B,Digital Ethics|Professional Email Writing,8742,Garment & Textile Manufacturing,15000,Ghaziabad|Hapur,Vocational Livelihood & Rehabilitation,False,True,3480e1b4378bd2...qr
SKL-2026-0275,UTP-2026-0275,PRIS-UP-01,Dasna District Jail (Ghaziabad),Overcrowded,126.0,SID-UT-99275,Raju M.,Male,18,Illiterate (Adult Literacy Enrolled),Bakery & Confectionery,3,FICSI / National Council for Vocational Training,Assessment_Pending,570,Commercial Dough Mixer|Rotary Deck Oven|Bread Slicer,C,Financial Literacy & Bank Account Operations,7940,Food Processing & Bakery,14500,Gautam Buddha Nagar|Hapur,Skill Training & Micro-enterprise,False,True,36305c633ee06a...qr
SKL-2026-0276,UTP-2026-0276,PRIS-UP-01,Dasna District Jail (Ghaziabad),Overcrowded,126.0,SID-UT-99276,Ganesh M.,Male,24,Illiterate (Adult Literacy Enrolled),Wood Furniture Making & Carpentry,3,Furniture & Fittings Skill Council (FFSC),Certified,406,Circular Saw|Wood Surface Planer|Laminate Press,A,Workplace Communication|Conflict Management,4541,Furniture Manufacturing & Carpentry,16000,Ghaziabad|Gautam Buddha Nagar,Vocational Training & Micro-enterprise,True,True,99e6f1fec98b...qr
SKL-2026-0277,UTP-2026-0277,PRIS-UP-01,Dasna District Jail (Ghaziabad),Overcrowded,126.0,SID-UT-99277,Raju J.,Male,41,8th Standard,Screen Printing & Packaging,2,Media & Entertainment Skill Council,In_Training,630,Manual Screen Press|UV Exposure Unit|Ink Mixing,A,Anger Management Module|Stress Resilience,6221,Commercial Printing & Signage,13000,Hapur|Meerut,Community Reintegration Support,False,True,309384b147e477...qr
SKL-2026-0278,UTP-2026-0278,PRIS-UP-01,Dasna District Jail (Ghaziabad),Overcrowded,126.0,SID-UT-99278,Rohit M.,Male,33,12th Standard,Screen Printing & Packaging,2,Media & Entertainment Skill Council,Certified,644,Manual Screen Press|UV Exposure Unit|Ink Mixing,A,Workplace Communication|Conflict Management,7113,Commercial Printing & Signage,13000,Hapur|Ghaziabad,Community Reintegration Support,True,True,2c1e7ed5cb8ac1...qr
SKL-2026-0279,UTP-2026-0279,PRIS-UP-01,Dasna District Jail (Ghaziabad),Overcrowded,126.0,SID-UT-99279,Surinder P.,Male,41,12th Standard,Screen Printing & Packaging,2,Media & Entertainment Skill Council,Certified,385,Manual Screen Press|UV Exposure Unit|Ink Mixing,A,Workplace Communication|Conflict Management,5035,Commercial Printing & Signage,13000,Hapur|Gautam Buddha Nagar,Community Reintegration Support,True,True,1920ec32fed4ed...qr
SKL-2026-0280,UTP-2026-0280,PRIS-UP-01,Dasna District Jail (Ghaziabad),Overcrowded,126.0,SID-UT-99280,Nitin S.,Male,24,5th Standard,Leather Goods Fabrication,3,Leather Sector Skill Council (LSSC),In_Training,498,Leather Skiving Machine|Heavy Duty Stitcher|Edge Burnisher,B,Digital Ethics|Professional Email Writing,4309,Footwear & Leather Craft,15000,Hapur|Ghaziabad,Artisan Cooperatives & Reintegration,False,True,af27f753d87a5...qr
SKL-2026-0281,UTP-2026-0281,PRIS-UP-01,Dasna District Jail (Ghaziabad),Overcrowded,126.0,SID-UT-99281,Harish D.,Male,57,5th Standard,Organic Farming & Horticulture,3,Agriculture Skill Council of India (ASCI),Certified,578,Drip Irrigation Setup|Composting Unit|Power Weeder,A,Workplace Safety & Hazard Control,5324,Agriculture & Rural Enterprise,14000,Meerut|Hapur,Rural Development & Agro Livelihoods,True,True,3617ca5545a148...qr
SKL-2026-0282,UTP-2026-0282,PRIS-UP-01,Dasna District Jail (Ghaziabad),Overcrowded,126.0,SID-UT-99282,Kishore K.,Male,20,8th Standard,Bakery & Confectionery,3,FICSI / National Council for Vocational Training,Certified,568,Commercial Dough Mixer|Rotary Deck Oven|Bread Slicer,A,Digital Ethics|Professional Email Writing,5831,Food Processing & Bakery,14500,Hapur|Gautam Buddha Nagar,Skill Training & Micro-enterprise,True,True,5b1f97452fb04a...qr
SKL-2026-0283,UTP-2026-0283,PRIS-UP-01,Dasna District Jail (Ghaziabad),Overcrowded,126.0,SID-UT-99283,Sachin Y.,Male,25,8th Standard,CNC Machine Operator,4,Capital Goods Skill Council / DGT,In_Training,543,3-Axis CNC Lathe|G-Code Programming|Vernier Caliper,A,Team Coordination|Basic Numeracy,5680,Industrial Tooling & Precision Machining,21000,Gautam Buddha Nagar|Ghaziabad,Technical Livelihoods & Industry Linkages,False,True,5998d4839ae0c5...qr
SKL-2026-0284,UTP-2026-0284,PRIS-UP-01,Dasna District Jail (Ghaziabad),Overcrowded,126.0,SID-UT-99284,Satish K.,Male,23,10th Standard,CNC Machine Operator,4,Capital Goods Skill Council / DGT,Certified,501,3-Axis CNC Lathe|G-Code Programming|Vernier Caliper,B,Workplace Safety & Hazard Control,6058,Industrial Tooling & Precision Machining,21000,Ghaziabad|Gautam Buddha Nagar,Technical Livelihoods & Industry Linkages,False,True,2333c25345ba75...qr
SKL-2026-0285,UTP-2026-0285,PRIS-UP-01,Dasna District Jail (Ghaziabad),Overcrowded,126.0,SID-UT-99285,Santosh D.,Male,25,Illiterate (Adult Literacy Enrolled),Bakery & Confectionery,3,FICSI / National Council for Vocational Training,Certified,575,Commercial Dough Mixer|Rotary Deck Oven|Bread Slicer,C,Financial Literacy & Bank Account Operations,5847,Food Processing & Bakery,14500,Gautam Buddha Nagar|Ghaziabad,Skill Training & Micro-enterprise,False,False,109f546ce8f7d...qr
SKL-2026-0286,UTP-2026-0286,PRIS-UP-01,Dasna District Jail (Ghaziabad),Overcrowded,126.0,SID-UT-99286,Sachin M.,Male,31,10th Standard,Leather Goods Fabrication,3,Leather Sector Skill Council (LSSC),In_Training,627,Leather Skiving Machine|Heavy Duty Stitcher|Edge Burnisher,A,Workplace Communication|Conflict Management,8340,Footwear & Leather Craft,15000,Gautam Buddha Nagar|Ghaziabad,Artisan Cooperatives & Reintegration,False,True,19c1a1f41ac016...qr
SKL-2026-0287,UTP-2026-0287,PRIS-UP-01,Dasna District Jail (Ghaziabad),Overcrowded,126.0,SID-UT-99287,Ajay G.,Male,22,10th Standard,Warehouse Packaging & Inventory,2,Logistics Sector Skill Council,Certified,222,Handheld Barcode Scanner|Shrink Wrap Machine|Inventory Tagging,B,Financial Literacy & Bank Account Operations,2228,Logistics & Supply Chain,13500,Gautam Buddha Nagar|Ghaziabad,Youth Livelihood & Logistics,False,True,4c395e6270b9b8...qr
SKL-2026-0288,UTP-2026-0288,PRIS-UP-01,Dasna District Jail (Ghaziabad),Overcrowded,126.0,SID-UT-99288,Vijay S.,Male,32,8th Standard,Leather Goods Fabrication,3,Leather Sector Skill Council (LSSC),Certified,458,Leather Skiving Machine|Heavy Duty Stitcher|Edge Burnisher,A,Workplace Communication|Conflict Management,5556,Footwear & Leather Craft,15000,Ghaziabad|Meerut,Artisan Cooperatives & Reintegration,True,True,cdd1d85774934...qr
SKL-2026-0289,UTP-2026-0289,PRIS-UP-01,Dasna District Jail (Ghaziabad),Overcrowded,126.0,SID-UT-99289,Sunil B.,Male,35,Illiterate (Adult Literacy Enrolled),Wood Furniture Making & Carpentry,3,Furniture & Fittings Skill Council (FFSC),Certified,610,Circular Saw|Wood Surface Planer|Laminate Press,B,Digital Ethics|Professional Email Writing,8230,Furniture Manufacturing & Carpentry,16000,Meerut|Hapur,Vocational Training & Micro-enterprise,False,True,147c473298732b...qr
SKL-2026-0290,UTP-2026-0290,PRIS-UP-01,Dasna District Jail (Ghaziabad),Overcrowded,126.0,SID-UT-99290,Vikram G.,Male,22,Illiterate (Adult Literacy Enrolled),Bakery & Confectionery,3,FICSI / National Council for Vocational Training,Certified,424,Commercial Dough Mixer|Rotary Deck Oven|Bread Slicer,A,Digital Ethics|Professional Email Writing,4205,Food Processing & Bakery,14500,Meerut|Gautam Buddha Nagar,Skill Training & Micro-enterprise,True,True,19d23b826a5782...qr
SKL-2026-0291,UTP-2026-0291,PRIS-UP-01,Dasna District Jail (Ghaziabad),Overcrowded,126.0,SID-UT-99291,Vicky G.,Male,19,5th Standard,Domestic Electrician,3,Power Sector Skill Council / DGT,Certified,637,Single Phase Wiring|MCB Installation|Multimeter Testing,A,Customer Service & Professional Etiquette,8483,Electrical & Facility Maintenance,15500,Gautam Buddha Nagar|Ghaziabad,Technical Livelihoods & Vocational Training,True,True,37a749f346a386...qr
SKL-2026-0292,UTP-2026-0292,PRIS-UP-01,Dasna District Jail (Ghaziabad),Overcrowded,126.0,SID-UT-99292,Vinod C.,Male,23,Graduate (B.A./B.Com),Bakery & Confectionery,3,FICSI / National Council for Vocational Training,Assessment_Pending,541,Commercial Dough Mixer|Rotary Deck Oven|Bread Slicer,C,Customer Service & Professional Etiquette,6202,Food Processing & Bakery,14500,Ghaziabad|Meerut,Skill Training & Micro-enterprise,False,True,573eecc45feb02...qr
SKL-2026-0293,UTP-2026-0293,PRIS-UP-01,Dasna District Jail (Ghaziabad),Overcrowded,126.0,SID-UT-99293,Mukesh D.,Male,42,Illiterate (Adult Literacy Enrolled),Leather Goods Fabrication,3,Leather Sector Skill Council (LSSC),In_Training,690,Leather Skiving Machine|Heavy Duty Stitcher|Edge Burnisher,B,Anger Management Module|Stress Resilience,8811,Footwear & Leather Craft,15000,Hapur|Meerut,Artisan Cooperatives & Reintegration,False,True,1b37fb9570bed3...qr
SKL-2026-0294,UTP-2026-0294,PRIS-UP-01,Dasna District Jail (Ghaziabad),Overcrowded,126.0,SID-UT-99294,Vikram G.,Male,26,ITI Diploma,CNC Machine Operator,4,Capital Goods Skill Council / DGT,In_Training,445,3-Axis CNC Lathe|G-Code Programming|Vernier Caliper,A,Anger Management Module|Stress Resilience,5525,Industrial Tooling & Precision Machining,21000,Ghaziabad|Gautam Buddha Nagar,Technical Livelihoods & Industry Linkages,False,True,34a0710553ef51...qr
SKL-2026-0295,UTP-2026-0295,PRIS-UP-01,Dasna District Jail (Ghaziabad),Overcrowded,126.0,SID-UT-99295,Gopal K.,Male,23,5th Standard,Leather Goods Fabrication,3,Leather Sector Skill Council (LSSC),Certified,602,Leather Skiving Machine|Heavy Duty Stitcher|Edge Burnisher,A,Food Safety & Hygiene|Time Management,5886,Footwear & Leather Craft,15000,Hapur|Gautam Buddha Nagar,Artisan Cooperatives & Reintegration,True,False,4bccaac4cc2f39...qr
SKL-2026-0296,UTP-2026-0296,PRIS-UP-01,Dasna District Jail (Ghaziabad),Overcrowded,126.0,SID-UT-99296,Pankaj V.,Male,21,Illiterate (Adult Literacy Enrolled),Data Entry & Office Automation,4,NIELIT / State Skill Development Mission,Certified,518,Typing 40+ WPM|MS Excel Fundamentals|Tally Prime Basics,A,Workplace Communication|Conflict Management,7137,IT & Office Administration,17500,Gautam Buddha Nagar|Ghaziabad,Youth Employment & Digital Literacy,True,True,cd613b38d682e...qr
SKL-2026-0297,UTP-2026-0297,PRIS-UP-01,Dasna District Jail (Ghaziabad),Overcrowded,126.0,SID-UT-99297,Satish B.,Male,36,9th Standard,Organic Farming & Horticulture,3,Agriculture Skill Council of India (ASCI),Certified,621,Drip Irrigation Setup|Composting Unit|Power Weeder,A,Team Coordination|Basic Numeracy,8326,Agriculture & Rural Enterprise,14000,Ghaziabad|Gautam Buddha Nagar,Rural Development & Agro Livelihoods,True,True,4c43428322e233...qr
SKL-2026-0298,UTP-2026-0298,PRIS-UP-01,Dasna District Jail (Ghaziabad),Overcrowded,126.0,SID-UT-99298,Vijay T.,Male,58,Illiterate (Adult Literacy Enrolled),Screen Printing & Packaging,2,Media & Entertainment Skill Council,Certified,477,Manual Screen Press|UV Exposure Unit|Ink Mixing,A,Customer Service & Professional Etiquette,5709,Commercial Printing & Signage,13000,Gautam Buddha Nagar|Meerut,Community Reintegration Support,True,True,4d6f8e85da00c3...qr
SKL-2026-0299,UTP-2026-0299,PRIS-UP-01,Dasna District Jail (Ghaziabad),Overcrowded,126.0,SID-UT-99299,Anil S.,Male,25,12th Standard,Organic Farming & Horticulture,3,Agriculture Skill Council of India (ASCI),In_Training,556,Drip Irrigation Setup|Composting Unit|Power Weeder,A,Workplace Communication|Conflict Management,5615,Agriculture & Rural Enterprise,14000,Gautam Buddha Nagar|Hapur,Rural Development & Agro Livelihoods,False,True,32e7c322b05afe...qr
SKL-2026-0300,UTP-2026-0300,PRIS-UP-01,Dasna District Jail (Ghaziabad),Overcrowded,126.0,SID-UT-99300,Ganesh G.,Male,19,Illiterate (Adult Literacy Enrolled),CNC Machine Operator,4,Capital Goods Skill Council / DGT,Certified,361,3-Axis CNC Lathe|G-Code Programming|Vernier Caliper,A,Digital Ethics|Professional Email Writing,4732,Industrial Tooling & Precision Machining,21000,Hapur|Meerut,Technical Livelihoods & Industry Linkages,True,True,1e324c53964b45...qr
SKL-2026-0301,UTP-2026-0301,PRIS-UP-01,Dasna District Jail (Ghaziabad),Overcrowded,126.0,SID-UT-99301,Amit M.,Male,19,Illiterate (Adult Literacy Enrolled),Bakery & Confectionery,3,FICSI / National Council for Vocational Training,Certified,595,Commercial Dough Mixer|Rotary Deck Oven|Bread Slicer,C,Workplace Communication|Conflict Management,5105,Food Processing & Bakery,14500,Gautam Buddha Nagar|Ghaziabad,Skill Training & Micro-enterprise,False,False,54d367e3b99c11...qr
SKL-2026-0302,UTP-2026-0302,PRIS-UP-01,Dasna District Jail (Ghaziabad),Overcrowded,126.0,SID-UT-99302,Surinder G.,Male,31,10th Standard,Leather Goods Fabrication,3,Leather Sector Skill Council (LSSC),Certified,504,Leather Skiving Machine|Heavy Duty Stitcher|Edge Burnisher,A,Workplace Safety & Hazard Control,5205,Footwear & Leather Craft,15000,Ghaziabad|Hapur,Artisan Cooperatives & Reintegration,True,True,241eb95483b8c5...qr
SKL-2026-0303,UTP-2026-0303,PRIS-UP-01,Dasna District Jail (Ghaziabad),Overcrowded,126.0,SID-UT-99303,Karan D.,Male,41,5th Standard,Domestic Electrician,3,Power Sector Skill Council / DGT,Certified,520,Single Phase Wiring|MCB Installation|Multimeter Testing,B,Food Safety & Hygiene|Time Management,7054,Electrical & Facility Maintenance,15500,Hapur|Meerut,Technical Livelihoods & Vocational Training,False,True,19d432db47dac...qr
SKL-2026-0304,UTP-2026-0304,PRIS-UP-01,Dasna District Jail (Ghaziabad),Overcrowded,126.0,SID-UT-99304,Tushar K.,Male,25,10th Standard,Domestic Electrician,3,Power Sector Skill Council / DGT,Assessment_Pending,454,Single Phase Wiring|MCB Installation|Multimeter Testing,A,Financial Literacy & Bank Account Operations,5014,Electrical & Facility Maintenance,15500,Meerut|Hapur,Technical Livelihoods & Vocational Training,False,True,1adc33e1e8f29f...qr
SKL-2026-0305,UTP-2026-0305,PRIS-UP-01,Dasna District Jail (Ghaziabad),Overcrowded,126.0,SID-UT-99305,Subhash P.,Male,26,9th Standard,Warehouse Packaging & Inventory,2,Logistics Sector Skill Council,Certified,390,Handheld Barcode Scanner|Shrink Wrap Machine|Inventory Tagging,A,Anger Management Module|Stress Resilience,3481,Logistics & Supply Chain,13500,Gautam Buddha Nagar|Ghaziabad,Youth Livelihood & Logistics,True,True,2d5ff8e205cc4b...qr
SKL-2026-0306,UTP-2026-0306,PRIS-UP-01,Dasna District Jail (Ghaziabad),Overcrowded,126.0,SID-UT-99306,Gopal D.,Male,37,9th Standard,Leather Goods Fabrication,3,Leather Sector Skill Council (LSSC),Certified,514,Leather Skiving Machine|Heavy Duty Stitcher|Edge Burnisher,A,Customer Service & Professional Etiquette,5435,Footwear & Leather Craft,15000,Hapur|Meerut,Artisan Cooperatives & Reintegration,True,True,317137c4c59d57...qr
SKL-2026-0307,UTP-2026-0307,PRIS-UP-01,Dasna District Jail (Ghaziabad),Overcrowded,126.0,SID-UT-99307,Karan J.,Male,24,Illiterate (Adult Literacy Enrolled),Garment Tailoring,3,Apparel Sector Skill Council / PMKVY,Certified,351,Single Needle Lockstitch|Overlock Machine|Pattern Cutting,A,Team Coordination|Basic Numeracy,3165,Garment & Textile Manufacturing,15000,Meerut|Gautam Buddha Nagar,Vocational Livelihood & Rehabilitation,True,True,b3335c573430b...qr
SKL-2026-0308,UTP-2026-0308,PRIS-UP-01,Dasna District Jail (Ghaziabad),Overcrowded,126.0,SID-UT-99308,Suraj C.,Male,36,Illiterate (Adult Literacy Enrolled),Bakery & Confectionery,3,FICSI / National Council for Vocational Training,Certified,233,Commercial Dough Mixer|Rotary Deck Oven|Bread Slicer,A,Workplace Safety & Hazard Control,3240,Food Processing & Bakery,14500,Gautam Buddha Nagar|Meerut,Skill Training & Micro-enterprise,True,True,babcb7341e2c2...qr
SKL-2026-0309,UTP-2026-0309,PRIS-UP-01,Dasna District Jail (Ghaziabad),Overcrowded,126.0,SID-UT-99309,Deepak J.,Male,42,5th Standard,Bakery & Confectionery,3,FICSI / National Council for Vocational Training,Certified,592,Commercial Dough Mixer|Rotary Deck Oven|Bread Slicer,A,Financial Literacy & Bank Account Operations,5319,Food Processing & Bakery,14500,Ghaziabad|Hapur,Skill Training & Micro-enterprise,True,True,214d13a322d49d...qr
SKL-2026-0310,UTP-2026-0310,PRIS-UP-01,Dasna District Jail (Ghaziabad),Overcrowded,126.0,SID-UT-99310,Sanjay S.,male,38,9th Standard,Warehouse Packaging & Inventory,2,Logistics Sector Skill Council,Certified,572,Handheld Barcode Scanner|Shrink Wrap Machine|Inventory Tagging,A,Digital Ethics|Professional Email Writing,4977,Logistics & Supply Chain,13500,Hapur|Ghaziabad,Youth Livelihood & Logistics,True,True,24806794111ea1...qr
SKL-2026-0311,UTP-2026-0311,PRIS-UP-01,Dasna District Jail (Ghaziabad),Overcrowded,126.0,SID-UT-99311,Vikram S.,Male,40,Illiterate (Adult Literacy Enrolled),Garment Tailoring,3,Apparel Sector Skill Council / PMKVY,Certified,436,Single Needle Lockstitch|Overlock Machine|Pattern Cutting,B,Digital Ethics|Professional Email Writing,5895,Garment & Textile Manufacturing,15000,Meerut|Ghaziabad,Vocational Livelihood & Rehabilitation,False,True,215d855c521bf...qr
SKL-2026-0312,UTP-2026-0312,PRIS-UP-01,Dasna District Jail (Ghaziabad),Overcrowded,126.0,SID-UT-99312,Harish D.,Male,38,Illiterate (Adult Literacy Enrolled),CNC Machine Operator,4,Capital Goods Skill Council / DGT,Assessment_Pending,612,3-Axis CNC Lathe|G-Code Programming|Vernier Caliper,A,Team Coordination|Basic Numeracy,7856,Industrial Tooling & Precision Machining,21000,Ghaziabad|Hapur,Technical Livelihoods & Industry Linkages,False,True,1ba4cc635d67dc...qr
SKL-2026-0313,UTP-2026-0313,PRIS-UP-01,Dasna District Jail (Ghaziabad),Overcrowded,126.0,SID-UT-99313,Mahesh D.,M,25,5th Standard,Bakery & Confectionery,3,FICSI / National Council for Vocational Training,Certified,674,Commercial Dough Mixer|Rotary Deck Oven|Bread Slicer,A,Team Coordination|Basic Numeracy,9057,Food Processing & Bakery,14500,Hapur|Meerut,Skill Training & Micro-enterprise,True,True,12b574c35ef8cd...qr
SKL-2026-0314,UTP-2026-0314,PRIS-UP-01,Dasna District Jail (Ghaziabad),Overcrowded,126.0,SID-UT-99314,Mohan P.,Male,37,Illiterate (Adult Literacy Enrolled),Leather Goods Fabrication,3,Leather Sector Skill Council (LSSC),Certified,521,Leather Skiving Machine|Heavy Duty Stitcher|Edge Burnisher,A,Food Safety & Hygiene|Time Management,5420,Footwear & Leather Craft,15000,Ghaziabad|Meerut,Artisan Cooperatives & Reintegration,True,True,b19fa71e213ef...qr
SKL-2026-0315,UTP-2026-0315,PRIS-UP-01,Dasna District Jail (Ghaziabad),Overcrowded,126.0,SID-UT-99315,Satish M.,Male,26,5th Standard,Garment Tailoring,3,Apparel Sector Skill Council / PMKVY,Assessment_Pending,551,Single Needle Lockstitch|Overlock Machine|Pattern Cutting,A,Financial Literacy & Bank Account Operations,6001,Garment & Textile Manufacturing,15000,Hapur|Gautam Buddha Nagar,Vocational Livelihood & Rehabilitation,False,False,48355214472e6d...qr
SKL-2026-0316,UTP-2026-0316,PRIS-UP-01,Dasna District Jail (Ghaziabad),Overcrowded,126.0,SID-UT-99316,Surinder T.,Male,41,12th Standard,Leather Goods Fabrication,3,Leather Sector Skill Council (LSSC),Certified,495,Leather Skiving Machine|Heavy Duty Stitcher|Edge Burnisher,A,Financial Literacy & Bank Account Operations,4318,Footwear & Leather Craft,15000,Meerut|Gautam Buddha Nagar,Artisan Cooperatives & Reintegration,True,False,5788b385b2d4fa...qr
SKL-2026-0317,UTP-2026-0317,PRIS-UP-01,Dasna District Jail (Ghaziabad),Overcrowded,126.0,SID-UT-99317,Gopal G.,Male,24,Illiterate (Adult Literacy Enrolled),Leather Goods Fabrication,3,Leather Sector Skill Council (LSSC),Certified,344,Leather Skiving Machine|Heavy Duty Stitcher|Edge Burnisher,A,Workplace Communication|Conflict Management,4067,Footwear & Leather Craft,15000,Gautam Buddha Nagar|Meerut,Artisan Cooperatives & Reintegration,True,True,a2eeb43da7f8d...qr
SKL-2026-0318,UTP-2026-0318,PRIS-UP-01,Dasna District Jail (Ghaziabad),Overcrowded,126.0,SID-UT-99318,Ganesh T.,Male,42,8th Standard,Data Entry & Office Automation,4,NIELIT / State Skill Development Mission,In_Training,361,Typing 40+ WPM|MS Excel Fundamentals|Tally Prime Basics,A,Customer Service & Professional Etiquette,3576,IT & Office Administration,17500,Ghaziabad|Meerut,Youth Employment & Digital Literacy,False,True,13994005a5a996...qr
SKL-2026-0319,UTP-2026-0319,PRIS-UP-01,Dasna District Jail (Ghaziabad),Overcrowded,126.0,SID-UT-99319,Raju K.,Male,22,Illiterate (Adult Literacy Enrolled),Bakery & Confectionery,3,FICSI / National Council for Vocational Training,Certified,691,Commercial Dough Mixer|Rotary Deck Oven|Bread Slicer,A,Digital Ethics|Professional Email Writing,9160,Food Processing & Bakery,14500,Hapur|Meerut,Skill Training & Micro-enterprise,True,True,2568b933f10540...qr
SKL-2026-0320,UTP-2026-0320,PRIS-UP-01,Dasna District Jail (Ghaziabad),Overcrowded,126.0,SID-UT-99320,Suraj G.,Male,40,9th Standard,Garment Tailoring,3,Apparel Sector Skill Council / PMKVY,Certified,563,Single Needle Lockstitch|Overlock Machine|Pattern Cutting,C,Customer Service & Professional Etiquette,7713,Garment & Textile Manufacturing,15000,Meerut|Hapur,Vocational Livelihood & Rehabilitation,False,True,52686e15999a16...qr
SKL-2026-0321,UTP-2026-0321,PRIS-UP-01,Dasna District Jail (Ghaziabad),Overcrowded,126.0,SID-UT-99321,Karan M.,Male,40,9th Standard,CNC Machine Operator,4,Capital Goods Skill Council / DGT,In_Training,642,3-Axis CNC Lathe|G-Code Programming|Vernier Caliper,B,Digital Ethics|Professional Email Writing,6321,Industrial Tooling & Precision Machining,21000,Ghaziabad|Hapur,Technical Livelihoods & Industry Linkages,False,True,3d8c9334c1125e...qr
SKL-2026-0322,UTP-2026-0322,PRIS-UP-01,Dasna District Jail (Ghaziabad),Overcrowded,126.0,SID-UT-99322,Ashok K.,Male,39,Illiterate (Adult Literacy Enrolled),Bakery & Confectionery,3,FICSI / National Council for Vocational Training,Certified,638,Commercial Dough Mixer|Rotary Deck Oven|Bread Slicer,A,Food Safety & Hygiene|Time Management,7956,Food Processing & Bakery,14500,Meerut|Gautam Buddha Nagar,Skill Training & Micro-enterprise,True,True,1bb4d3b28a647c...qr
SKL-2026-0323,UTP-2026-0323,PRIS-UP-01,Dasna District Jail (Ghaziabad),Overcrowded,126.0,SID-UT-99323,Amit Y.,Male,26,9th Standard,Data Entry & Office Automation,4,NIELIT / State Skill Development Mission,Certified,598,Typing 40+ WPM|MS Excel Fundamentals|Tally Prime Basics,A,Digital Ethics|Professional Email Writing,7529,IT & Office Administration,17500,Gautam Buddha Nagar|Ghaziabad,Youth Employment & Digital Literacy,True,True,3ab7bef2a78cd2...qr
SKL-2026-0324,UTP-2026-0324,PRIS-UP-01,Dasna District Jail (Ghaziabad),Overcrowded,126.0,SID-UT-99324,Sanjay G.,Male,36,Illiterate (Adult Literacy Enrolled),Leather Goods Fabrication,3,Leather Sector Skill Council (LSSC),Assessment_Pending,439,Leather Skiving Machine|Heavy Duty Stitcher|Edge Burnisher,A,Anger Management Module|Stress Resilience,4093,Footwear & Leather Craft,15000,Ghaziabad|Meerut,Artisan Cooperatives & Reintegration,False,True,4961c3d445475c...qr
SKL-2026-0325,UTP-2026-0325,PRIS-UP-01,Dasna District Jail (Ghaziabad),Overcrowded,126.0,SID-UT-99325,Rajesh S.,Male,41,10th Standard,Data Entry & Office Automation,4,NIELIT / State Skill Development Mission,Certified,384,Typing 40+ WPM|MS Excel Fundamentals|Tally Prime Basics,A,Financial Literacy & Bank Account Operations,3638,IT & Office Administration,17500,Meerut|Hapur,Youth Employment & Digital Literacy,True,True,21dbca511afb5b...qr
SKL-2026-0326,UTP-2026-0326,PRIS-UP-01,Dasna District Jail (Ghaziabad),Overcrowded,126.0,SID-UT-99326,Balu M.,Male,25,10th Standard,Organic Farming & Horticulture,3,Agriculture Skill Council of India (ASCI),Certified,631,Drip Irrigation Setup|Composting Unit|Power Weeder,A,Financial Literacy & Bank Account Operations,8807,Agriculture & Rural Enterprise,14000,Meerut|Gautam Buddha Nagar,Rural Development & Agro Livelihoods,True,True,48971765a52370...qr
SKL-2026-0327,UTP-2026-0327,PRIS-UP-01,Dasna District Jail (Ghaziabad),Overcrowded,126.0,SID-UT-99327,Dharmendra C.,Male,25,12th Standard,CNC Machine Operator,4,Capital Goods Skill Council / DGT,Certified,282,3-Axis CNC Lathe|G-Code Programming|Vernier Caliper,A,Workplace Safety & Hazard Control,3175,Industrial Tooling & Precision Machining,21000,Meerut|Hapur,Technical Livelihoods & Industry Linkages,True,True,2ff1d19578e607...qr
SKL-2026-0328,UTP-2026-0328,PRIS-UP-01,Dasna District Jail (Ghaziabad),Overcrowded,126.0,SID-UT-99328,Vicky G.,Male,41,5th Standard,Leather Goods Fabrication,3,Leather Sector Skill Council (LSSC),In_Training,686,Leather Skiving Machine|Heavy Duty Stitcher|Edge Burnisher,A,Workplace Communication|Conflict Management,8919,Footwear & Leather Craft,15000,Gautam Buddha Nagar|Ghaziabad,Artisan Cooperatives & Reintegration,False,True,2a4bb2d2f454f8...qr
SKL-2026-0329,UTP-2026-0329,PRIS-UP-01,Dasna District Jail (Ghaziabad),Overcrowded,126.0,SID-UT-99329,Sanjay G.,Male,40,9th Standard,Screen Printing & Packaging,2,Media & Entertainment Skill Council,Certified,225,Manual Screen Press|UV Exposure Unit|Ink Mixing,A,Team Coordination|Basic Numeracy,2454,Commercial Printing & Signage,13000,Meerut|Ghaziabad,Community Reintegration Support,True,True,1301deb33141d1...qr
SKL-2026-0330,UTP-2026-0330,PRIS-UP-01,Dasna District Jail (Ghaziabad),Overcrowded,126.0,SID-UT-99330,Ganesh S.,Male,21,9th Standard,Domestic Electrician,3,Power Sector Skill Council / DGT,Certified,390,Single Phase Wiring|MCB Installation|Multimeter Testing,A,Workplace Communication|Conflict Management,3615,Electrical & Facility Maintenance,15500,Hapur|Gautam Buddha Nagar,Technical Livelihoods & Vocational Training,True,True,47ca5eafaf49e...qr
SKL-2026-0331,UTP-2026-0331,PRIS-UP-01,Dasna District Jail (Ghaziabad),Overcrowded,126.0,SID-UT-99331,Santosh B.,Male,42,10th Standard,Bakery & Confectionery,3,FICSI / National Council for Vocational Training,Certified,403,Commercial Dough Mixer|Rotary Deck Oven|Bread Slicer,A,Digital Ethics|Professional Email Writing,4867,Food Processing & Bakery,14500,Ghaziabad|Hapur,Skill Training & Micro-enterprise,True,True,35084a843a79ef...qr
SKL-2026-0332,UTP-2026-0332,PRIS-UP-01,Dasna District Jail (Ghaziabad),Overcrowded,126.0,SID-UT-99332,Pankaj J.,M,31,Illiterate (Adult Literacy Enrolled),Data Entry & Office Automation,4,NIELIT / State Skill Development Mission,Certified,677,Typing 40+ WPM|MS Excel Fundamentals|Tally Prime Basics,A,Digital Ethics|Professional Email Writing,7765,IT & Office Administration,17500,Ghaziabad|Gautam Buddha Nagar,Youth Employment & Digital Literacy,True,True,26fd7305dc8395...qr
SKL-2026-0333,UTP-2026-0333,PRIS-UP-01,Dasna District Jail (Ghaziabad),Overcrowded,126.0,SID-UT-99333,Anil K.,Male,54,Illiterate (Adult Literacy Enrolled),CNC Machine Operator,4,Capital Goods Skill Council / DGT,In_Training,293,3-Axis CNC Lathe|G-Code Programming|Vernier Caliper,A,Team Coordination|Basic Numeracy,3698,Industrial Tooling & Precision Machining,21000,Meerut|Gautam Buddha Nagar,Technical Livelihoods & Industry Linkages,False,True,152871e4a6bd6d...qr
SKL-2026-0334,UTP-2026-0334,PRIS-UP-01,Dasna District Jail (Ghaziabad),Overcrowded,126.0,SID-UT-99334,Dinesh M.,Male,25,9th Standard,Data Entry & Office Automation,4,NIELIT / State Skill Development Mission,Certified,322,Typing 40+ WPM|MS Excel Fundamentals|Tally Prime Basics,A,Workplace Communication|Conflict Management,2845,IT & Office Administration,17500,Gautam Buddha Nagar|Meerut,Youth Employment & Digital Literacy,True,True,391d6775895731...qr
SKL-2026-0335,UTP-2026-0335,PRIS-UP-01,Dasna District Jail (Ghaziabad),Overcrowded,126.0,SID-UT-99335,Mahesh B.,Male,58,10th Standard,Screen Printing & Packaging,2,Media & Entertainment Skill Council,Certified,274,Manual Screen Press|UV Exposure Unit|Ink Mixing,A,Anger Management Module|Stress Resilience,2467,Commercial Printing & Signage,13000,Ghaziabad|Hapur,Community Reintegration Support,True,True,44fbf503eaaa4e...qr
SKL-2026-0336,UTP-2026-0336,PRIS-UP-01,Dasna District Jail (Ghaziabad),Overcrowded,126.0,SID-UT-99336,Rakesh D.,Male,37,Illiterate (Adult Literacy Enrolled),Screen Printing & Packaging,2,Media & Entertainment Skill Council,Certified,343,Manual Screen Press|UV Exposure Unit|Ink Mixing,A,Team Coordination|Basic Numeracy,4255,Commercial Printing & Signage,13000,Hapur|Meerut,Community Reintegration Support,True,True,4bb3540536a049...qr
SKL-2026-0337,UTP-2026-0337,PRIS-UP-01,Dasna District Jail (Ghaziabad),Overcrowded,126.0,SID-UT-99337,Suraj S.,Male,21,8th Standard,Domestic Electrician,3,Power Sector Skill Council / DGT,Certified,487,Single Phase Wiring|MCB Installation|Multimeter Testing,A,Team Coordination|Basic Numeracy,5042,Electrical & Facility Maintenance,15500,Gautam Buddha Nagar|Hapur,Technical Livelihoods & Vocational Training,True,True,47eb0f44fcbc98...qr
SKL-2026-0338,UTP-2026-0338,PRIS-UP-01,Dasna District Jail (Ghaziabad),Overcrowded,126.0,SID-UT-99338,Gopal T.,Male,25,10th Standard,Domestic Electrician,3,Power Sector Skill Council / DGT,Certified,610,Single Phase Wiring|MCB Installation|Multimeter Testing,A,Digital Ethics|Professional Email Writing,7073,Electrical & Facility Maintenance,15500,Ghaziabad|Meerut,Technical Livelihoods & Vocational Training,True,True,2707ecc4d7cf4f...qr
SKL-2026-0339,UTP-2026-0339,PRIS-UP-01,Dasna District Jail (Ghaziabad),Overcrowded,126.0,SID-UT-99339,Mahesh P.,Male,36,Illiterate (Adult Literacy Enrolled),Wood Furniture Making & Carpentry,3,Furniture & Fittings Skill Council (FFSC),Certified,537,Circular Saw|Wood Surface Planer|Laminate Press,C,Anger Management Module|Stress Resilience,7290,Furniture Manufacturing & Carpentry,16000,Ghaziabad|Hapur,Vocational Training & Micro-enterprise,False,False,3e109771b7edd2...qr
SKL-2026-0340,UTP-2026-0340,PRIS-UP-01,Dasna District Jail (Ghaziabad),Overcrowded,126.0,SID-UT-99340,Mahesh S.,Male,56,5th Standard,CNC Machine Operator,4,Capital Goods Skill Council / DGT,Certified,567,3-Axis CNC Lathe|G-Code Programming|Vernier Caliper,A,Financial Literacy & Bank Account Operations,5751,Industrial Tooling & Precision Machining,21000,Ghaziabad|Meerut,Technical Livelihoods & Industry Linkages,True,True,43b21e41d3514d...qr
SKL-2026-0341,UTP-2026-0341,PRIS-UP-01,Dasna District Jail (Ghaziabad),Overcrowded,126.0,SID-UT-99341,Sunil J.,Male,26,5th Standard,CNC Machine Operator,4,Capital Goods Skill Council / DGT,Certified,387,3-Axis CNC Lathe|G-Code Programming|Vernier Caliper,A,Workplace Communication|Conflict Management,3504,Industrial Tooling & Precision Machining,21000,Hapur|Ghaziabad,Technical Livelihoods & Industry Linkages,True,True,25dfda455320fa...qr
SKL-2026-0342,UTP-2026-0342,PRIS-UP-01,Dasna District Jail (Ghaziabad),Overcrowded,126.0,SID-UT-99342,Suraj P.,Male,24,12th Standard,Organic Farming & Horticulture,3,Agriculture Skill Council of India (ASCI),Certified,524,Drip Irrigation Setup|Composting Unit|Power Weeder,B,Customer Service & Professional Etiquette,6382,Agriculture & Rural Enterprise,14000,Ghaziabad|Hapur,Rural Development & Agro Livelihoods,False,True,ca09215a3e53c...qr
SKL-2026-0343,UTP-2026-0343,PRIS-UP-01,Dasna District Jail (Ghaziabad),Overcrowded,126.0,SID-UT-99343,Gopal V.,Male,41,5th Standard,Bakery & Confectionery,3,FICSI / National Council for Vocational Training,Certified,608,Commercial Dough Mixer|Rotary Deck Oven|Bread Slicer,B,Anger Management Module|Stress Resilience,6226,Food Processing & Bakery,14500,Meerut|Ghaziabad,Skill Training & Micro-enterprise,False,True,151cb2a5b62f5f...qr
SKL-2026-0344,UTP-2026-0344,PRIS-UP-01,Dasna District Jail (Ghaziabad),Overcrowded,126.0,SID-UT-99344,Harish C.,Male,25,ITI Diploma,Screen Printing & Packaging,2,Media & Entertainment Skill Council,Certified,647,Manual Screen Press|UV Exposure Unit|Ink Mixing,A,Team Coordination|Basic Numeracy,7395,Commercial Printing & Signage,13000,Hapur|Ghaziabad,Community Reintegration Support,True,True,16cd0612f2852b...qr
SKL-2026-0345,UTP-2026-0345,PRIS-UP-01,Dasna District Jail (Ghaziabad),Overcrowded,126.0,SID-UT-99345,Karan G.,Male,24,5th Standard,Screen Printing & Packaging,2,Media & Entertainment Skill Council,Certified,663,Manual Screen Press|UV Exposure Unit|Ink Mixing,A,Workplace Safety & Hazard Control,8212,Commercial Printing & Signage,13000,Meerut|Gautam Buddha Nagar,Community Reintegration Support,True,True,3831d1727943f0...qr
SKL-2026-0346,UTP-2026-0346,PRIS-UP-01,Dasna District Jail (Ghaziabad),Overcrowded,126.0,SID-UT-99346,Raju K.,Male,42,9th Standard,Organic Farming & Horticulture,3,Agriculture Skill Council of India (ASCI),Certified,693,Drip Irrigation Setup|Composting Unit|Power Weeder,A,Financial Literacy & Bank Account Operations,8021,Agriculture & Rural Enterprise,14000,Ghaziabad|Gautam Buddha Nagar,Rural Development & Agro Livelihoods,True,True,1c7724611b33ed...qr
SKL-2026-0347,UTP-2026-0347,PRIS-UP-01,Dasna District Jail (Ghaziabad),Overcrowded,126.0,SID-UT-99347,Pravin M.,Male,58,9th Standard,Bakery & Confectionery,3,FICSI / National Council for Vocational Training,Certified,605,Commercial Dough Mixer|Rotary Deck Oven|Bread Slicer,A,Anger Management Module|Stress Resilience,8402,Food Processing & Bakery,14500,Gautam Buddha Nagar|Ghaziabad,Skill Training & Micro-enterprise,True,False,48e4bfa18d52f7...qr
SKL-2026-0348,UTP-2026-0348,PRIS-UP-01,Dasna District Jail (Ghaziabad),Overcrowded,126.0,SID-UT-99348,Gopal M.,Male,41,12th Standard,Garment Tailoring,3,Apparel Sector Skill Council / PMKVY,Certified,538,Single Needle Lockstitch|Overlock Machine|Pattern Cutting,A,Food Safety & Hygiene|Time Management,5071,Garment & Textile Manufacturing,15000,Ghaziabad|Hapur,Vocational Livelihood & Rehabilitation,True,True,30bd0fbd138ed...qr
SKL-2026-0349,UTP-2026-0349,PRIS-UP-01,Dasna District Jail (Ghaziabad),Overcrowded,126.0,SID-UT-99349,Satish T.,Male,24,8th Standard,Screen Printing & Packaging,2,Media & Entertainment Skill Council,In_Training,513,Manual Screen Press|UV Exposure Unit|Ink Mixing,A,Team Coordination|Basic Numeracy,7006,Commercial Printing & Signage,13000,Hapur|Gautam Buddha Nagar,Community Reintegration Support,False,True,5f2188c5082031...qr
SKL-2026-0350,UTP-2026-0350,PRIS-UP-01,Dasna District Jail (Ghaziabad),Overcrowded,126.0,SID-UT-99350,Rahul M.,Male,41,5th Standard,Leather Goods Fabrication,3,Leather Sector Skill Council (LSSC),Certified,510,Leather Skiving Machine|Heavy Duty Stitcher|Edge Burnisher,A,Team Coordination|Basic Numeracy,5909,Footwear & Leather Craft,15000,Hapur|Gautam Buddha Nagar,Artisan Cooperatives & Reintegration,True,True,2e4c2d510976ea...qr
SKL-2026-0351,UTP-2026-0351,PRIS-UP-01,Dasna District Jail (Ghaziabad),Overcrowded,126.0,SID-UT-99351,Ajay S.,Male,42,12th Standard,Data Entry & Office Automation,4,NIELIT / State Skill Development Mission,Certified,245,Typing 40+ WPM|MS Excel Fundamentals|Tally Prime Basics,A,Anger Management Module|Stress Resilience,2852,IT & Office Administration,17500,Ghaziabad|Hapur,Youth Employment & Digital Literacy,True,True,23e8978186d575...qr
SKL-2026-0352,UTP-2026-0352,PRIS-UP-01,Dasna District Jail (Ghaziabad),Overcrowded,126.0,SID-UT-99352,Rajesh J.,Male,42,5th Standard,Leather Goods Fabrication,3,Leather Sector Skill Council (LSSC),In_Training,347,Leather Skiving Machine|Heavy Duty Stitcher|Edge Burnisher,A,Workplace Safety & Hazard Control,4094,Footwear & Leather Craft,15000,Hapur|Ghaziabad,Artisan Cooperatives & Reintegration,False,True,43067071a08d0f...qr
SKL-2026-0353,UTP-2026-0353,PRIS-UP-01,Dasna District Jail (Ghaziabad),Overcrowded,126.0,SID-UT-99353,Manoj K.,Male,57,8th Standard,Organic Farming & Horticulture,3,Agriculture Skill Council of India (ASCI),Certified,199,Drip Irrigation Setup|Composting Unit|Power Weeder,A,Food Safety & Hygiene|Time Management,2526,Agriculture & Rural Enterprise,14000,Ghaziabad|Hapur,Rural Development & Agro Livelihoods,True,True,39031ea419d58f...qr
SKL-2026-0354,UTP-2026-0354,PRIS-UP-01,Dasna District Jail (Ghaziabad),Overcrowded,126.0,SID-UT-99354,Chetan R.,Male,42,9th Standard,Data Entry & Office Automation,4,NIELIT / State Skill Development Mission,Certified,601,Typing 40+ WPM|MS Excel Fundamentals|Tally Prime Basics,A,Financial Literacy & Bank Account Operations,5337,IT & Office Administration,17500,Gautam Buddha Nagar|Meerut,Youth Employment & Digital Literacy,True,True,50d05ea1e2843f...qr
SKL-2026-0355,UTP-2026-0355,PRIS-UP-01,Dasna District Jail (Ghaziabad),Overcrowded,126.0,SID-UT-99355,Deepak S.,Male,31,ITI Diploma,Organic Farming & Horticulture,3,Agriculture Skill Council of India (ASCI),Certified,406,Drip Irrigation Setup|Composting Unit|Power Weeder,A,Financial Literacy & Bank Account Operations,5483,Agriculture & Rural Enterprise,14000,Gautam Buddha Nagar|Meerut,Rural Development & Agro Livelihoods,True,True,298acaf35b7289...qr
SKL-2026-0356,UTP-2026-0356,PRIS-UP-01,Dasna District Jail (Ghaziabad),Overcrowded,126.0,SID-UT-99356,Rohit C.,Male,37,8th Standard,Leather Goods Fabrication,3,Leather Sector Skill Council (LSSC),Certified,679,Leather Skiving Machine|Heavy Duty Stitcher|Edge Burnisher,A,Team Coordination|Basic Numeracy,6988,Footwear & Leather Craft,15000,Hapur|Ghaziabad,Artisan Cooperatives & Reintegration,True,True,23e4d4e2906914...qr
SKL-2026-0357,UTP-2026-0357,PRIS-UP-01,Dasna District Jail (Ghaziabad),Overcrowded,126.0,SID-UT-99357,Sachin T.,Male,39,5th Standard,Domestic Electrician,3,Power Sector Skill Council / DGT,In_Training,578,Single Phase Wiring|MCB Installation|Multimeter Testing,C,Digital Ethics|Professional Email Writing,7911,Electrical & Facility Maintenance,15500,Ghaziabad|Meerut,Technical Livelihoods & Vocational Training,False,False,23f677a3af0e4a...qr
SKL-2026-0358,UTP-2026-0358,PRIS-UP-01,Dasna District Jail (Ghaziabad),Overcrowded,126.0,SID-UT-99358,Nitin Y.,Male,40,5th Standard,Garment Tailoring,3,Apparel Sector Skill Council / PMKVY,Certified,672,Single Needle Lockstitch|Overlock Machine|Pattern Cutting,A,Digital Ethics|Professional Email Writing,9252,Garment & Textile Manufacturing,15000,Meerut|Ghaziabad,Vocational Livelihood & Rehabilitation,True,True,31ebb615437d8e...qr
SKL-2026-0359,UTP-2026-0359,PRIS-UP-01,Dasna District Jail (Ghaziabad),Overcrowded,126.0,SID-UT-99359,Chetan C.,Male,25,12th Standard,Data Entry & Office Automation,4,NIELIT / State Skill Development Mission,Certified,504,Typing 40+ WPM|MS Excel Fundamentals|Tally Prime Basics,A,Team Coordination|Basic Numeracy,6864,IT & Office Administration,17500,Gautam Buddha Nagar|Hapur,Youth Employment & Digital Literacy,True,True,487ba0d5215c07...qr
SKL-2026-0360,UTP-2026-0360,PRIS-UP-01,Dasna District Jail (Ghaziabad),Overcrowded,126.0,SID-UT-99360,Sunil K.,Male,22,8th Standard,Domestic Electrician,3,Power Sector Skill Council / DGT,Assessment_Pending,664,Single Phase Wiring|MCB Installation|Multimeter Testing,A,Team Coordination|Basic Numeracy,8952,Electrical & Facility Maintenance,15500,Ghaziabad|Meerut,Technical Livelihoods & Vocational Training,False,True,30c94232b371b1...qr
SKL-2026-0361,UTP-2026-0361,PRIS-MH-05,Nashik Road Central Prison,Under Capacity,83.1,SID-MA-99361,Pankaj G.,Male,38,Illiterate (Adult Literacy Enrolled),CNC Machine Operator,4,Capital Goods Skill Council / DGT,Certified,257,3-Axis CNC Lathe|G-Code Programming|Vernier Caliper,A,Food Safety & Hygiene|Time Management,3323,Industrial Tooling & Precision Machining,21000,Jalgaon|Ahmednagar,Technical Livelihoods & Industry Linkages,True,True,c7b50819fcf0c...qr
SKL-2026-0362,UTP-2026-0362,PRIS-MH-05,Nashik Road Central Prison,Under Capacity,83.1,SID-MA-99362,Gopal S.,Male,25,Illiterate (Adult Literacy Enrolled),Bakery & Confectionery,3,FICSI / National Council for Vocational Training,In_Training,376,Commercial Dough Mixer|Rotary Deck Oven|Bread Slicer,A,Food Safety & Hygiene|Time Management,3996,Food Processing & Bakery,14500,Dhule|Ahmednagar,Skill Training & Micro-enterprise,False,True,48ef68b57090c5...qr
SKL-2026-0363,UTP-2026-0363,PRIS-MH-05,Nashik Road Central Prison,Under Capacity,83.1,SID-MA-99363,Subhash V.,Male,38,Illiterate (Adult Literacy Enrolled),Wood Furniture Making & Carpentry,3,Furniture & Fittings Skill Council (FFSC),Certified,440,Circular Saw|Wood Surface Planer|Laminate Press,A,Workplace Communication|Conflict Management,5324,Furniture Manufacturing & Carpentry,16000,Jalgaon|Dhule,Vocational Training & Micro-enterprise,True,True,11cff78116c8e7...qr
SKL-2026-0364,UTP-2026-0364,PRIS-MH-05,Nashik Road Central Prison,Under Capacity,83.1,SID-MA-99364,Raju J.,Male,33,5th Standard,Organic Farming & Horticulture,3,Agriculture Skill Council of India (ASCI),Assessment_Pending,347,Drip Irrigation Setup|Composting Unit|Power Weeder,A,Workplace Communication|Conflict Management,4268,Agriculture & Rural Enterprise,14000,Ahmednagar|Dhule,Rural Development & Agro Livelihoods,False,True,330e4a13d26d46...qr
SKL-2026-0365,UTP-2026-0365,PRIS-MH-05,Nashik Road Central Prison,Under Capacity,83.1,SID-MA-99365,Rohit D.,Male,26,Illiterate (Adult Literacy Enrolled),CNC Machine Operator,4,Capital Goods Skill Council / DGT,Certified,558,3-Axis CNC Lathe|G-Code Programming|Vernier Caliper,A,Customer Service & Professional Etiquette,7650,Industrial Tooling & Precision Machining,21000,Dhule|Ahmednagar,Technical Livelihoods & Industry Linkages,True,True,112fa2b36c49d6...qr
SKL-2026-0366,UTP-2026-0366,PRIS-MH-05,Nashik Road Central Prison,Under Capacity,83.1,SID-MA-99366,Pravin M.,Male,22,10th Standard,Warehouse Packaging & Inventory,2,Logistics Sector Skill Council,In_Training,453,Handheld Barcode Scanner|Shrink Wrap Machine|Inventory Tagging,C,Food Safety & Hygiene|Time Management,3894,Logistics & Supply Chain,13500,Jalgaon|Dhule,Youth Livelihood & Logistics,False,False,2909ef12458dc2...qr
SKL-2026-0367,UTP-2026-0367,PRIS-MH-05,Nashik Road Central Prison,Under Capacity,83.1,SID-MA-99367,Manoj B.,Male,60,5th Standard,Bakery & Confectionery,3,FICSI / National Council for Vocational Training,Certified,428,Commercial Dough Mixer|Rotary Deck Oven|Bread Slicer,A,Financial Literacy & Bank Account Operations,5056,Food Processing & Bakery,14500,Jalgaon|Nashik,Skill Training & Micro-enterprise,True,True,224395b2ce4447...qr
SKL-2026-0368,UTP-2026-0368,PRIS-MH-05,Nashik Road Central Prison,Under Capacity,83.1,SID-MA-99368,Vinod G.,Male,18,8th Standard,Domestic Electrician,3,Power Sector Skill Council / DGT,Certified,386,Single Phase Wiring|MCB Installation|Multimeter Testing,A,Workplace Communication|Conflict Management,3914,Electrical & Facility Maintenance,15500,Dhule|Nashik,Technical Livelihoods & Vocational Training,True,True,d39d205cf22e4...qr
SKL-2026-0369,UTP-2026-0369,PRIS-MH-05,Nashik Road Central Prison,Under Capacity,83.1,SID-MA-99369,Ganesh K.,Male,56,8th Standard,Leather Goods Fabrication,3,Leather Sector Skill Council (LSSC),Certified,573,Leather Skiving Machine|Heavy Duty Stitcher|Edge Burnisher,A,Team Coordination|Basic Numeracy,6802,Footwear & Leather Craft,15000,Nashik|Jalgaon,Artisan Cooperatives & Reintegration,True,True,51ef8a5524efc3...qr
SKL-2026-0370,UTP-2026-0370,PRIS-MH-05,Nashik Road Central Prison,Under Capacity,83.1,SID-MA-99370,Usha S.,Female,40,10th Standard,Leather Goods Fabrication,3,Leather Sector Skill Council (LSSC),Certified,263,Leather Skiving Machine|Heavy Duty Stitcher|Edge Burnisher,A,Digital Ethics|Professional Email Writing,2402,Footwear & Leather Craft,15000,Jalgaon|Nashik,Artisan Cooperatives & Reintegration,True,True,5c10daf50eb9d5...qr
SKL-2026-0371,UTP-2026-0371,PRIS-MH-05,Nashik Road Central Prison,Under Capacity,83.1,SID-MA-99371,Sangeeta C.,Female,21,Illiterate (Adult Literacy Enrolled),Organic Farming & Horticulture,3,Agriculture Skill Council of India (ASCI),Certified,548,Drip Irrigation Setup|Composting Unit|Power Weeder,A,Digital Ethics|Professional Email Writing,5855,Agriculture & Rural Enterprise,14000,Dhule|Jalgaon,Rural Development & Agro Livelihoods,True,False,59e137b59410cb...qr
SKL-2026-0372,UTP-2026-0372,PRIS-MH-05,Nashik Road Central Prison,Under Capacity,83.1,SID-MA-99372,Vijay M.,Male,24,10th Standard,Screen Printing & Packaging,2,Media & Entertainment Skill Council,Certified,223,Manual Screen Press|UV Exposure Unit|Ink Mixing,A,Workplace Safety & Hazard Control,2161,Commercial Printing & Signage,13000,Nashik|Dhule,Community Reintegration Support,True,False,20b1c3c3447b0c...qr
SKL-2026-0373,UTP-2026-0373,PRIS-MH-05,Nashik Road Central Prison,Under Capacity,83.1,SID-MA-99373,Ashok K.,Male,35,Graduate (B.A./B.Com),Domestic Electrician,3,Power Sector Skill Council / DGT,In_Training,455,Single Phase Wiring|MCB Installation|Multimeter Testing,A,Workplace Communication|Conflict Management,4611,Electrical & Facility Maintenance,15500,Nashik|Ahmednagar,Technical Livelihoods & Vocational Training,False,True,2b2a668440602e...qr
SKL-2026-0374,UTP-2026-0374,PRIS-MH-05,Nashik Road Central Prison,Under Capacity,83.1,SID-MA-99374,Amit P.,Male,32,Illiterate (Adult Literacy Enrolled),Leather Goods Fabrication,3,Leather Sector Skill Council (LSSC),Certified,639,Leather Skiving Machine|Heavy Duty Stitcher|Edge Burnisher,C,Digital Ethics|Professional Email Writing,8850,Footwear & Leather Craft,15000,Nashik|Jalgaon,Artisan Cooperatives & Reintegration,False,False,119a2032d7b696...qr
SKL-2026-0375,UTP-2026-0375,PRIS-MH-05,Nashik Road Central Prison,Under Capacity,83.1,SID-MA-99375,Subhash S.,male,25,5th Standard,Warehouse Packaging & Inventory,2,Logistics Sector Skill Council,Certified,454,Handheld Barcode Scanner|Shrink Wrap Machine|Inventory Tagging,C,Workplace Safety & Hazard Control,4227,Logistics & Supply Chain,13500,Ahmednagar|Jalgaon,Youth Livelihood & Logistics,False,True,37a8a9740cbb92...qr
SKL-2026-0376,UTP-2026-0376,PRIS-MH-05,Nashik Road Central Prison,Under Capacity,83.1,SID-MA-99376,Dinesh J.,Male,38,9th Standard,Bakery & Confectionery,3,FICSI / National Council for Vocational Training,Certified,535,Commercial Dough Mixer|Rotary Deck Oven|Bread Slicer,B,Anger Management Module|Stress Resilience,6560,Food Processing & Bakery,14500,Jalgaon|Dhule,Skill Training & Micro-enterprise,False,True,39526cf4fbd09f...qr
SKL-2026-0377,UTP-2026-0377,PRIS-MH-05,Nashik Road Central Prison,Under Capacity,83.1,SID-MA-99377,Mukesh T.,Male,23,9th Standard,CNC Machine Operator,4,Capital Goods Skill Council / DGT,Assessment_Pending,348,3-Axis CNC Lathe|G-Code Programming|Vernier Caliper,A,Workplace Safety & Hazard Control,3189,Industrial Tooling & Precision Machining,21000,Dhule|Jalgaon,Technical Livelihoods & Industry Linkages,False,True,29f9eda43782e9...qr
SKL-2026-0378,UTP-2026-0378,PRIS-MH-05,Nashik Road Central Prison,Under Capacity,83.1,SID-MA-99378,Pankaj M.,Male,36,ITI Diploma,Warehouse Packaging & Inventory,2,Logistics Sector Skill Council,Certified,692,Handheld Barcode Scanner|Shrink Wrap Machine|Inventory Tagging,A,Financial Literacy & Bank Account Operations,8770,Logistics & Supply Chain,13500,Nashik|Dhule,Youth Livelihood & Logistics,True,True,1551a9a1427fe3...qr
SKL-2026-0379,UTP-2026-0379,PRIS-MH-05,Nashik Road Central Prison,Under Capacity,83.1,SID-MA-99379,Gopal D.,Male,38,Illiterate (Adult Literacy Enrolled),Garment Tailoring,3,Apparel Sector Skill Council / PMKVY,Certified,521,Single Needle Lockstitch|Overlock Machine|Pattern Cutting,A,Financial Literacy & Bank Account Operations,5269,Garment & Textile Manufacturing,15000,Dhule|Nashik,Vocational Livelihood & Rehabilitation,True,True,33f53b940288c2...qr
SKL-2026-0380,UTP-2026-0380,PRIS-MH-05,Nashik Road Central Prison,Under Capacity,83.1,SID-MA-99380,Vicky M.,Male,18,5th Standard,Organic Farming & Horticulture,3,Agriculture Skill Council of India (ASCI),Certified,168,Drip Irrigation Setup|Composting Unit|Power Weeder,A,Team Coordination|Basic Numeracy,2014,Agriculture & Rural Enterprise,14000,Nashik|Dhule,Rural Development & Agro Livelihoods,True,True,2d3c7944161cb3...qr
SKL-2026-0381,UTP-2026-0381,PRIS-MH-05,Nashik Road Central Prison,Under Capacity,83.1,SID-MA-99381,Pankaj K.,Male,56,Illiterate (Adult Literacy Enrolled),Domestic Electrician,3,Power Sector Skill Council / DGT,Certified,594,Single Phase Wiring|MCB Installation|Multimeter Testing,A,Workplace Communication|Conflict Management,6715,Electrical & Facility Maintenance,15500,Nashik|Ahmednagar,Technical Livelihoods & Vocational Training,True,True,2b92022547d751...qr
SKL-2026-0382,UTP-2026-0382,PRIS-MH-05,Nashik Road Central Prison,Under Capacity,83.1,SID-MA-99382,Anil J.,Male,23,12th Standard,Leather Goods Fabrication,3,Leather Sector Skill Council (LSSC),Certified,371,Leather Skiving Machine|Heavy Duty Stitcher|Edge Burnisher,A,Workplace Communication|Conflict Management,4688,Footwear & Leather Craft,15000,Nashik|Dhule,Artisan Cooperatives & Reintegration,True,True,d13f0d2230b5a...qr
SKL-2026-0383,UTP-2026-0383,PRIS-MH-05,Nashik Road Central Prison,Under Capacity,83.1,SID-MA-99383,Vinod G.,Male,26,5th Standard,Warehouse Packaging & Inventory,2,Logistics Sector Skill Council,Certified,431,Handheld Barcode Scanner|Shrink Wrap Machine|Inventory Tagging,A,Financial Literacy & Bank Account Operations,4875,Logistics & Supply Chain,13500,Ahmednagar|Jalgaon,Youth Livelihood & Logistics,True,True,513da2d5700c1f...qr
SKL-2026-0384,UTP-2026-0384,PRIS-MH-05,Nashik Road Central Prison,Under Capacity,83.1,SID-MA-99384,Satish D.,Male,22,10th Standard,Domestic Electrician,3,Power Sector Skill Council / DGT,In_Training,309,Single Phase Wiring|MCB Installation|Multimeter Testing,A,Workplace Safety & Hazard Control,2949,Electrical & Facility Maintenance,15500,Jalgaon|Ahmednagar,Technical Livelihoods & Vocational Training,False,True,32a49a723b54c6...qr
SKL-2026-0385,UTP-2026-0385,PRIS-MH-05,Nashik Road Central Prison,Under Capacity,83.1,SID-MA-99385,Mohan M.,Male,40,Graduate (B.A./B.Com),CNC Machine Operator,4,Capital Goods Skill Council / DGT,Certified,347,3-Axis CNC Lathe|G-Code Programming|Vernier Caliper,B,Financial Literacy & Bank Account Operations,3817,Industrial Tooling & Precision Machining,21000,Jalgaon|Ahmednagar,Technical Livelihoods & Industry Linkages,False,True,230876f2b8be74...qr
SKL-2026-0386,UTP-2026-0386,PRIS-MH-05,Nashik Road Central Prison,Under Capacity,83.1,SID-MA-99386,Pankaj C.,Male,23,5th Standard,Wood Furniture Making & Carpentry,3,Furniture & Fittings Skill Council (FFSC),Certified,368,Circular Saw|Wood Surface Planer|Laminate Press,A,Workplace Safety & Hazard Control,5005,Furniture Manufacturing & Carpentry,16000,Jalgaon|Nashik,Vocational Training & Micro-enterprise,True,True,5069623544dd9c...qr
SKL-2026-0387,UTP-2026-0387,PRIS-MH-05,Nashik Road Central Prison,Under Capacity,83.1,SID-MA-99387,Manoj K.,Male,24,8th Standard,Leather Goods Fabrication,3,Leather Sector Skill Council (LSSC),Certified,645,Leather Skiving Machine|Heavy Duty Stitcher|Edge Burnisher,A,Financial Literacy & Bank Account Operations,7052,Footwear & Leather Craft,15000,Ahmednagar|Jalgaon,Artisan Cooperatives & Reintegration,True,True,c7bf104ed190b...qr
SKL-2026-0388,UTP-2026-0388,PRIS-MH-05,Nashik Road Central Prison,Under Capacity,83.1,SID-MA-99388,Amit J.,Male,37,Graduate (B.A./B.Com),Organic Farming & Horticulture,3,Agriculture Skill Council of India (ASCI),Certified,541,Drip Irrigation Setup|Composting Unit|Power Weeder,A,Food Safety & Hygiene|Time Management,5944,Agriculture & Rural Enterprise,14000,Nashik|Dhule,Rural Development & Agro Livelihoods,True,True,378e2d23a4d0fd...qr
SKL-2026-0389,UTP-2026-0389,PRIS-MH-05,Nashik Road Central Prison,Under Capacity,83.1,SID-MA-99389,Aarti K.,Female,23,Illiterate (Adult Literacy Enrolled),CNC Machine Operator,4,Capital Goods Skill Council / DGT,Certified,673,3-Axis CNC Lathe|G-Code Programming|Vernier Caliper,A,Workplace Safety & Hazard Control,6244,Industrial Tooling & Precision Machining,21000,Ahmednagar|Dhule,Technical Livelihoods & Industry Linkages,True,True,2158e9726dc2f0...qr
SKL-2026-0390,UTP-2026-0390,PRIS-MH-05,Nashik Road Central Prison,Under Capacity,83.1,SID-MA-99390,Mahesh M.,Male,39,10th Standard,Warehouse Packaging & Inventory,2,Logistics Sector Skill Council,Certified,673,Handheld Barcode Scanner|Shrink Wrap Machine|Inventory Tagging,A,Workplace Communication|Conflict Management,6925,Logistics & Supply Chain,13500,Dhule|Ahmednagar,Youth Livelihood & Logistics,True,True,c304ad49a7538...qr
SKL-2026-0391,UTP-2026-0391,PRIS-MH-05,Nashik Road Central Prison,Under Capacity,83.1,SID-MA-99391,Santosh G.,Male,21,9th Standard,Organic Farming & Horticulture,3,Agriculture Skill Council of India (ASCI),Certified,532,Drip Irrigation Setup|Composting Unit|Power Weeder,A,Financial Literacy & Bank Account Operations,7337,Agriculture & Rural Enterprise,14000,Jalgaon|Ahmednagar,Rural Development & Agro Livelihoods,True,True,3d66f4529b8422...qr
SKL-2026-0392,UTP-2026-0392,PRIS-MH-05,Nashik Road Central Prison,Under Capacity,83.1,SID-MA-99392,Ganesh K.,Male,35,ITI Diploma,Domestic Electrician,3,Power Sector Skill Council / DGT,Certified,468,Single Phase Wiring|MCB Installation|Multimeter Testing,A,Team Coordination|Basic Numeracy,6249,Electrical & Facility Maintenance,15500,Ahmednagar|Nashik,Technical Livelihoods & Vocational Training,True,True,101beb928f18f3...qr
SKL-2026-0393,UTP-2026-0393,PRIS-MH-05,Nashik Road Central Prison,Under Capacity,83.1,SID-MA-99393,Gopal V.,Male,59,5th Standard,CNC Machine Operator,4,Capital Goods Skill Council / DGT,Certified,435,3-Axis CNC Lathe|G-Code Programming|Vernier Caliper,A,Team Coordination|Basic Numeracy,5185,Industrial Tooling & Precision Machining,21000,Jalgaon|Dhule,Technical Livelihoods & Industry Linkages,True,True,4bb6618547f0a6...qr
SKL-2026-0394,UTP-2026-0394,PRIS-MH-05,Nashik Road Central Prison,Under Capacity,83.1,SID-MA-99394,Chetan S.,Male,25,5th Standard,Domestic Electrician,3,Power Sector Skill Council / DGT,Certified,629,Single Phase Wiring|MCB Installation|Multimeter Testing,B,Customer Service & Professional Etiquette,7239,Electrical & Facility Maintenance,15500,Jalgaon|Nashik,Technical Livelihoods & Vocational Training,False,False,120392f1e736ab...qr
SKL-2026-0395,UTP-2026-0395,PRIS-MH-05,Nashik Road Central Prison,Under Capacity,83.1,SID-MA-99395,Dinesh K.,Male,26,8th Standard,Screen Printing & Packaging,2,Media & Entertainment Skill Council,Certified,553,Manual Screen Press|UV Exposure Unit|Ink Mixing,B,Anger Management Module|Stress Resilience,7179,Commercial Printing & Signage,13000,Ahmednagar|Dhule,Community Reintegration Support,False,False,2c607ae338a581...qr
SKL-2026-0396,UTP-2026-0396,PRIS-MH-05,Nashik Road Central Prison,Under Capacity,83.1,SID-MA-99396,Anil C.,Male,24,ITI Diploma,Organic Farming & Horticulture,3,Agriculture Skill Council of India (ASCI),Certified,620,Drip Irrigation Setup|Composting Unit|Power Weeder,B,Workplace Communication|Conflict Management,6755,Agriculture & Rural Enterprise,14000,Ahmednagar|Nashik,Rural Development & Agro Livelihoods,False,True,d73f5c3442e6a...qr
SKL-2026-0397,UTP-2026-0397,PRIS-MH-05,Nashik Road Central Prison,Under Capacity,83.1,SID-MA-99397,Tushar V.,Male,42,8th Standard,Leather Goods Fabrication,3,Leather Sector Skill Council (LSSC),Certified,685,Leather Skiving Machine|Heavy Duty Stitcher|Edge Burnisher,B,Digital Ethics|Professional Email Writing,9559,Footwear & Leather Craft,15000,Nashik|Dhule,Artisan Cooperatives & Reintegration,False,True,1a9f6312ed6c18...qr
SKL-2026-0398,UTP-2026-0398,PRIS-MH-05,Nashik Road Central Prison,Under Capacity,83.1,SID-MA-99398,Vinod T.,Male,24,12th Standard,Bakery & Confectionery,3,FICSI / National Council for Vocational Training,Certified,236,Commercial Dough Mixer|Rotary Deck Oven|Bread Slicer,A,Workplace Safety & Hazard Control,2210,Food Processing & Bakery,14500,Nashik|Dhule,Skill Training & Micro-enterprise,True,True,2dd9972da3167...qr
SKL-2026-0399,UTP-2026-0399,PRIS-MH-05,Nashik Road Central Prison,Under Capacity,83.1,SID-MA-99399,Sunil T.,Male,26,Illiterate (Adult Literacy Enrolled),Data Entry & Office Automation,4,NIELIT / State Skill Development Mission,Certified,619,Typing 40+ WPM|MS Excel Fundamentals|Tally Prime Basics,A,Anger Management Module|Stress Resilience,7708,IT & Office Administration,17500,Ahmednagar|Dhule,Youth Employment & Digital Literacy,True,True,5c023095f13418...qr
SKL-2026-0400,UTP-2026-0400,PRIS-MH-05,Nashik Road Central Prison,Under Capacity,83.1,SID-MA-99400,Vijay K.,Male,23,9th Standard,Leather Goods Fabrication,3,Leather Sector Skill Council (LSSC),Assessment_Pending,612,Leather Skiving Machine|Heavy Duty Stitcher|Edge Burnisher,B,Digital Ethics|Professional Email Writing,5227,Footwear & Leather Craft,15000,Dhule|Ahmednagar,Artisan Cooperatives & Reintegration,False,True,47dbf49345c256...qr
SKL-2026-0401,UTP-2026-0401,PRIS-MH-05,Nashik Road Central Prison,Under Capacity,83.1,SID-MA-99401,Balu S.,Male,21,ITI Diploma,Screen Printing & Packaging,2,Media & Entertainment Skill Council,Certified,618,Manual Screen Press|UV Exposure Unit|Ink Mixing,A,Workplace Communication|Conflict Management,6799,Commercial Printing & Signage,13000,Jalgaon|Ahmednagar,Community Reintegration Support,True,True,43f5e9cf3c07a...qr
SKL-2026-0402,UTP-2026-0402,PRIS-MH-05,Nashik Road Central Prison,Under Capacity,83.1,SID-MA-99402,Sanjay B.,Male,25,8th Standard,Garment Tailoring,3,Apparel Sector Skill Council / PMKVY,Assessment_Pending,630,Single Needle Lockstitch|Overlock Machine|Pattern Cutting,A,Customer Service & Professional Etiquette,5411,Garment & Textile Manufacturing,15000,Jalgaon|Ahmednagar,Vocational Livelihood & Rehabilitation,False,True,491b29553cc9f1...qr
SKL-2026-0403,UTP-2026-0403,PRIS-MH-05,Nashik Road Central Prison,Under Capacity,83.1,SID-MA-99403,Vijay V.,Male,56,5th Standard,Wood Furniture Making & Carpentry,3,Furniture & Fittings Skill Council (FFSC),Certified,535,Circular Saw|Wood Surface Planer|Laminate Press,A,Digital Ethics|Professional Email Writing,7116,Furniture Manufacturing & Carpentry,16000,Nashik|Ahmednagar,Vocational Training & Micro-enterprise,True,True,2c1a70d2071e92...qr
SKL-2026-0404,UTP-2026-0404,PRIS-MH-05,Nashik Road Central Prison,Under Capacity,83.1,SID-MA-99404,Chetan G.,Male,38,8th Standard,Data Entry & Office Automation,4,NIELIT / State Skill Development Mission,Certified,350,Typing 40+ WPM|MS Excel Fundamentals|Tally Prime Basics,C,Team Coordination|Basic Numeracy,3032,IT & Office Administration,17500,Ahmednagar|Dhule,Youth Employment & Digital Literacy,False,True,4b206063d0d321...qr
SKL-2026-0405,UTP-2026-0405,PRIS-MH-05,Nashik Road Central Prison,Under Capacity,83.1,SID-MA-99405,Sachin R.,Male,33,Illiterate (Adult Literacy Enrolled),Organic Farming & Horticulture,3,Agriculture Skill Council of India (ASCI),In_Training,553,Drip Irrigation Setup|Composting Unit|Power Weeder,A,Food Safety & Hygiene|Time Management,6503,Agriculture & Rural Enterprise,14000,Ahmednagar|Dhule,Rural Development & Agro Livelihoods,False,True,5024628352592b...qr
SKL-2026-0406,UTP-2026-0406,PRIS-MH-05,Nashik Road Central Prison,Under Capacity,83.1,SID-MA-99406,Ajay A.,Male,25,5th Standard,Wood Furniture Making & Carpentry,3,Furniture & Fittings Skill Council (FFSC),Certified,408,Circular Saw|Wood Surface Planer|Laminate Press,A,Food Safety & Hygiene|Time Management,5419,Furniture Manufacturing & Carpentry,16000,Nashik|Dhule,Vocational Training & Micro-enterprise,True,True,2b5ab4f3442e0d...qr
SKL-2026-0407,UTP-2026-0407,PRIS-MH-05,Nashik Road Central Prison,Under Capacity,83.1,SID-MA-99407,Tushar K.,Male,19,Illiterate (Adult Literacy Enrolled),Screen Printing & Packaging,2,Media & Entertainment Skill Council,In_Training,206,Manual Screen Press|UV Exposure Unit|Ink Mixing,B,Customer Service & Professional Etiquette,2365,Commercial Printing & Signage,13000,Jalgaon|Nashik,Community Reintegration Support,False,True,515e7ed2939f81...qr
SKL-2026-0408,UTP-2026-0408,PRIS-MH-05,Nashik Road Central Prison,Under Capacity,83.1,SID-MA-99408,Mahesh K.,Male,40,9th Standard,Domestic Electrician,3,Power Sector Skill Council / DGT,Certified,638,Single Phase Wiring|MCB Installation|Multimeter Testing,A,Digital Ethics|Professional Email Writing,6842,Electrical & Facility Maintenance,15500,Ahmednagar|Jalgaon,Technical Livelihoods & Vocational Training,True,True,2969a4b586f1ad...qr
SKL-2026-0409,UTP-2026-0409,PRIS-MH-05,Nashik Road Central Prison,Under Capacity,83.1,SID-MA-99409,Tushar R.,Male,42,10th Standard,Domestic Electrician,3,Power Sector Skill Council / DGT,In_Training,152,Single Phase Wiring|MCB Installation|Multimeter Testing,A,Anger Management Module|Stress Resilience,1665,Electrical & Facility Maintenance,15500,Dhule|Jalgaon,Technical Livelihoods & Vocational Training,False,True,194fdee38bcd47...qr
SKL-2026-0410,UTP-2026-0410,PRIS-MH-05,Nashik Road Central Prison,Under Capacity,83.1,SID-MA-99410,Ganesh G.,Male,21,12th Standard,Bakery & Confectionery,3,FICSI / National Council for Vocational Training,Certified,404,Commercial Dough Mixer|Rotary Deck Oven|Bread Slicer,A,Workplace Communication|Conflict Management,4485,Food Processing & Bakery,14500,Nashik|Jalgaon,Skill Training & Micro-enterprise,True,True,305885c5c0030d...qr
SKL-2026-0411,UTP-2026-0411,PRIS-MH-05,Nashik Road Central Prison,Under Capacity,83.1,SID-MA-99411,Sachin R.,Male,55,Illiterate (Adult Literacy Enrolled),Bakery & Confectionery,3,FICSI / National Council for Vocational Training,Certified,632,Commercial Dough Mixer|Rotary Deck Oven|Bread Slicer,A,Digital Ethics|Professional Email Writing,7553,Food Processing & Bakery,14500,Nashik|Ahmednagar,Skill Training & Micro-enterprise,True,True,3370e29506eb25...qr
SKL-2026-0412,UTP-2026-0412,PRIS-MH-05,Nashik Road Central Prison,Under Capacity,83.1,SID-MA-99412,Sunil P.,Male,40,Illiterate (Adult Literacy Enrolled),Organic Farming & Horticulture,3,Agriculture Skill Council of India (ASCI),Assessment_Pending,158,Drip Irrigation Setup|Composting Unit|Power Weeder,A,Digital Ethics|Professional Email Writing,1544,Agriculture & Rural Enterprise,14000,Nashik|Ahmednagar,Rural Development & Agro Livelihoods,False,True,4e03a7712d47e3...qr
SKL-2026-0413,UTP-2026-0413,PRIS-MH-05,Nashik Road Central Prison,Under Capacity,83.1,SID-MA-99413,Vijay D.,Male,23,ITI Diploma,Garment Tailoring,3,Apparel Sector Skill Council / PMKVY,Certified,691,Single Needle Lockstitch|Overlock Machine|Pattern Cutting,A,Team Coordination|Basic Numeracy,6253,Garment & Textile Manufacturing,15000,Dhule|Jalgaon,Vocational Livelihood & Rehabilitation,True,True,4034ce6363416a...qr
SKL-2026-0414,UTP-2026-0414,PRIS-MH-05,Nashik Road Central Prison,Under Capacity,83.1,SID-MA-99414,Chetan M.,male,24,5th Standard,Domestic Electrician,3,Power Sector Skill Council / DGT,In_Training,615,Single Phase Wiring|MCB Installation|Multimeter Testing,B,Customer Service & Professional Etiquette,5748,Electrical & Facility Maintenance,15500,Nashik|Ahmednagar,Technical Livelihoods & Vocational Training,False,True,a8330a1f7906f...qr
SKL-2026-0415,UTP-2026-0415,PRIS-MH-05,Nashik Road Central Prison,Under Capacity,83.1,SID-MA-99415,Rakesh K.,Male,25,Graduate (B.A./B.Com),Domestic Electrician,3,Power Sector Skill Council / DGT,Certified,560,Single Phase Wiring|MCB Installation|Multimeter Testing,A,Workplace Safety & Hazard Control,5732,Electrical & Facility Maintenance,15500,Dhule|Jalgaon,Technical Livelihoods & Vocational Training,True,True,c19ace22a8c52...qr
SKL-2026-0416,UTP-2026-0416,PRIS-MH-05,Nashik Road Central Prison,Under Capacity,83.1,SID-MA-99416,Ashok S.,Male,34,Illiterate (Adult Literacy Enrolled),CNC Machine Operator,4,Capital Goods Skill Council / DGT,Certified,267,3-Axis CNC Lathe|G-Code Programming|Vernier Caliper,A,Digital Ethics|Professional Email Writing,3485,Industrial Tooling & Precision Machining,21000,Nashik|Dhule,Technical Livelihoods & Industry Linkages,True,True,23d0b051b6b80c...qr
SKL-2026-0417,UTP-2026-0417,PRIS-MH-05,Nashik Road Central Prison,Under Capacity,83.1,SID-MA-99417,Manoj R.,Male,33,8th Standard,Domestic Electrician,3,Power Sector Skill Council / DGT,In_Training,487,Single Phase Wiring|MCB Installation|Multimeter Testing,B,Team Coordination|Basic Numeracy,4292,Electrical & Facility Maintenance,15500,Nashik|Jalgaon,Technical Livelihoods & Vocational Training,False,True,36c38c13194ade...qr
SKL-2026-0418,UTP-2026-0418,PRIS-MH-05,Nashik Road Central Prison,Under Capacity,83.1,SID-MA-99418,Tushar A.,Male,36,Illiterate (Adult Literacy Enrolled),Screen Printing & Packaging,2,Media & Entertainment Skill Council,Certified,658,Manual Screen Press|UV Exposure Unit|Ink Mixing,A,Team Coordination|Basic Numeracy,5913,Commercial Printing & Signage,13000,Jalgaon|Ahmednagar,Community Reintegration Support,True,True,39e292d5199d6f...qr
SKL-2026-0419,UTP-2026-0419,PRIS-MH-05,Nashik Road Central Prison,Under Capacity,83.1,SID-MA-99419,Ganesh D.,Male,56,10th Standard,Wood Furniture Making & Carpentry,3,Furniture & Fittings Skill Council (FFSC),Assessment_Pending,651,Circular Saw|Wood Surface Planer|Laminate Press,A,Food Safety & Hygiene|Time Management,8720,Furniture Manufacturing & Carpentry,16000,Nashik|Dhule,Vocational Training & Micro-enterprise,False,True,2aa53af5bf0b47...qr
SKL-2026-0420,UTP-2026-0420,PRIS-MH-05,Nashik Road Central Prison,Under Capacity,83.1,SID-MA-99420,Subhash C.,Male,25,10th Standard,Leather Goods Fabrication,3,Leather Sector Skill Council (LSSC),Certified,602,Leather Skiving Machine|Heavy Duty Stitcher|Edge Burnisher,B,Customer Service & Professional Etiquette,5825,Footwear & Leather Craft,15000,Jalgaon|Dhule,Artisan Cooperatives & Reintegration,False,True,ec1a5d3b7af56...qr
SKL-2026-0421,UTP-2026-0421,PRIS-MH-05,Nashik Road Central Prison,Under Capacity,83.1,SID-MA-99421,Ashok K.,Male,41,8th Standard,CNC Machine Operator,4,Capital Goods Skill Council / DGT,In_Training,402,3-Axis CNC Lathe|G-Code Programming|Vernier Caliper,A,Digital Ethics|Professional Email Writing,4446,Industrial Tooling & Precision Machining,21000,Nashik|Jalgaon,Technical Livelihoods & Industry Linkages,False,True,e578c92e9e2bc...qr
SKL-2026-0422,UTP-2026-0422,PRIS-MH-05,Nashik Road Central Prison,Under Capacity,83.1,SID-MA-99422,Santosh G.,Male,26,8th Standard,Domestic Electrician,3,Power Sector Skill Council / DGT,Certified,573,Single Phase Wiring|MCB Installation|Multimeter Testing,C,Workplace Communication|Conflict Management,7651,Electrical & Facility Maintenance,15500,Nashik|Jalgaon,Technical Livelihoods & Vocational Training,False,True,144581057db54e...qr
SKL-2026-0423,UTP-2026-0423,PRIS-MH-05,Nashik Road Central Prison,Under Capacity,83.1,SID-MA-99423,Manish S.,Male,26,Illiterate (Adult Literacy Enrolled),Organic Farming & Horticulture,3,Agriculture Skill Council of India (ASCI),Certified,687,Drip Irrigation Setup|Composting Unit|Power Weeder,A,Customer Service & Professional Etiquette,9303,Agriculture & Rural Enterprise,14000,Dhule|Ahmednagar,Rural Development & Agro Livelihoods,True,True,35cc5651aade73...qr
SKL-2026-0424,UTP-2026-0424,PRIS-MH-05,Nashik Road Central Prison,Under Capacity,83.1,SID-MA-99424,Pravin V.,Male,40,Illiterate (Adult Literacy Enrolled),Leather Goods Fabrication,3,Leather Sector Skill Council (LSSC),Certified,197,Leather Skiving Machine|Heavy Duty Stitcher|Edge Burnisher,A,Workplace Safety & Hazard Control,1815,Footwear & Leather Craft,15000,Ahmednagar|Jalgaon,Artisan Cooperatives & Reintegration,True,False,387de315a3ce87...qr
SKL-2026-0425,UTP-2026-0425,PRIS-MH-05,Nashik Road Central Prison,Under Capacity,83.1,SID-MA-99425,Neeta S.,Female,37,10th Standard,Bakery & Confectionery,3,FICSI / National Council for Vocational Training,In_Training,461,Commercial Dough Mixer|Rotary Deck Oven|Bread Slicer,A,Food Safety & Hygiene|Time Management,4730,Food Processing & Bakery,14500,Dhule|Nashik,Skill Training & Micro-enterprise,False,True,25849fe2a0d5c3...qr
SKL-2026-0426,UTP-2026-0426,PRIS-MH-05,Nashik Road Central Prison,Under Capacity,83.1,SID-MA-99426,Raju S.,Male,24,10th Standard,CNC Machine Operator,4,Capital Goods Skill Council / DGT,Certified,472,3-Axis CNC Lathe|G-Code Programming|Vernier Caliper,A,Team Coordination|Basic Numeracy,5607,Industrial Tooling & Precision Machining,21000,Nashik|Ahmednagar,Technical Livelihoods & Industry Linkages,True,True,38f8024435544c...qr
SKL-2026-0427,UTP-2026-0427,PRIS-MH-05,Nashik Road Central Prison,Under Capacity,83.1,SID-MA-99427,Sanjay R.,Male,57,9th Standard,CNC Machine Operator,4,Capital Goods Skill Council / DGT,In_Training,610,3-Axis CNC Lathe|G-Code Programming|Vernier Caliper,A,Financial Literacy & Bank Account Operations,5485,Industrial Tooling & Precision Machining,21000,Jalgaon|Nashik,Technical Livelihoods & Industry Linkages,False,True,386868953af3d5...qr
SKL-2026-0428,UTP-2026-0428,PRIS-MH-05,Nashik Road Central Prison,Under Capacity,83.1,SID-MA-99428,Satish S.,Male,25,Graduate (B.A./B.Com),Garment Tailoring,3,Apparel Sector Skill Council / PMKVY,Certified,467,Single Needle Lockstitch|Overlock Machine|Pattern Cutting,B,Financial Literacy & Bank Account Operations,5931,Garment & Textile Manufacturing,15000,Nashik|Jalgaon,Vocational Livelihood & Rehabilitation,False,False,421c8351fcc3d9...qr
SKL-2026-0429,UTP-2026-0429,PRIS-MH-05,Nashik Road Central Prison,Under Capacity,83.1,SID-MA-99429,Anil M.,Male,35,5th Standard,Data Entry & Office Automation,4,NIELIT / State Skill Development Mission,In_Training,533,Typing 40+ WPM|MS Excel Fundamentals|Tally Prime Basics,A,Workplace Safety & Hazard Control,4804,IT & Office Administration,17500,Ahmednagar|Jalgaon,Youth Employment & Digital Literacy,False,True,3d9f85d5a38ced...qr
SKL-2026-0430,UTP-2026-0430,PRIS-MH-05,Nashik Road Central Prison,Under Capacity,83.1,SID-MA-99430,Amit P.,Male,25,12th Standard,Garment Tailoring,3,Apparel Sector Skill Council / PMKVY,In_Training,328,Single Needle Lockstitch|Overlock Machine|Pattern Cutting,B,Workplace Communication|Conflict Management,2799,Garment & Textile Manufacturing,15000,Ahmednagar|Jalgaon,Vocational Livelihood & Rehabilitation,False,False,3b8afa73b5d8a1...qr
SKL-2026-0431,UTP-2026-0431,PRIS-MH-05,Nashik Road Central Prison,Under Capacity,83.1,SID-MA-99431,Santosh P.,Male,33,Illiterate (Adult Literacy Enrolled),CNC Machine Operator,4,Capital Goods Skill Council / DGT,Certified,489,3-Axis CNC Lathe|G-Code Programming|Vernier Caliper,A,Digital Ethics|Professional Email Writing,4291,Industrial Tooling & Precision Machining,21000,Jalgaon|Nashik,Technical Livelihoods & Industry Linkages,True,True,2c1cbf7bb07ec...qr
SKL-2026-0432,UTP-2026-0432,PRIS-MH-05,Nashik Road Central Prison,Under Capacity,83.1,SID-MA-99432,Chetan D.,Male,26,10th Standard,Screen Printing & Packaging,2,Media & Entertainment Skill Council,Certified,618,Manual Screen Press|UV Exposure Unit|Ink Mixing,C,Workplace Communication|Conflict Management,6603,Commercial Printing & Signage,13000,Jalgaon|Nashik,Community Reintegration Support,False,False,2287f7222efdd1...qr
SKL-2026-0433,UTP-2026-0433,PRIS-MH-05,Nashik Road Central Prison,Under Capacity,83.1,SID-MA-99433,Manoj K.,Male,25,Illiterate (Adult Literacy Enrolled),Warehouse Packaging & Inventory,2,Logistics Sector Skill Council,Certified,545,Handheld Barcode Scanner|Shrink Wrap Machine|Inventory Tagging,A,Food Safety & Hygiene|Time Management,5203,Logistics & Supply Chain,13500,Ahmednagar|Nashik,Youth Livelihood & Logistics,True,True,4f522712f84983...qr
SKL-2026-0434,UTP-2026-0434,PRIS-MH-05,Nashik Road Central Prison,Under Capacity,83.1,SID-MA-99434,Mohan S.,Male,32,9th Standard,Data Entry & Office Automation,4,NIELIT / State Skill Development Mission,In_Training,660,Typing 40+ WPM|MS Excel Fundamentals|Tally Prime Basics,A,Digital Ethics|Professional Email Writing,5981,IT & Office Administration,17500,Dhule|Ahmednagar,Youth Employment & Digital Literacy,False,True,3f47a1c1f8109b...qr
SKL-2026-0435,UTP-2026-0435,PRIS-MH-05,Nashik Road Central Prison,Under Capacity,83.1,SID-MA-99435,Sunil K.,Male,38,8th Standard,Bakery & Confectionery,3,FICSI / National Council for Vocational Training,Certified,469,Commercial Dough Mixer|Rotary Deck Oven|Bread Slicer,B,Anger Management Module|Stress Resilience,6308,Food Processing & Bakery,14500,Dhule|Nashik,Skill Training & Micro-enterprise,False,True,9d32ea39ae00a...qr
SKL-2026-0436,UTP-2026-0436,PRIS-MH-05,Nashik Road Central Prison,Under Capacity,83.1,SID-MA-99436,Karan T.,Male,37,10th Standard,Organic Farming & Horticulture,3,Agriculture Skill Council of India (ASCI),Assessment_Pending,538,Drip Irrigation Setup|Composting Unit|Power Weeder,A,Workplace Safety & Hazard Control,5269,Agriculture & Rural Enterprise,14000,Jalgaon|Ahmednagar,Rural Development & Agro Livelihoods,False,True,1dcdcab19c6d0e...qr
SKL-2026-0437,UTP-2026-0437,PRIS-MH-05,Nashik Road Central Prison,Under Capacity,83.1,SID-MA-99437,Ajay G.,Male,40,12th Standard,Domestic Electrician,3,Power Sector Skill Council / DGT,Certified,463,Single Phase Wiring|MCB Installation|Multimeter Testing,A,Digital Ethics|Professional Email Writing,4002,Electrical & Facility Maintenance,15500,Ahmednagar|Dhule,Technical Livelihoods & Vocational Training,True,True,13850b15821c07...qr
SKL-2026-0438,UTP-2026-0438,PRIS-MH-05,Nashik Road Central Prison,Under Capacity,83.1,SID-MA-99438,Rohit C.,Male,41,9th Standard,Garment Tailoring,3,Apparel Sector Skill Council / PMKVY,In_Training,613,Single Needle Lockstitch|Overlock Machine|Pattern Cutting,A,Team Coordination|Basic Numeracy,7522,Garment & Textile Manufacturing,15000,Nashik|Ahmednagar,Vocational Livelihood & Rehabilitation,False,True,1f07cc32d533e5...qr
SKL-2026-0439,UTP-2026-0439,PRIS-MH-05,Nashik Road Central Prison,Under Capacity,83.1,SID-MA-99439,Nitin S.,Male,21,Illiterate (Adult Literacy Enrolled),Data Entry & Office Automation,4,NIELIT / State Skill Development Mission,Certified,667,Typing 40+ WPM|MS Excel Fundamentals|Tally Prime Basics,A,Team Coordination|Basic Numeracy,8319,IT & Office Administration,17500,Ahmednagar|Nashik,Youth Employment & Digital Literacy,True,True,357c5233b56aa8...qr
SKL-2026-0440,UTP-2026-0440,PRIS-MH-05,Nashik Road Central Prison,Under Capacity,83.1,SID-MA-99440,Satish K.,Male,35,10th Standard,Organic Farming & Horticulture,3,Agriculture Skill Council of India (ASCI),Certified,394,Drip Irrigation Setup|Composting Unit|Power Weeder,A,Workplace Safety & Hazard Control,4710,Agriculture & Rural Enterprise,14000,Nashik|Jalgaon,Rural Development & Agro Livelihoods,True,True,536361b1312f02...qr
SKL-2026-0441,UTP-2026-0441,PRIS-MH-05,Nashik Road Central Prison,Under Capacity,83.1,SID-MA-99441,Tushar B.,Male,24,Illiterate (Adult Literacy Enrolled),CNC Machine Operator,4,Capital Goods Skill Council / DGT,In_Training,490,3-Axis CNC Lathe|G-Code Programming|Vernier Caliper,A,Workplace Communication|Conflict Management,6751,Industrial Tooling & Precision Machining,21000,Jalgaon|Nashik,Technical Livelihoods & Industry Linkages,False,True,5be174817808c8...qr
SKL-2026-0442,UTP-2026-0442,PRIS-MH-05,Nashik Road Central Prison,Under Capacity,83.1,SID-MA-99442,Karan S.,Male,24,5th Standard,Leather Goods Fabrication,3,Leather Sector Skill Council (LSSC),Assessment_Pending,651,Leather Skiving Machine|Heavy Duty Stitcher|Edge Burnisher,A,Customer Service & Professional Etiquette,8370,Footwear & Leather Craft,15000,Ahmednagar|Jalgaon,Artisan Cooperatives & Reintegration,False,True,2fc39331efcfda...qr
SKL-2026-0443,UTP-2026-0443,PRIS-MH-05,Nashik Road Central Prison,Under Capacity,83.1,SID-MA-99443,Sunil M.,Male,39,9th Standard,Warehouse Packaging & Inventory,2,Logistics Sector Skill Council,Certified,655,Handheld Barcode Scanner|Shrink Wrap Machine|Inventory Tagging,A,Anger Management Module|Stress Resilience,6039,Logistics & Supply Chain,13500,Nashik|Dhule,Youth Livelihood & Logistics,True,True,126658d24346b8...qr
SKL-2026-0444,UTP-2026-0444,PRIS-MH-05,Nashik Road Central Prison,Under Capacity,83.1,SID-MA-99444,Neeta C.,Female,21,9th Standard,Wood Furniture Making & Carpentry,3,Furniture & Fittings Skill Council (FFSC),Certified,129,Circular Saw|Wood Surface Planer|Laminate Press,A,Digital Ethics|Professional Email Writing,1748,Furniture Manufacturing & Carpentry,16000,Jalgaon|Nashik,Vocational Training & Micro-enterprise,True,True,1271d634cd7ba2...qr
SKL-2026-0445,UTP-2026-0445,PRIS-MH-05,Nashik Road Central Prison,Under Capacity,83.1,SID-MA-99445,Nitin R.,Male,35,Illiterate (Adult Literacy Enrolled),Organic Farming & Horticulture,3,Agriculture Skill Council of India (ASCI),Certified,443,Drip Irrigation Setup|Composting Unit|Power Weeder,A,Workplace Safety & Hazard Control,5585,Agriculture & Rural Enterprise,14000,Jalgaon|Ahmednagar,Rural Development & Agro Livelihoods,True,True,4777a851ae6ee4...qr
SKL-2026-0446,UTP-2026-0446,PRIS-MH-05,Nashik Road Central Prison,Under Capacity,83.1,SID-MA-99446,Satish M.,M,20,ITI Diploma,Domestic Electrician,3,Power Sector Skill Council / DGT,Certified,683,Single Phase Wiring|MCB Installation|Multimeter Testing,B,Workplace Communication|Conflict Management,7029,Electrical & Facility Maintenance,15500,Dhule|Nashik,Technical Livelihoods & Vocational Training,False,True,5218c0e583b796...qr
SKL-2026-0447,UTP-2026-0447,PRIS-MH-05,Nashik Road Central Prison,Under Capacity,83.1,SID-MA-99447,Ganesh J.,Male,22,5th Standard,Leather Goods Fabrication,3,Leather Sector Skill Council (LSSC),Assessment_Pending,544,Leather Skiving Machine|Heavy Duty Stitcher|Edge Burnisher,A,Workplace Safety & Hazard Control,6352,Footwear & Leather Craft,15000,Ahmednagar|Jalgaon,Artisan Cooperatives & Reintegration,False,True,18722fe20a2bc1...qr
SKL-2026-0448,UTP-2026-0448,PRIS-MH-05,Nashik Road Central Prison,Under Capacity,83.1,SID-MA-99448,Surinder S.,Male,24,Illiterate (Adult Literacy Enrolled),Bakery & Confectionery,3,FICSI / National Council for Vocational Training,Certified,604,Commercial Dough Mixer|Rotary Deck Oven|Bread Slicer,A,Workplace Communication|Conflict Management,6954,Food Processing & Bakery,14500,Dhule|Nashik,Skill Training & Micro-enterprise,True,True,2b7f22b5079c29...qr
SKL-2026-0449,UTP-2026-0449,PRIS-MH-05,Nashik Road Central Prison,Under Capacity,83.1,SID-MA-99449,Rohit M.,Male,25,5th Standard,Bakery & Confectionery,3,FICSI / National Council for Vocational Training,In_Training,680,Commercial Dough Mixer|Rotary Deck Oven|Bread Slicer,B,Food Safety & Hygiene|Time Management,5865,Food Processing & Bakery,14500,Dhule|Jalgaon,Skill Training & Micro-enterprise,False,True,54a8462361cc82...qr
SKL-2026-0450,UTP-2026-0450,PRIS-MH-05,Nashik Road Central Prison,Under Capacity,83.1,SID-MA-99450,Karan V.,Male,39,Illiterate (Adult Literacy Enrolled),Data Entry & Office Automation,4,NIELIT / State Skill Development Mission,Certified,610,Typing 40+ WPM|MS Excel Fundamentals|Tally Prime Basics,A,Food Safety & Hygiene|Time Management,6468,IT & Office Administration,17500,Nashik|Ahmednagar,Youth Employment & Digital Literacy,True,True,ee4c8a1904eb1...qr
SKL-2026-0451,UTP-2026-0451,PRIS-MH-05,Nashik Road Central Prison,Under Capacity,83.1,SID-MA-99451,Ajay D.,Male,39,5th Standard,Bakery & Confectionery,3,FICSI / National Council for Vocational Training,In_Training,587,Commercial Dough Mixer|Rotary Deck Oven|Bread Slicer,A,Digital Ethics|Professional Email Writing,7965,Food Processing & Bakery,14500,Nashik|Jalgaon,Skill Training & Micro-enterprise,False,True,1ac519f1cc0cd9...qr
SKL-2026-0452,UTP-2026-0452,PRIS-MH-05,Nashik Road Central Prison,Under Capacity,83.1,SID-MA-99452,Ashok D.,M,35,Illiterate (Adult Literacy Enrolled),Wood Furniture Making & Carpentry,3,Furniture & Fittings Skill Council (FFSC),Assessment_Pending,535,Circular Saw|Wood Surface Planer|Laminate Press,A,Customer Service & Professional Etiquette,5450,Furniture Manufacturing & Carpentry,16000,Dhule|Nashik,Vocational Training & Micro-enterprise,False,True,2abc066132155d...qr
SKL-2026-0453,UTP-2026-0453,PRIS-MH-05,Nashik Road Central Prison,Under Capacity,83.1,SID-MA-99453,Vicky P.,Male,20,5th Standard,Bakery & Confectionery,3,FICSI / National Council for Vocational Training,Certified,651,Commercial Dough Mixer|Rotary Deck Oven|Bread Slicer,B,Workplace Communication|Conflict Management,6327,Food Processing & Bakery,14500,Jalgaon|Nashik,Skill Training & Micro-enterprise,False,True,197f66dbb1e11...qr
SKL-2026-0454,UTP-2026-0454,PRIS-MH-05,Nashik Road Central Prison,Under Capacity,83.1,SID-MA-99454,Kishore M.,Male,37,8th Standard,Organic Farming & Horticulture,3,Agriculture Skill Council of India (ASCI),Certified,537,Drip Irrigation Setup|Composting Unit|Power Weeder,B,Food Safety & Hygiene|Time Management,4678,Agriculture & Rural Enterprise,14000,Nashik|Jalgaon,Rural Development & Agro Livelihoods,False,False,3e5896e506dbec...qr
SKL-2026-0455,UTP-2026-0455,PRIS-MH-05,Nashik Road Central Prison,Under Capacity,83.1,SID-MA-99455,Chetan G.,Male,23,5th Standard,Wood Furniture Making & Carpentry,3,Furniture & Fittings Skill Council (FFSC),Certified,402,Circular Saw|Wood Surface Planer|Laminate Press,A,Customer Service & Professional Etiquette,3803,Furniture Manufacturing & Carpentry,16000,Dhule|Nashik,Vocational Training & Micro-enterprise,True,False,413aa2920cc330...qr
SKL-2026-0456,UTP-2026-0456,PRIS-MH-05,Nashik Road Central Prison,Under Capacity,83.1,SID-MA-99456,Mukesh T.,Male,22,Illiterate (Adult Literacy Enrolled),Screen Printing & Packaging,2,Media & Entertainment Skill Council,Certified,308,Manual Screen Press|UV Exposure Unit|Ink Mixing,B,Workplace Communication|Conflict Management,2672,Commercial Printing & Signage,13000,Jalgaon|Dhule,Community Reintegration Support,False,True,165baf2314b306...qr
SKL-2026-0457,UTP-2026-0457,PRIS-MH-05,Nashik Road Central Prison,Under Capacity,83.1,SID-MA-99457,Mohan P.,Male,24,5th Standard,Bakery & Confectionery,3,FICSI / National Council for Vocational Training,Certified,390,Commercial Dough Mixer|Rotary Deck Oven|Bread Slicer,A,Workplace Communication|Conflict Management,5047,Food Processing & Bakery,14500,Jalgaon|Ahmednagar,Skill Training & Micro-enterprise,True,True,49240423c18c5e...qr
SKL-2026-0458,UTP-2026-0458,PRIS-MH-05,Nashik Road Central Prison,Under Capacity,83.1,SID-MA-99458,Mukesh C.,Male,24,9th Standard,CNC Machine Operator,4,Capital Goods Skill Council / DGT,Certified,549,3-Axis CNC Lathe|G-Code Programming|Vernier Caliper,B,Financial Literacy & Bank Account Operations,7103,Industrial Tooling & Precision Machining,21000,Nashik|Jalgaon,Technical Livelihoods & Industry Linkages,False,True,2b57e271eaccd9...qr
SKL-2026-0459,UTP-2026-0459,PRIS-MH-05,Nashik Road Central Prison,Under Capacity,83.1,SID-MA-99459,Balu P.,Male,26,Graduate (B.A./B.Com),Organic Farming & Horticulture,3,Agriculture Skill Council of India (ASCI),In_Training,530,Drip Irrigation Setup|Composting Unit|Power Weeder,A,Workplace Safety & Hazard Control,7209,Agriculture & Rural Enterprise,14000,Nashik|Ahmednagar,Rural Development & Agro Livelihoods,False,True,3c9be472ad241c...qr
SKL-2026-0460,UTP-2026-0460,PRIS-MH-05,Nashik Road Central Prison,Under Capacity,83.1,SID-MA-99460,Balu K.,Male,37,10th Standard,Bakery & Confectionery,3,FICSI / National Council for Vocational Training,Certified,673,Commercial Dough Mixer|Rotary Deck Oven|Bread Slicer,A,Financial Literacy & Bank Account Operations,8216,Food Processing & Bakery,14500,Jalgaon|Nashik,Skill Training & Micro-enterprise,True,True,3fbdd1b512d4ad...qr
SKL-2026-0461,UTP-2026-0461,PRIS-MH-05,Nashik Road Central Prison,Under Capacity,83.1,SID-MA-99461,Vicky D.,Male,58,8th Standard,CNC Machine Operator,4,Capital Goods Skill Council / DGT,Certified,457,3-Axis CNC Lathe|G-Code Programming|Vernier Caliper,A,Financial Literacy & Bank Account Operations,5344,Industrial Tooling & Precision Machining,21000,Ahmednagar|Nashik,Technical Livelihoods & Industry Linkages,True,True,f5175156f1bfe...qr
SKL-2026-0462,UTP-2026-0462,PRIS-MH-05,Nashik Road Central Prison,Under Capacity,83.1,SID-MA-99462,Vikram S.,Male,22,Graduate (B.A./B.Com),Screen Printing & Packaging,2,Media & Entertainment Skill Council,In_Training,396,Manual Screen Press|UV Exposure Unit|Ink Mixing,A,Anger Management Module|Stress Resilience,4703,Commercial Printing & Signage,13000,Ahmednagar|Nashik,Community Reintegration Support,False,True,3c1ef1946ea6f8...qr
SKL-2026-0463,UTP-2026-0463,PRIS-MH-05,Nashik Road Central Prison,Under Capacity,83.1,SID-MA-99463,Mukesh D.,Male,25,ITI Diploma,Garment Tailoring,3,Apparel Sector Skill Council / PMKVY,Certified,519,Single Needle Lockstitch|Overlock Machine|Pattern Cutting,A,Workplace Communication|Conflict Management,7009,Garment & Textile Manufacturing,15000,Jalgaon|Dhule,Vocational Livelihood & Rehabilitation,True,True,48f8f6b1c0d1e8...qr
SKL-2026-0464,UTP-2026-0464,PRIS-MH-05,Nashik Road Central Prison,Under Capacity,83.1,SID-MA-99464,Harish P.,Male,40,Illiterate (Adult Literacy Enrolled),CNC Machine Operator,4,Capital Goods Skill Council / DGT,Certified,488,3-Axis CNC Lathe|G-Code Programming|Vernier Caliper,A,Food Safety & Hygiene|Time Management,6261,Industrial Tooling & Precision Machining,21000,Jalgaon|Ahmednagar,Technical Livelihoods & Industry Linkages,True,True,3c0906a59bd82b...qr
SKL-2026-0465,UTP-2026-0465,PRIS-MH-05,Nashik Road Central Prison,Under Capacity,83.1,SID-MA-99465,Dinesh M.,Male,42,Graduate (B.A./B.Com),Organic Farming & Horticulture,3,Agriculture Skill Council of India (ASCI),Certified,672,Drip Irrigation Setup|Composting Unit|Power Weeder,B,Workplace Communication|Conflict Management,7010,Agriculture & Rural Enterprise,14000,Nashik|Dhule,Rural Development & Agro Livelihoods,False,True,1174ab0269a02b...qr
SKL-2026-0466,UTP-2026-0466,PRIS-MH-05,Nashik Road Central Prison,Under Capacity,83.1,SID-MA-99466,Rakesh S.,Male,22,Graduate (B.A./B.Com),Leather Goods Fabrication,3,Leather Sector Skill Council (LSSC),Certified,401,Leather Skiving Machine|Heavy Duty Stitcher|Edge Burnisher,B,Customer Service & Professional Etiquette,4359,Footwear & Leather Craft,15000,Ahmednagar|Nashik,Artisan Cooperatives & Reintegration,False,True,4151d4d2b16e88...qr
SKL-2026-0467,UTP-2026-0467,PRIS-MH-05,Nashik Road Central Prison,Under Capacity,83.1,SID-MA-99467,Anil G.,Male,37,10th Standard,Data Entry & Office Automation,4,NIELIT / State Skill Development Mission,Certified,410,Typing 40+ WPM|MS Excel Fundamentals|Tally Prime Basics,B,Customer Service & Professional Etiquette,4911,IT & Office Administration,17500,Jalgaon|Nashik,Youth Employment & Digital Literacy,False,False,1069047ab56ee...qr
SKL-2026-0468,UTP-2026-0468,PRIS-MH-05,Nashik Road Central Prison,Under Capacity,83.1,SID-MA-99468,Pankaj K.,Male,21,Illiterate (Adult Literacy Enrolled),CNC Machine Operator,4,Capital Goods Skill Council / DGT,Certified,521,3-Axis CNC Lathe|G-Code Programming|Vernier Caliper,A,Financial Literacy & Bank Account Operations,7270,Industrial Tooling & Precision Machining,21000,Dhule|Nashik,Technical Livelihoods & Industry Linkages,True,True,1faaa3553800da...qr
SKL-2026-0469,UTP-2026-0469,PRIS-MH-05,Nashik Road Central Prison,Under Capacity,83.1,SID-MA-99469,Raju D.,Male,55,Illiterate (Adult Literacy Enrolled),CNC Machine Operator,4,Capital Goods Skill Council / DGT,Certified,686,3-Axis CNC Lathe|G-Code Programming|Vernier Caliper,A,Team Coordination|Basic Numeracy,9541,Industrial Tooling & Precision Machining,21000,Dhule|Ahmednagar,Technical Livelihoods & Industry Linkages,True,True,50e54e8274df4c...qr
SKL-2026-0470,UTP-2026-0470,PRIS-MH-05,Nashik Road Central Prison,Under Capacity,83.1,SID-MA-99470,Dinesh M.,Male,19,10th Standard,Screen Printing & Packaging,2,Media & Entertainment Skill Council,In_Training,510,Manual Screen Press|UV Exposure Unit|Ink Mixing,B,Financial Literacy & Bank Account Operations,5564,Commercial Printing & Signage,13000,Ahmednagar|Nashik,Community Reintegration Support,False,False,28a0a105e97ada...qr
SKL-2026-0471,UTP-2026-0471,PRIS-MH-05,Nashik Road Central Prison,Under Capacity,83.1,SID-MA-99471,Mahesh C.,Male,39,Illiterate (Adult Literacy Enrolled),Data Entry & Office Automation,4,NIELIT / State Skill Development Mission,In_Training,433,Typing 40+ WPM|MS Excel Fundamentals|Tally Prime Basics,A,Workplace Safety & Hazard Control,3708,IT & Office Administration,17500,Nashik|Jalgaon,Youth Employment & Digital Literacy,False,True,3c44a4b41ed12b...qr
SKL-2026-0472,UTP-2026-0472,PRIS-MH-05,Nashik Road Central Prison,Under Capacity,83.1,SID-MA-99472,Vikram M.,Male,21,Illiterate (Adult Literacy Enrolled),Warehouse Packaging & Inventory,2,Logistics Sector Skill Council,Certified,315,Handheld Barcode Scanner|Shrink Wrap Machine|Inventory Tagging,A,Workplace Safety & Hazard Control,4191,Logistics & Supply Chain,13500,Ahmednagar|Jalgaon,Youth Livelihood & Logistics,True,True,4002f95549621a...qr
SKL-2026-0473,UTP-2026-0473,PRIS-MH-05,Nashik Road Central Prison,Under Capacity,83.1,SID-MA-99473,Vicky J.,Male,26,12th Standard,Domestic Electrician,3,Power Sector Skill Council / DGT,Certified,552,Single Phase Wiring|MCB Installation|Multimeter Testing,A,Anger Management Module|Stress Resilience,5415,Electrical & Facility Maintenance,15500,Nashik|Ahmednagar,Technical Livelihoods & Vocational Training,True,True,5c3bdf45df4ead...qr
SKL-2026-0474,UTP-2026-0474,PRIS-MH-05,Nashik Road Central Prison,Under Capacity,83.1,SID-MA-99474,Sanjay G.,Male,35,ITI Diploma,Garment Tailoring,3,Apparel Sector Skill Council / PMKVY,Certified,568,Single Needle Lockstitch|Overlock Machine|Pattern Cutting,A,Financial Literacy & Bank Account Operations,7061,Garment & Textile Manufacturing,15000,Nashik|Ahmednagar,Vocational Livelihood & Rehabilitation,True,True,2f5b6c521c60de...qr
SKL-2026-0475,UTP-2026-0475,PRIS-MH-05,Nashik Road Central Prison,Under Capacity,83.1,SID-MA-99475,Karan V.,Male,36,8th Standard,Garment Tailoring,3,Apparel Sector Skill Council / PMKVY,In_Training,667,Single Needle Lockstitch|Overlock Machine|Pattern Cutting,A,Workplace Safety & Hazard Control,9130,Garment & Textile Manufacturing,15000,Ahmednagar|Dhule,Vocational Livelihood & Rehabilitation,False,True,33f4f72c09dca...qr
SKL-2026-0476,UTP-2026-0476,PRIS-MH-05,Nashik Road Central Prison,Under Capacity,83.1,SID-MA-99476,Ajay B.,Male,22,8th Standard,Domestic Electrician,3,Power Sector Skill Council / DGT,Certified,413,Single Phase Wiring|MCB Installation|Multimeter Testing,A,Customer Service & Professional Etiquette,3872,Electrical & Facility Maintenance,15500,Ahmednagar|Nashik,Technical Livelihoods & Vocational Training,True,True,4ea60434104aa0...qr
SKL-2026-0477,UTP-2026-0477,PRIS-MH-05,Nashik Road Central Prison,Under Capacity,83.1,SID-MA-99477,Mukesh J.,Male,40,8th Standard,Warehouse Packaging & Inventory,2,Logistics Sector Skill Council,Assessment_Pending,523,Handheld Barcode Scanner|Shrink Wrap Machine|Inventory Tagging,A,Digital Ethics|Professional Email Writing,5538,Logistics & Supply Chain,13500,Jalgaon|Nashik,Youth Livelihood & Logistics,False,True,a48ea052b4e51...qr
SKL-2026-0478,UTP-2026-0478,PRIS-MH-05,Nashik Road Central Prison,Under Capacity,83.1,SID-MA-99478,Balu M.,Male,22,Illiterate (Adult Literacy Enrolled),Data Entry & Office Automation,4,NIELIT / State Skill Development Mission,Certified,504,Typing 40+ WPM|MS Excel Fundamentals|Tally Prime Basics,A,Food Safety & Hygiene|Time Management,5529,IT & Office Administration,17500,Jalgaon|Ahmednagar,Youth Employment & Digital Literacy,True,True,2ba2d5e1a6b307...qr
SKL-2026-0479,UTP-2026-0479,PRIS-MH-05,Nashik Road Central Prison,Under Capacity,83.1,SID-MA-99479,Vijay M.,Male,32,8th Standard,Garment Tailoring,3,Apparel Sector Skill Council / PMKVY,Certified,306,Single Needle Lockstitch|Overlock Machine|Pattern Cutting,B,Financial Literacy & Bank Account Operations,4270,Garment & Textile Manufacturing,15000,Dhule|Jalgaon,Vocational Livelihood & Rehabilitation,False,True,2d60662a2f1c1...qr
SKL-2026-0480,UTP-2026-0480,PRIS-MH-05,Nashik Road Central Prison,Under Capacity,83.1,SID-MA-99480,Manish M.,Male,35,9th Standard,Garment Tailoring,3,Apparel Sector Skill Council / PMKVY,In_Training,658,Single Needle Lockstitch|Overlock Machine|Pattern Cutting,A,Food Safety & Hygiene|Time Management,6732,Garment & Textile Manufacturing,15000,Ahmednagar|Nashik,Vocational Livelihood & Rehabilitation,False,True,f1ebba37f7414...qr
SKL-2026-0481,UTP-2026-0481,PRIS-MH-06,Yerwada Open Prison & Semi-Open Annex,Under Capacity,57.7,SID-MA-99481,Chetan S.,Male,23,9th Standard,Leather Goods Fabrication,3,Leather Sector Skill Council (LSSC),Certified,651,Leather Skiving Machine|Heavy Duty Stitcher|Edge Burnisher,A,Digital Ethics|Professional Email Writing,7664,Footwear & Leather Craft,15000,Solapur|Satara,Artisan Cooperatives & Reintegration,True,True,3e7456f14cff6f...qr
SKL-2026-0482,UTP-2026-0482,PRIS-MH-06,Yerwada Open Prison & Semi-Open Annex,Under Capacity,57.7,SID-MA-99482,Dharmendra B.,Male,41,5th Standard,Domestic Electrician,3,Power Sector Skill Council / DGT,In_Training,478,Single Phase Wiring|MCB Installation|Multimeter Testing,A,Workplace Safety & Hazard Control,6636,Electrical & Facility Maintenance,15500,Kolhapur|Pune,Technical Livelihoods & Vocational Training,False,True,42db11b2256684...qr
SKL-2026-0483,UTP-2026-0483,PRIS-MH-06,Yerwada Open Prison & Semi-Open Annex,Under Capacity,57.7,SID-MA-99483,Manoj R.,Male,57,5th Standard,Warehouse Packaging & Inventory,2,Logistics Sector Skill Council,Certified,467,Handheld Barcode Scanner|Shrink Wrap Machine|Inventory Tagging,A,Digital Ethics|Professional Email Writing,5842,Logistics & Supply Chain,13500,Pune|Solapur,Youth Livelihood & Logistics,True,False,34333183314574...qr
SKL-2026-0484,UTP-2026-0484,PRIS-MH-06,Yerwada Open Prison & Semi-Open Annex,Under Capacity,57.7,SID-MA-99484,Manish C.,Male,39,Illiterate (Adult Literacy Enrolled),Data Entry & Office Automation,4,NIELIT / State Skill Development Mission,Certified,600,Typing 40+ WPM|MS Excel Fundamentals|Tally Prime Basics,C,Anger Management Module|Stress Resilience,6139,IT & Office Administration,17500,Solapur|Kolhapur,Youth Employment & Digital Literacy,False,False,142e52620357c9...qr
SKL-2026-0485,UTP-2026-0485,PRIS-MH-06,Yerwada Open Prison & Semi-Open Annex,Under Capacity,57.7,SID-MA-99485,Karan T.,Male,25,5th Standard,Screen Printing & Packaging,2,Media & Entertainment Skill Council,Certified,208,Manual Screen Press|UV Exposure Unit|Ink Mixing,B,Food Safety & Hygiene|Time Management,2643,Commercial Printing & Signage,13000,Satara|Pune,Community Reintegration Support,False,True,5008340fdffeb...qr
SKL-2026-0486,UTP-2026-0486,PRIS-MH-06,Yerwada Open Prison & Semi-Open Annex,Under Capacity,57.7,SID-MA-99486,Mohan T.,male,25,9th Standard,Wood Furniture Making & Carpentry,3,Furniture & Fittings Skill Council (FFSC),In_Training,680,Circular Saw|Wood Surface Planer|Laminate Press,C,Team Coordination|Basic Numeracy,9073,Furniture Manufacturing & Carpentry,16000,Satara|Solapur,Vocational Training & Micro-enterprise,False,True,28b8b4c3962142...qr
SKL-2026-0487,UTP-2026-0487,PRIS-MH-06,Yerwada Open Prison & Semi-Open Annex,Under Capacity,57.7,SID-MA-99487,Sunil D.,Male,23,10th Standard,Data Entry & Office Automation,4,NIELIT / State Skill Development Mission,Assessment_Pending,579,Typing 40+ WPM|MS Excel Fundamentals|Tally Prime Basics,A,Workplace Safety & Hazard Control,5898,IT & Office Administration,17500,Solapur|Pune,Youth Employment & Digital Literacy,False,False,3bcb1f6485b2bc...qr
SKL-2026-0488,UTP-2026-0488,PRIS-MH-06,Yerwada Open Prison & Semi-Open Annex,Under Capacity,57.7,SID-MA-99488,Mahesh G.,Male,41,5th Standard,Wood Furniture Making & Carpentry,3,Furniture & Fittings Skill Council (FFSC),Certified,155,Circular Saw|Wood Surface Planer|Laminate Press,A,Workplace Communication|Conflict Management,1865,Furniture Manufacturing & Carpentry,16000,Kolhapur|Solapur,Vocational Training & Micro-enterprise,True,False,28ce259a41843...qr
SKL-2026-0489,UTP-2026-0489,PRIS-MH-06,Yerwada Open Prison & Semi-Open Annex,Under Capacity,57.7,SID-MA-99489,Rakesh M.,Male,21,12th Standard,Warehouse Packaging & Inventory,2,Logistics Sector Skill Council,In_Training,261,Handheld Barcode Scanner|Shrink Wrap Machine|Inventory Tagging,C,Workplace Safety & Hazard Control,2458,Logistics & Supply Chain,13500,Pune|Kolhapur,Youth Livelihood & Logistics,False,False,284a8db3f2dd41...qr
SKL-2026-0490,UTP-2026-0490,PRIS-MH-06,Yerwada Open Prison & Semi-Open Annex,Under Capacity,57.7,SID-MA-99490,Nitin A.,M,38,10th Standard,Screen Printing & Packaging,2,Media & Entertainment Skill Council,Certified,444,Manual Screen Press|UV Exposure Unit|Ink Mixing,B,Food Safety & Hygiene|Time Management,5049,Commercial Printing & Signage,13000,Kolhapur|Solapur,Community Reintegration Support,False,False,3863df751ed21d...qr
SKL-2026-0491,UTP-2026-0491,PRIS-MH-06,Yerwada Open Prison & Semi-Open Annex,Under Capacity,57.7,SID-MA-99491,Gopal S.,Male,37,ITI Diploma,CNC Machine Operator,4,Capital Goods Skill Council / DGT,Certified,335,3-Axis CNC Lathe|G-Code Programming|Vernier Caliper,A,Team Coordination|Basic Numeracy,4618,Industrial Tooling & Precision Machining,21000,Solapur|Pune,Technical Livelihoods & Industry Linkages,True,True,4b515401b36bc7...qr
SKL-2026-0492,UTP-2026-0492,PRIS-MH-06,Yerwada Open Prison & Semi-Open Annex,Under Capacity,57.7,SID-MA-99492,Subhash K.,M,21,10th Standard,Domestic Electrician,3,Power Sector Skill Council / DGT,Certified,606,Single Phase Wiring|MCB Installation|Multimeter Testing,A,Digital Ethics|Professional Email Writing,5271,Electrical & Facility Maintenance,15500,Satara|Pune,Technical Livelihoods & Vocational Training,True,True,1ca49c325922c1...qr
SKL-2026-0493,UTP-2026-0493,PRIS-MH-06,Yerwada Open Prison & Semi-Open Annex,Under Capacity,57.7,SID-MA-99493,Balu R.,Male,58,ITI Diploma,Leather Goods Fabrication,3,Leather Sector Skill Council (LSSC),Certified,530,Leather Skiving Machine|Heavy Duty Stitcher|Edge Burnisher,A,Food Safety & Hygiene|Time Management,6498,Footwear & Leather Craft,15000,Satara|Solapur,Artisan Cooperatives & Reintegration,True,True,130323f45a7c3b...qr
SKL-2026-0494,UTP-2026-0494,PRIS-MH-06,Yerwada Open Prison & Semi-Open Annex,Under Capacity,57.7,SID-MA-99494,Surinder S.,Male,39,12th Standard,Leather Goods Fabrication,3,Leather Sector Skill Council (LSSC),In_Training,496,Leather Skiving Machine|Heavy Duty Stitcher|Edge Burnisher,A,Workplace Communication|Conflict Management,5261,Footwear & Leather Craft,15000,Kolhapur|Pune,Artisan Cooperatives & Reintegration,False,True,4b175f83beeb47...qr
SKL-2026-0495,UTP-2026-0495,PRIS-MH-06,Yerwada Open Prison & Semi-Open Annex,Under Capacity,57.7,SID-MA-99495,Santosh V.,Male,36,Illiterate (Adult Literacy Enrolled),Bakery & Confectionery,3,FICSI / National Council for Vocational Training,Assessment_Pending,390,Commercial Dough Mixer|Rotary Deck Oven|Bread Slicer,A,Digital Ethics|Professional Email Writing,5287,Food Processing & Bakery,14500,Solapur|Kolhapur,Skill Training & Micro-enterprise,False,True,32919002ba7e1d...qr
SKL-2026-0496,UTP-2026-0496,PRIS-MH-06,Yerwada Open Prison & Semi-Open Annex,Under Capacity,57.7,SID-MA-99496,Gopal T.,Male,32,12th Standard,Data Entry & Office Automation,4,NIELIT / State Skill Development Mission,Certified,450,Typing 40+ WPM|MS Excel Fundamentals|Tally Prime Basics,A,Anger Management Module|Stress Resilience,4470,IT & Office Administration,17500,Satara|Pune,Youth Employment & Digital Literacy,True,True,285ebf21376828...qr
SKL-2026-0497,UTP-2026-0497,PRIS-MH-06,Yerwada Open Prison & Semi-Open Annex,Under Capacity,57.7,SID-MA-99497,Vinod G.,Male,26,5th Standard,Wood Furniture Making & Carpentry,3,Furniture & Fittings Skill Council (FFSC),Assessment_Pending,553,Circular Saw|Wood Surface Planer|Laminate Press,A,Food Safety & Hygiene|Time Management,6011,Furniture Manufacturing & Carpentry,16000,Solapur|Pune,Vocational Training & Micro-enterprise,False,True,35794502e1654f...qr
SKL-2026-0498,UTP-2026-0498,PRIS-MH-06,Yerwada Open Prison & Semi-Open Annex,Under Capacity,57.7,SID-MA-99498,Rakesh R.,Male,60,12th Standard,Organic Farming & Horticulture,3,Agriculture Skill Council of India (ASCI),Certified,380,Drip Irrigation Setup|Composting Unit|Power Weeder,B,Workplace Safety & Hazard Control,3609,Agriculture & Rural Enterprise,14000,Pune|Satara,Rural Development & Agro Livelihoods,False,False,10464905f00878...qr
SKL-2026-0499,UTP-2026-0499,PRIS-MH-06,Yerwada Open Prison & Semi-Open Annex,Under Capacity,57.7,SID-MA-99499,Rakesh T.,Male,23,Illiterate (Adult Literacy Enrolled),Data Entry & Office Automation,4,NIELIT / State Skill Development Mission,Certified,452,Typing 40+ WPM|MS Excel Fundamentals|Tally Prime Basics,A,Food Safety & Hygiene|Time Management,6119,IT & Office Administration,17500,Solapur|Satara,Youth Employment & Digital Literacy,True,True,37f7efa5dc0d56...qr
SKL-2026-0500,UTP-2026-0500,PRIS-MH-06,Yerwada Open Prison & Semi-Open Annex,Under Capacity,57.7,SID-MA-99500,Nitin B.,Male,22,10th Standard,Leather Goods Fabrication,3,Leather Sector Skill Council (LSSC),Certified,351,Leather Skiving Machine|Heavy Duty Stitcher|Edge Burnisher,A,Workplace Safety & Hazard Control,4742,Footwear & Leather Craft,15000,Pune|Solapur,Artisan Cooperatives & Reintegration,True,True,1d0e8c241c5519...qr
SKL-2026-0501,UTP-2026-0501,PRIS-MH-06,Yerwada Open Prison & Semi-Open Annex,Under Capacity,57.7,SID-MA-99501,Pravin P.,Male,40,8th Standard,Bakery & Confectionery,3,FICSI / National Council for Vocational Training,Certified,195,Commercial Dough Mixer|Rotary Deck Oven|Bread Slicer,A,Customer Service & Professional Etiquette,2325,Food Processing & Bakery,14500,Solapur|Kolhapur,Skill Training & Micro-enterprise,True,True,3b8e01f2010e90...qr
SKL-2026-0502,UTP-2026-0502,PRIS-MH-06,Yerwada Open Prison & Semi-Open Annex,Under Capacity,57.7,SID-MA-99502,Sanjay R.,Male,38,Illiterate (Adult Literacy Enrolled),Domestic Electrician,3,Power Sector Skill Council / DGT,Certified,261,Single Phase Wiring|MCB Installation|Multimeter Testing,A,Workplace Communication|Conflict Management,2892,Electrical & Facility Maintenance,15500,Pune|Kolhapur,Technical Livelihoods & Vocational Training,True,True,444dad5f5e5f0...qr
SKL-2026-0503,UTP-2026-0503,PRIS-MH-06,Yerwada Open Prison & Semi-Open Annex,Under Capacity,57.7,SID-MA-99503,Ashok R.,Male,41,8th Standard,Leather Goods Fabrication,3,Leather Sector Skill Council (LSSC),Certified,613,Leather Skiving Machine|Heavy Duty Stitcher|Edge Burnisher,A,Anger Management Module|Stress Resilience,8513,Footwear & Leather Craft,15000,Satara|Solapur,Artisan Cooperatives & Reintegration,True,True,1baa7b61e31b25...qr
SKL-2026-0504,UTP-2026-0504,PRIS-MH-06,Yerwada Open Prison & Semi-Open Annex,Under Capacity,57.7,SID-MA-99504,Dharmendra P.,Male,26,Illiterate (Adult Literacy Enrolled),Domestic Electrician,3,Power Sector Skill Council / DGT,Certified,527,Single Phase Wiring|MCB Installation|Multimeter Testing,A,Financial Literacy & Bank Account Operations,5278,Electrical & Facility Maintenance,15500,Satara|Pune,Technical Livelihoods & Vocational Training,True,True,31e3b1326dd0d6...qr
SKL-2026-0505,UTP-2026-0505,PRIS-MH-06,Yerwada Open Prison & Semi-Open Annex,Under Capacity,57.7,SID-MA-99505,Anil S.,Male,25,10th Standard,Bakery & Confectionery,3,FICSI / National Council for Vocational Training,Assessment_Pending,578,Commercial Dough Mixer|Rotary Deck Oven|Bread Slicer,A,Customer Service & Professional Etiquette,8020,Food Processing & Bakery,14500,Solapur|Pune,Skill Training & Micro-enterprise,False,True,35574d133c5271...qr
SKL-2026-0506,UTP-2026-0506,PRIS-MH-06,Yerwada Open Prison & Semi-Open Annex,Under Capacity,57.7,SID-MA-99506,Sanjay T.,Male,39,ITI Diploma,Bakery & Confectionery,3,FICSI / National Council for Vocational Training,Certified,612,Commercial Dough Mixer|Rotary Deck Oven|Bread Slicer,A,Customer Service & Professional Etiquette,6759,Food Processing & Bakery,14500,Kolhapur|Satara,Skill Training & Micro-enterprise,True,False,4c824624648001...qr
SKL-2026-0507,UTP-2026-0507,PRIS-MH-06,Yerwada Open Prison & Semi-Open Annex,Under Capacity,57.7,SID-MA-99507,Mahesh B.,Male,24,9th Standard,Bakery & Confectionery,3,FICSI / National Council for Vocational Training,Certified,421,Commercial Dough Mixer|Rotary Deck Oven|Bread Slicer,A,Team Coordination|Basic Numeracy,3999,Food Processing & Bakery,14500,Pune|Kolhapur,Skill Training & Micro-enterprise,True,False,1908049548e84b...qr
SKL-2026-0508,UTP-2026-0508,PRIS-MH-06,Yerwada Open Prison & Semi-Open Annex,Under Capacity,57.7,SID-MA-99508,Sanjay S.,Male,22,12th Standard,Leather Goods Fabrication,3,Leather Sector Skill Council (LSSC),Certified,691,Leather Skiving Machine|Heavy Duty Stitcher|Edge Burnisher,A,Team Coordination|Basic Numeracy,5999,Footwear & Leather Craft,15000,Kolhapur|Pune,Artisan Cooperatives & Reintegration,True,True,25c5b9b45bae0e...qr
SKL-2026-0509,UTP-2026-0509,PRIS-MH-06,Yerwada Open Prison & Semi-Open Annex,Under Capacity,57.7,SID-MA-99509,Mohan K.,Male,21,8th Standard,Domestic Electrician,3,Power Sector Skill Council / DGT,Certified,251,Single Phase Wiring|MCB Installation|Multimeter Testing,A,Workplace Safety & Hazard Control,3398,Electrical & Facility Maintenance,15500,Solapur|Kolhapur,Technical Livelihoods & Vocational Training,True,True,2d97ebe3e85a35...qr
SKL-2026-0510,UTP-2026-0510,PRIS-MH-06,Yerwada Open Prison & Semi-Open Annex,Under Capacity,57.7,SID-MA-99510,Rahul V.,Male,42,12th Standard,Wood Furniture Making & Carpentry,3,Furniture & Fittings Skill Council (FFSC),Certified,525,Circular Saw|Wood Surface Planer|Laminate Press,A,Digital Ethics|Professional Email Writing,4884,Furniture Manufacturing & Carpentry,16000,Pune|Solapur,Vocational Training & Micro-enterprise,True,True,3f502b219f5a97...qr
SKL-2026-0511,UTP-2026-0511,PRIS-MH-06,Yerwada Open Prison & Semi-Open Annex,Under Capacity,57.7,SID-MA-99511,Subhash K.,Male,39,5th Standard,Leather Goods Fabrication,3,Leather Sector Skill Council (LSSC),Certified,550,Leather Skiving Machine|Heavy Duty Stitcher|Edge Burnisher,B,Digital Ethics|Professional Email Writing,4787,Footwear & Leather Craft,15000,Pune|Kolhapur,Artisan Cooperatives & Reintegration,False,True,52128a440f09e7...qr
SKL-2026-0512,UTP-2026-0512,PRIS-MH-06,Yerwada Open Prison & Semi-Open Annex,Under Capacity,57.7,SID-MA-99512,Ashok B.,Male,19,ITI Diploma,Bakery & Confectionery,3,FICSI / National Council for Vocational Training,Certified,677,Commercial Dough Mixer|Rotary Deck Oven|Bread Slicer,A,Team Coordination|Basic Numeracy,7811,Food Processing & Bakery,14500,Satara|Kolhapur,Skill Training & Micro-enterprise,True,True,3c4b8433b2faa1...qr
SKL-2026-0513,UTP-2026-0513,PRIS-MH-06,Yerwada Open Prison & Semi-Open Annex,Under Capacity,57.7,SID-MA-99513,Pravin S.,Male,21,10th Standard,Organic Farming & Horticulture,3,Agriculture Skill Council of India (ASCI),Certified,608,Drip Irrigation Setup|Composting Unit|Power Weeder,C,Workplace Communication|Conflict Management,5277,Agriculture & Rural Enterprise,14000,Solapur|Kolhapur,Rural Development & Agro Livelihoods,False,False,1b9160e52610c4...qr
SKL-2026-0514,UTP-2026-0514,PRIS-MH-06,Yerwada Open Prison & Semi-Open Annex,Under Capacity,57.7,SID-MA-99514,Ashok S.,Male,40,8th Standard,Data Entry & Office Automation,4,NIELIT / State Skill Development Mission,Certified,653,Typing 40+ WPM|MS Excel Fundamentals|Tally Prime Basics,B,Digital Ethics|Professional Email Writing,6265,IT & Office Administration,17500,Satara|Solapur,Youth Employment & Digital Literacy,False,True,595bcf12775af1...qr
SKL-2026-0515,UTP-2026-0515,PRIS-MH-06,Yerwada Open Prison & Semi-Open Annex,Under Capacity,57.7,SID-MA-99515,Meena D.,Female,24,Illiterate (Adult Literacy Enrolled),Warehouse Packaging & Inventory,2,Logistics Sector Skill Council,In_Training,335,Handheld Barcode Scanner|Shrink Wrap Machine|Inventory Tagging,A,Anger Management Module|Stress Resilience,2950,Logistics & Supply Chain,13500,Satara|Pune,Youth Livelihood & Logistics,False,True,50b8a0e2a99e05...qr
SKL-2026-0516,UTP-2026-0516,PRIS-MH-06,Yerwada Open Prison & Semi-Open Annex,Under Capacity,57.7,SID-MA-99516,Mahesh S.,M,26,ITI Diploma,Leather Goods Fabrication,3,Leather Sector Skill Council (LSSC),Certified,657,Leather Skiving Machine|Heavy Duty Stitcher|Edge Burnisher,A,Food Safety & Hygiene|Time Management,8589,Footwear & Leather Craft,15000,Kolhapur|Solapur,Artisan Cooperatives & Reintegration,True,True,48ebdd932a3b33...qr
SKL-2026-0517,UTP-2026-0517,PRIS-MH-06,Yerwada Open Prison & Semi-Open Annex,Under Capacity,57.7,SID-MA-99517,Ganesh P.,Male,54,10th Standard,Wood Furniture Making & Carpentry,3,Furniture & Fittings Skill Council (FFSC),In_Training,602,Circular Saw|Wood Surface Planer|Laminate Press,A,Anger Management Module|Stress Resilience,6724,Furniture Manufacturing & Carpentry,16000,Satara|Kolhapur,Vocational Training & Micro-enterprise,False,True,134de7721624f4...qr
SKL-2026-0518,UTP-2026-0518,PRIS-MH-06,Yerwada Open Prison & Semi-Open Annex,Under Capacity,57.7,SID-MA-99518,Karan K.,Male,24,9th Standard,Screen Printing & Packaging,2,Media & Entertainment Skill Council,Certified,339,Manual Screen Press|UV Exposure Unit|Ink Mixing,A,Food Safety & Hygiene|Time Management,3802,Commercial Printing & Signage,13000,Satara|Pune,Community Reintegration Support,True,True,488acc63b2d2da...qr
SKL-2026-0519,UTP-2026-0519,PRIS-MH-06,Yerwada Open Prison & Semi-Open Annex,Under Capacity,57.7,SID-MA-99519,Rahul S.,Male,25,5th Standard,Garment Tailoring,3,Apparel Sector Skill Council / PMKVY,In_Training,514,Single Needle Lockstitch|Overlock Machine|Pattern Cutting,A,Team Coordination|Basic Numeracy,4402,Garment & Textile Manufacturing,15000,Kolhapur|Pune,Vocational Livelihood & Rehabilitation,False,True,adbb74396ee5c...qr
SKL-2026-0520,UTP-2026-0520,PRIS-MH-06,Yerwada Open Prison & Semi-Open Annex,Under Capacity,57.7,SID-MA-99520,Ashok S.,Male,41,5th Standard,Leather Goods Fabrication,3,Leather Sector Skill Council (LSSC),Certified,632,Leather Skiving Machine|Heavy Duty Stitcher|Edge Burnisher,A,Team Coordination|Basic Numeracy,7362,Footwear & Leather Craft,15000,Satara|Pune,Artisan Cooperatives & Reintegration,True,True,18841a012aaf0a...qr
SKL-2026-0521,UTP-2026-0521,PRIS-MH-06,Yerwada Open Prison & Semi-Open Annex,Under Capacity,57.7,SID-MA-99521,Ganesh S.,Male,24,Illiterate (Adult Literacy Enrolled),CNC Machine Operator,4,Capital Goods Skill Council / DGT,Certified,438,3-Axis CNC Lathe|G-Code Programming|Vernier Caliper,A,Food Safety & Hygiene|Time Management,4260,Industrial Tooling & Precision Machining,21000,Pune|Kolhapur,Technical Livelihoods & Industry Linkages,True,True,4df1b2526442b2...qr
SKL-2026-0522,UTP-2026-0522,PRIS-MH-06,Yerwada Open Prison & Semi-Open Annex,Under Capacity,57.7,SID-MA-99522,Mahesh K.,Male,33,12th Standard,Data Entry & Office Automation,4,NIELIT / State Skill Development Mission,Certified,206,Typing 40+ WPM|MS Excel Fundamentals|Tally Prime Basics,A,Financial Literacy & Bank Account Operations,2252,IT & Office Administration,17500,Kolhapur|Pune,Youth Employment & Digital Literacy,True,True,4c325b7336e1e3...qr
SKL-2026-0523,UTP-2026-0523,PRIS-MH-06,Yerwada Open Prison & Semi-Open Annex,Under Capacity,57.7,SID-MA-99523,Ashok C.,Male,22,Illiterate (Adult Literacy Enrolled),CNC Machine Operator,4,Capital Goods Skill Council / DGT,Assessment_Pending,405,3-Axis CNC Lathe|G-Code Programming|Vernier Caliper,A,Food Safety & Hygiene|Time Management,3643,Industrial Tooling & Precision Machining,21000,Kolhapur|Pune,Technical Livelihoods & Industry Linkages,False,True,3d8972a54d12b2...qr
SKL-2026-0524,UTP-2026-0524,PRIS-MH-06,Yerwada Open Prison & Semi-Open Annex,Under Capacity,57.7,SID-MA-99524,Harish Y.,Male,39,5th Standard,Garment Tailoring,3,Apparel Sector Skill Council / PMKVY,Certified,632,Single Needle Lockstitch|Overlock Machine|Pattern Cutting,A,Anger Management Module|Stress Resilience,7283,Garment & Textile Manufacturing,15000,Pune|Satara,Vocational Livelihood & Rehabilitation,True,True,1e408a63f0821a...qr
SKL-2026-0525,UTP-2026-0525,PRIS-MH-06,Yerwada Open Prison & Semi-Open Annex,Under Capacity,57.7,SID-MA-99525,Harish K.,Male,33,12th Standard,Bakery & Confectionery,3,FICSI / National Council for Vocational Training,Assessment_Pending,667,Commercial Dough Mixer|Rotary Deck Oven|Bread Slicer,A,Customer Service & Professional Etiquette,6318,Food Processing & Bakery,14500,Kolhapur|Pune,Skill Training & Micro-enterprise,False,True,503641b3089e84...qr
SKL-2026-0526,UTP-2026-0526,PRIS-MH-06,Yerwada Open Prison & Semi-Open Annex,Under Capacity,57.7,SID-MA-99526,Gopal P.,Male,41,8th Standard,Organic Farming & Horticulture,3,Agriculture Skill Council of India (ASCI),Certified,208,Drip Irrigation Setup|Composting Unit|Power Weeder,A,Team Coordination|Basic Numeracy,2712,Agriculture & Rural Enterprise,14000,Satara|Pune,Rural Development & Agro Livelihoods,True,True,4e6e0124c6f7e1...qr
SKL-2026-0527,UTP-2026-0527,PRIS-MH-06,Yerwada Open Prison & Semi-Open Annex,Under Capacity,57.7,SID-MA-99527,Suraj S.,Male,23,8th Standard,Leather Goods Fabrication,3,Leather Sector Skill Council (LSSC),In_Training,560,Leather Skiving Machine|Heavy Duty Stitcher|Edge Burnisher,A,Food Safety & Hygiene|Time Management,5186,Footwear & Leather Craft,15000,Kolhapur|Pune,Artisan Cooperatives & Reintegration,False,True,4a764ff55769e1...qr
SKL-2026-0528,UTP-2026-0528,PRIS-MH-06,Yerwada Open Prison & Semi-Open Annex,Under Capacity,57.7,SID-MA-99528,Mahesh G.,Male,40,8th Standard,Screen Printing & Packaging,2,Media & Entertainment Skill Council,Certified,513,Manual Screen Press|UV Exposure Unit|Ink Mixing,A,Workplace Safety & Hazard Control,5504,Commercial Printing & Signage,13000,Pune|Solapur,Community Reintegration Support,True,True,5764f454a0eb7c...qr
SKL-2026-0529,UTP-2026-0529,PRIS-MH-06,Yerwada Open Prison & Semi-Open Annex,Under Capacity,57.7,SID-MA-99529,Tushar B.,Male,26,Graduate (B.A./B.Com),Data Entry & Office Automation,4,NIELIT / State Skill Development Mission,Certified,468,Typing 40+ WPM|MS Excel Fundamentals|Tally Prime Basics,A,Workplace Communication|Conflict Management,4024,IT & Office Administration,17500,Satara|Kolhapur,Youth Employment & Digital Literacy,True,True,29e0a81376f00f...qr
SKL-2026-0530,UTP-2026-0530,PRIS-MH-06,Yerwada Open Prison & Semi-Open Annex,Under Capacity,57.7,SID-MA-99530,Manoj P.,Male,41,9th Standard,Garment Tailoring,3,Apparel Sector Skill Council / PMKVY,In_Training,615,Single Needle Lockstitch|Overlock Machine|Pattern Cutting,A,Team Coordination|Basic Numeracy,7409,Garment & Textile Manufacturing,15000,Pune|Satara,Vocational Livelihood & Rehabilitation,False,True,15f6e5b50f4943...qr
SKL-2026-0531,UTP-2026-0531,PRIS-MH-06,Yerwada Open Prison & Semi-Open Annex,Under Capacity,57.7,SID-MA-99531,Satish S.,Male,41,Illiterate (Adult Literacy Enrolled),Wood Furniture Making & Carpentry,3,Furniture & Fittings Skill Council (FFSC),Certified,207,Circular Saw|Wood Surface Planer|Laminate Press,A,Team Coordination|Basic Numeracy,2846,Furniture Manufacturing & Carpentry,16000,Kolhapur|Satara,Vocational Training & Micro-enterprise,True,True,e7ae2b39e6222...qr
SKL-2026-0532,UTP-2026-0532,PRIS-MH-06,Yerwada Open Prison & Semi-Open Annex,Under Capacity,57.7,SID-MA-99532,Balu P.,Male,41,10th Standard,Wood Furniture Making & Carpentry,3,Furniture & Fittings Skill Council (FFSC),Certified,554,Circular Saw|Wood Surface Planer|Laminate Press,A,Team Coordination|Basic Numeracy,5229,Furniture Manufacturing & Carpentry,16000,Satara|Solapur,Vocational Training & Micro-enterprise,True,True,a518234824330...qr
SKL-2026-0533,UTP-2026-0533,PRIS-MH-06,Yerwada Open Prison & Semi-Open Annex,Under Capacity,57.7,SID-MA-99533,Balu V.,Male,25,9th Standard,CNC Machine Operator,4,Capital Goods Skill Council / DGT,In_Training,562,3-Axis CNC Lathe|G-Code Programming|Vernier Caliper,A,Team Coordination|Basic Numeracy,6489,Industrial Tooling & Precision Machining,21000,Satara|Pune,Technical Livelihoods & Industry Linkages,False,True,309c9e91f5629b...qr
SKL-2026-0534,UTP-2026-0534,PRIS-MH-06,Yerwada Open Prison & Semi-Open Annex,Under Capacity,57.7,SID-MA-99534,Raju D.,Male,26,9th Standard,Warehouse Packaging & Inventory,2,Logistics Sector Skill Council,Certified,310,Handheld Barcode Scanner|Shrink Wrap Machine|Inventory Tagging,A,Workplace Safety & Hazard Control,2826,Logistics & Supply Chain,13500,Kolhapur|Pune,Youth Livelihood & Logistics,True,True,2ff8fd552a26d4...qr
SKL-2026-0535,UTP-2026-0535,PRIS-MH-06,Yerwada Open Prison & Semi-Open Annex,Under Capacity,57.7,SID-MA-99535,Dinesh V.,Male,22,10th Standard,Data Entry & Office Automation,4,NIELIT / State Skill Development Mission,Certified,444,Typing 40+ WPM|MS Excel Fundamentals|Tally Prime Basics,A,Financial Literacy & Bank Account Operations,4253,IT & Office Administration,17500,Solapur|Kolhapur,Youth Employment & Digital Literacy,True,True,31fb19e118c83e...qr
SKL-2026-0536,UTP-2026-0536,PRIS-MH-06,Yerwada Open Prison & Semi-Open Annex,Under Capacity,57.7,SID-MA-99536,Tushar D.,Male,35,ITI Diploma,Screen Printing & Packaging,2,Media & Entertainment Skill Council,Assessment_Pending,371,Manual Screen Press|UV Exposure Unit|Ink Mixing,B,Digital Ethics|Professional Email Writing,4352,Commercial Printing & Signage,13000,Solapur|Satara,Community Reintegration Support,False,True,409406f2b12659...qr
SKL-2026-0537,UTP-2026-0537,PRIS-MH-06,Yerwada Open Prison & Semi-Open Annex,Under Capacity,57.7,SID-MA-99537,Sunil S.,Male,40,10th Standard,Screen Printing & Packaging,2,Media & Entertainment Skill Council,Certified,486,Manual Screen Press|UV Exposure Unit|Ink Mixing,A,Team Coordination|Basic Numeracy,6333,Commercial Printing & Signage,13000,Kolhapur|Satara,Community Reintegration Support,True,True,52a06a33626052...qr
SKL-2026-0538,UTP-2026-0538,PRIS-MH-06,Yerwada Open Prison & Semi-Open Annex,Under Capacity,57.7,SID-MA-99538,Balu M.,Male,35,8th Standard,Domestic Electrician,3,Power Sector Skill Council / DGT,In_Training,325,Single Phase Wiring|MCB Installation|Multimeter Testing,C,Food Safety & Hygiene|Time Management,2910,Electrical & Facility Maintenance,15500,Satara|Solapur,Technical Livelihoods & Vocational Training,False,False,4d2441549e46b4...qr
SKL-2026-0539,UTP-2026-0539,PRIS-MH-06,Yerwada Open Prison & Semi-Open Annex,Under Capacity,57.7,SID-MA-99539,Pankaj G.,Male,39,Illiterate (Adult Literacy Enrolled),Screen Printing & Packaging,2,Media & Entertainment Skill Council,In_Training,455,Manual Screen Press|UV Exposure Unit|Ink Mixing,A,Team Coordination|Basic Numeracy,5730,Commercial Printing & Signage,13000,Pune|Solapur,Community Reintegration Support,False,True,b0ef9e5f29198...qr
SKL-2026-0540,UTP-2026-0540,PRIS-MH-06,Yerwada Open Prison & Semi-Open Annex,Under Capacity,57.7,SID-MA-99540,Balu T.,Male,24,12th Standard,Garment Tailoring,3,Apparel Sector Skill Council / PMKVY,Certified,599,Single Needle Lockstitch|Overlock Machine|Pattern Cutting,A,Food Safety & Hygiene|Time Management,8075,Garment & Textile Manufacturing,15000,Kolhapur|Pune,Vocational Livelihood & Rehabilitation,True,True,3d000271b705e4...qr
SKL-2026-0541,UTP-2026-0541,PRIS-MH-06,Yerwada Open Prison & Semi-Open Annex,Under Capacity,57.7,SID-MA-99541,Karan S.,Male,39,5th Standard,Data Entry & Office Automation,4,NIELIT / State Skill Development Mission,In_Training,288,Typing 40+ WPM|MS Excel Fundamentals|Tally Prime Basics,A,Anger Management Module|Stress Resilience,3070,IT & Office Administration,17500,Pune|Solapur,Youth Employment & Digital Literacy,False,True,4a917432841355...qr
SKL-2026-0542,UTP-2026-0542,PRIS-MH-06,Yerwada Open Prison & Semi-Open Annex,Under Capacity,57.7,SID-MA-99542,Nitin D.,M,24,8th Standard,Warehouse Packaging & Inventory,2,Logistics Sector Skill Council,In_Training,668,Handheld Barcode Scanner|Shrink Wrap Machine|Inventory Tagging,A,Workplace Safety & Hazard Control,5835,Logistics & Supply Chain,13500,Solapur|Pune,Youth Livelihood & Logistics,False,False,5f3455a513e94b...qr
SKL-2026-0543,UTP-2026-0543,PRIS-MH-06,Yerwada Open Prison & Semi-Open Annex,Under Capacity,57.7,SID-MA-99543,Balu C.,male,23,10th Standard,Wood Furniture Making & Carpentry,3,Furniture & Fittings Skill Council (FFSC),In_Training,578,Circular Saw|Wood Surface Planer|Laminate Press,A,Workplace Communication|Conflict Management,6723,Furniture Manufacturing & Carpentry,16000,Satara|Solapur,Vocational Training & Micro-enterprise,False,True,2d261b45816044...qr
SKL-2026-0544,UTP-2026-0544,PRIS-MH-06,Yerwada Open Prison & Semi-Open Annex,Under Capacity,57.7,SID-MA-99544,Suraj G.,Male,25,Illiterate (Adult Literacy Enrolled),Garment Tailoring,3,Apparel Sector Skill Council / PMKVY,Assessment_Pending,552,Single Needle Lockstitch|Overlock Machine|Pattern Cutting,A,Food Safety & Hygiene|Time Management,6232,Garment & Textile Manufacturing,15000,Satara|Solapur,Vocational Livelihood & Rehabilitation,False,True,5cfad9f3781d82...qr
SKL-2026-0545,UTP-2026-0545,PRIS-MH-06,Yerwada Open Prison & Semi-Open Annex,Under Capacity,57.7,SID-MA-99545,Manoj K.,Male,38,12th Standard,Data Entry & Office Automation,4,NIELIT / State Skill Development Mission,Certified,259,Typing 40+ WPM|MS Excel Fundamentals|Tally Prime Basics,A,Team Coordination|Basic Numeracy,2842,IT & Office Administration,17500,Satara|Pune,Youth Employment & Digital Literacy,True,True,2d5003212056cd...qr
SKL-2026-0546,UTP-2026-0546,PRIS-MH-06,Yerwada Open Prison & Semi-Open Annex,Under Capacity,57.7,SID-MA-99546,Renu R.,Female,40,8th Standard,CNC Machine Operator,4,Capital Goods Skill Council / DGT,In_Training,689,3-Axis CNC Lathe|G-Code Programming|Vernier Caliper,B,Customer Service & Professional Etiquette,6632,Industrial Tooling & Precision Machining,21000,Satara|Kolhapur,Technical Livelihoods & Industry Linkages,False,True,4906a052fc0345...qr
SKL-2026-0547,UTP-2026-0547,PRIS-MH-06,Yerwada Open Prison & Semi-Open Annex,Under Capacity,57.7,SID-MA-99547,Nitin V.,M,40,5th Standard,Domestic Electrician,3,Power Sector Skill Council / DGT,In_Training,601,Single Phase Wiring|MCB Installation|Multimeter Testing,A,Team Coordination|Basic Numeracy,5758,Electrical & Facility Maintenance,15500,Pune|Kolhapur,Technical Livelihoods & Vocational Training,False,True,46704ac56f7447...qr
SKL-2026-0548,UTP-2026-0548,PRIS-MH-06,Yerwada Open Prison & Semi-Open Annex,Under Capacity,57.7,SID-MA-99548,Santosh P.,Male,57,Illiterate (Adult Literacy Enrolled),Bakery & Confectionery,3,FICSI / National Council for Vocational Training,In_Training,425,Commercial Dough Mixer|Rotary Deck Oven|Bread Slicer,B,Workplace Safety & Hazard Control,5350,Food Processing & Bakery,14500,Pune|Satara,Skill Training & Micro-enterprise,False,True,1eefaff4f92ab0...qr
SKL-2026-0549,UTP-2026-0549,PRIS-MH-06,Yerwada Open Prison & Semi-Open Annex,Under Capacity,57.7,SID-MA-99549,Pravin C.,Male,23,Illiterate (Adult Literacy Enrolled),Bakery & Confectionery,3,FICSI / National Council for Vocational Training,In_Training,674,Commercial Dough Mixer|Rotary Deck Oven|Bread Slicer,A,Workplace Safety & Hazard Control,6859,Food Processing & Bakery,14500,Kolhapur|Satara,Skill Training & Micro-enterprise,False,True,39a486958840d1...qr
SKL-2026-0550,UTP-2026-0550,PRIS-MH-06,Yerwada Open Prison & Semi-Open Annex,Under Capacity,57.7,SID-MA-99550,Kavita B.,Female,37,Illiterate (Adult Literacy Enrolled),Data Entry & Office Automation,4,NIELIT / State Skill Development Mission,Certified,284,Typing 40+ WPM|MS Excel Fundamentals|Tally Prime Basics,B,Food Safety & Hygiene|Time Management,2680,IT & Office Administration,17500,Kolhapur|Solapur,Youth Employment & Digital Literacy,False,True,2e15d7a57301f9...qr
SKL-2026-0551,UTP-2026-0551,PRIS-MH-06,Yerwada Open Prison & Semi-Open Annex,Under Capacity,57.7,SID-MA-99551,Ganesh Y.,Male,42,Illiterate (Adult Literacy Enrolled),Screen Printing & Packaging,2,Media & Entertainment Skill Council,Certified,208,Manual Screen Press|UV Exposure Unit|Ink Mixing,A,Anger Management Module|Stress Resilience,2217,Commercial Printing & Signage,13000,Satara|Pune,Community Reintegration Support,True,True,270928e2d32a71...qr
SKL-2026-0552,UTP-2026-0552,PRIS-MH-06,Yerwada Open Prison & Semi-Open Annex,Under Capacity,57.7,SID-MA-99552,Dharmendra B.,Male,21,Illiterate (Adult Literacy Enrolled),Garment Tailoring,3,Apparel Sector Skill Council / PMKVY,Certified,522,Single Needle Lockstitch|Overlock Machine|Pattern Cutting,A,Workplace Safety & Hazard Control,6572,Garment & Textile Manufacturing,15000,Kolhapur|Satara,Vocational Livelihood & Rehabilitation,True,True,17c62ff57e5880...qr
SKL-2026-0553,UTP-2026-0553,PRIS-MH-06,Yerwada Open Prison & Semi-Open Annex,Under Capacity,57.7,SID-MA-99553,Usha M.,Female,41,10th Standard,Screen Printing & Packaging,2,Media & Entertainment Skill Council,In_Training,562,Manual Screen Press|UV Exposure Unit|Ink Mixing,A,Team Coordination|Basic Numeracy,5704,Commercial Printing & Signage,13000,Pune|Solapur,Community Reintegration Support,False,True,2a8ffbc3b44084...qr
SKL-2026-0554,UTP-2026-0554,PRIS-MH-06,Yerwada Open Prison & Semi-Open Annex,Under Capacity,57.7,SID-MA-99554,Santosh P.,Male,57,9th Standard,Domestic Electrician,3,Power Sector Skill Council / DGT,In_Training,580,Single Phase Wiring|MCB Installation|Multimeter Testing,A,Anger Management Module|Stress Resilience,5963,Electrical & Facility Maintenance,15500,Satara|Kolhapur,Technical Livelihoods & Vocational Training,False,True,d5f81b42af966...qr
SKL-2026-0555,UTP-2026-0555,PRIS-MH-06,Yerwada Open Prison & Semi-Open Annex,Under Capacity,57.7,SID-MA-99555,Satish R.,Male,36,Graduate (B.A./B.Com),Wood Furniture Making & Carpentry,3,Furniture & Fittings Skill Council (FFSC),Certified,659,Circular Saw|Wood Surface Planer|Laminate Press,A,Team Coordination|Basic Numeracy,7416,Furniture Manufacturing & Carpentry,16000,Pune|Satara,Vocational Training & Micro-enterprise,True,True,331b3251aeffe0...qr
SKL-2026-0556,UTP-2026-0556,PRIS-MH-06,Yerwada Open Prison & Semi-Open Annex,Under Capacity,57.7,SID-MA-99556,Raju C.,Male,26,Illiterate (Adult Literacy Enrolled),Leather Goods Fabrication,3,Leather Sector Skill Council (LSSC),Certified,498,Leather Skiving Machine|Heavy Duty Stitcher|Edge Burnisher,A,Workplace Communication|Conflict Management,4957,Footwear & Leather Craft,15000,Kolhapur|Pune,Artisan Cooperatives & Reintegration,True,True,19e4b99516a869...qr
SKL-2026-0557,UTP-2026-0557,PRIS-MH-06,Yerwada Open Prison & Semi-Open Annex,Under Capacity,57.7,SID-MA-99557,Vicky D.,Male,42,5th Standard,Wood Furniture Making & Carpentry,3,Furniture & Fittings Skill Council (FFSC),In_Training,685,Circular Saw|Wood Surface Planer|Laminate Press,A,Digital Ethics|Professional Email Writing,9190,Furniture Manufacturing & Carpentry,16000,Kolhapur|Satara,Vocational Training & Micro-enterprise,False,True,5ab0bf42feac08...qr
SKL-2026-0558,UTP-2026-0558,PRIS-MH-06,Yerwada Open Prison & Semi-Open Annex,Under Capacity,57.7,SID-MA-99558,Sanjay P.,Male,23,8th Standard,Leather Goods Fabrication,3,Leather Sector Skill Council (LSSC),Certified,464,Leather Skiving Machine|Heavy Duty Stitcher|Edge Burnisher,A,Customer Service & Professional Etiquette,6329,Footwear & Leather Craft,15000,Kolhapur|Pune,Artisan Cooperatives & Reintegration,True,True,2cdf67613570e0...qr
SKL-2026-0559,UTP-2026-0559,PRIS-MH-06,Yerwada Open Prison & Semi-Open Annex,Under Capacity,57.7,SID-MA-99559,Harish J.,Male,38,Graduate (B.A./B.Com),Wood Furniture Making & Carpentry,3,Furniture & Fittings Skill Council (FFSC),Certified,423,Circular Saw|Wood Surface Planer|Laminate Press,A,Anger Management Module|Stress Resilience,4311,Furniture Manufacturing & Carpentry,16000,Solapur|Kolhapur,Vocational Training & Micro-enterprise,True,True,39f8f044fa3e85...qr
SKL-2026-0560,UTP-2026-0560,PRIS-MH-06,Yerwada Open Prison & Semi-Open Annex,Under Capacity,57.7,SID-MA-99560,Tushar D.,Male,22,Illiterate (Adult Literacy Enrolled),Leather Goods Fabrication,3,Leather Sector Skill Council (LSSC),Certified,585,Leather Skiving Machine|Heavy Duty Stitcher|Edge Burnisher,A,Digital Ethics|Professional Email Writing,7302,Footwear & Leather Craft,15000,Solapur|Kolhapur,Artisan Cooperatives & Reintegration,True,True,4e40973c81982...qr
SKL-2026-0561,UTP-2026-0561,PRIS-MH-06,Yerwada Open Prison & Semi-Open Annex,Under Capacity,57.7,SID-MA-99561,Kishore Y.,male,41,5th Standard,CNC Machine Operator,4,Capital Goods Skill Council / DGT,Assessment_Pending,356,3-Axis CNC Lathe|G-Code Programming|Vernier Caliper,A,Anger Management Module|Stress Resilience,3231,Industrial Tooling & Precision Machining,21000,Kolhapur|Solapur,Technical Livelihoods & Industry Linkages,False,True,594484256e615b...qr
SKL-2026-0562,UTP-2026-0562,PRIS-MH-06,Yerwada Open Prison & Semi-Open Annex,Under Capacity,57.7,SID-MA-99562,Santosh K.,Male,54,Graduate (B.A./B.Com),Screen Printing & Packaging,2,Media & Entertainment Skill Council,Assessment_Pending,601,Manual Screen Press|UV Exposure Unit|Ink Mixing,C,Food Safety & Hygiene|Time Management,7031,Commercial Printing & Signage,13000,Solapur|Kolhapur,Community Reintegration Support,False,False,4544e624c98054...qr
SKL-2026-0563,UTP-2026-0563,PRIS-MH-06,Yerwada Open Prison & Semi-Open Annex,Under Capacity,57.7,SID-MA-99563,Vinod B.,M,21,8th Standard,Bakery & Confectionery,3,FICSI / National Council for Vocational Training,Certified,519,Commercial Dough Mixer|Rotary Deck Oven|Bread Slicer,A,Financial Literacy & Bank Account Operations,7197,Food Processing & Bakery,14500,Satara|Pune,Skill Training & Micro-enterprise,True,True,55ca05654cf913...qr
SKL-2026-0564,UTP-2026-0564,PRIS-MH-06,Yerwada Open Prison & Semi-Open Annex,Under Capacity,57.7,SID-MA-99564,Ashok Y.,Male,38,Illiterate (Adult Literacy Enrolled),Data Entry & Office Automation,4,NIELIT / State Skill Development Mission,Certified,345,Typing 40+ WPM|MS Excel Fundamentals|Tally Prime Basics,C,Food Safety & Hygiene|Time Management,3673,IT & Office Administration,17500,Pune|Satara,Youth Employment & Digital Literacy,False,True,3a7cc385020802...qr
SKL-2026-0565,UTP-2026-0565,PRIS-MH-06,Yerwada Open Prison & Semi-Open Annex,Under Capacity,57.7,SID-MA-99565,Rohit Y.,Male,23,Illiterate (Adult Literacy Enrolled),Warehouse Packaging & Inventory,2,Logistics Sector Skill Council,Assessment_Pending,634,Handheld Barcode Scanner|Shrink Wrap Machine|Inventory Tagging,A,Workplace Safety & Hazard Control,8502,Logistics & Supply Chain,13500,Satara|Kolhapur,Youth Livelihood & Logistics,False,True,17f002a58e5a84...qr
SKL-2026-0566,UTP-2026-0566,PRIS-MH-06,Yerwada Open Prison & Semi-Open Annex,Under Capacity,57.7,SID-MA-99566,Manoj T.,Male,20,12th Standard,Screen Printing & Packaging,2,Media & Entertainment Skill Council,Certified,535,Manual Screen Press|UV Exposure Unit|Ink Mixing,A,Team Coordination|Basic Numeracy,4597,Commercial Printing & Signage,13000,Pune|Satara,Community Reintegration Support,True,True,3f5ffdc2ac336f...qr
SKL-2026-0567,UTP-2026-0567,PRIS-MH-06,Yerwada Open Prison & Semi-Open Annex,Under Capacity,57.7,SID-MA-99567,Vicky C.,Male,41,5th Standard,Bakery & Confectionery,3,FICSI / National Council for Vocational Training,Certified,456,Commercial Dough Mixer|Rotary Deck Oven|Bread Slicer,B,Workplace Communication|Conflict Management,5788,Food Processing & Bakery,14500,Kolhapur|Pune,Skill Training & Micro-enterprise,False,True,3a9b18fbf36fb...qr
SKL-2026-0568,UTP-2026-0568,PRIS-MH-06,Yerwada Open Prison & Semi-Open Annex,Under Capacity,57.7,SID-MA-99568,Vikram B.,Male,22,Illiterate (Adult Literacy Enrolled),Domestic Electrician,3,Power Sector Skill Council / DGT,Certified,687,Single Phase Wiring|MCB Installation|Multimeter Testing,A,Digital Ethics|Professional Email Writing,9197,Electrical & Facility Maintenance,15500,Solapur|Pune,Technical Livelihoods & Vocational Training,True,True,49f40fc330ca56...qr
SKL-2026-0569,UTP-2026-0569,PRIS-MH-06,Yerwada Open Prison & Semi-Open Annex,Under Capacity,57.7,SID-MA-99569,Nitin G.,Male,25,12th Standard,Bakery & Confectionery,3,FICSI / National Council for Vocational Training,Certified,676,Commercial Dough Mixer|Rotary Deck Oven|Bread Slicer,A,Customer Service & Professional Etiquette,7515,Food Processing & Bakery,14500,Satara|Kolhapur,Skill Training & Micro-enterprise,True,True,256d29e4d40219...qr
SKL-2026-0570,UTP-2026-0570,PRIS-MH-06,Yerwada Open Prison & Semi-Open Annex,Under Capacity,57.7,SID-MA-99570,Dharmendra S.,Male,40,Graduate (B.A./B.Com),Bakery & Confectionery,3,FICSI / National Council for Vocational Training,Certified,647,Commercial Dough Mixer|Rotary Deck Oven|Bread Slicer,A,Workplace Safety & Hazard Control,8262,Food Processing & Bakery,14500,Solapur|Pune,Skill Training & Micro-enterprise,True,True,32b5db63e353ce...qr
SKL-2026-0571,UTP-2026-0571,PRIS-MH-06,Yerwada Open Prison & Semi-Open Annex,Under Capacity,57.7,SID-MA-99571,Subhash M.,Male,37,8th Standard,Data Entry & Office Automation,4,NIELIT / State Skill Development Mission,Certified,248,Typing 40+ WPM|MS Excel Fundamentals|Tally Prime Basics,A,Team Coordination|Basic Numeracy,2996,IT & Office Administration,17500,Kolhapur|Satara,Youth Employment & Digital Literacy,True,True,487d5b8172ebc5...qr
SKL-2026-0572,UTP-2026-0572,PRIS-MH-06,Yerwada Open Prison & Semi-Open Annex,Under Capacity,57.7,SID-MA-99572,Santosh S.,Male,34,Illiterate (Adult Literacy Enrolled),Wood Furniture Making & Carpentry,3,Furniture & Fittings Skill Council (FFSC),Certified,512,Circular Saw|Wood Surface Planer|Laminate Press,A,Customer Service & Professional Etiquette,5890,Furniture Manufacturing & Carpentry,16000,Pune|Satara,Vocational Training & Micro-enterprise,True,True,c02b4f2530870...qr
SKL-2026-0573,UTP-2026-0573,PRIS-MH-06,Yerwada Open Prison & Semi-Open Annex,Under Capacity,57.7,SID-MA-99573,Karan G.,Male,41,8th Standard,Garment Tailoring,3,Apparel Sector Skill Council / PMKVY,Assessment_Pending,190,Single Needle Lockstitch|Overlock Machine|Pattern Cutting,A,Team Coordination|Basic Numeracy,1886,Garment & Textile Manufacturing,15000,Satara|Kolhapur,Vocational Livelihood & Rehabilitation,False,True,57f7f024ff12c2...qr
SKL-2026-0574,UTP-2026-0574,PRIS-MH-06,Yerwada Open Prison & Semi-Open Annex,Under Capacity,57.7,SID-MA-99574,Surinder S.,Male,21,8th Standard,Data Entry & Office Automation,4,NIELIT / State Skill Development Mission,Certified,573,Typing 40+ WPM|MS Excel Fundamentals|Tally Prime Basics,A,Anger Management Module|Stress Resilience,6723,IT & Office Administration,17500,Solapur|Kolhapur,Youth Employment & Digital Literacy,True,True,54980a9395cab7...qr
SKL-2026-0575,UTP-2026-0575,PRIS-MH-06,Yerwada Open Prison & Semi-Open Annex,Under Capacity,57.7,SID-MA-99575,Meena M.,Female,38,12th Standard,Wood Furniture Making & Carpentry,3,Furniture & Fittings Skill Council (FFSC),Certified,190,Circular Saw|Wood Surface Planer|Laminate Press,A,Workplace Communication|Conflict Management,2226,Furniture Manufacturing & Carpentry,16000,Satara|Pune,Vocational Training & Micro-enterprise,True,True,222ae75292fd32...qr
SKL-2026-0576,UTP-2026-0576,PRIS-MH-06,Yerwada Open Prison & Semi-Open Annex,Under Capacity,57.7,SID-MA-99576,Rajesh M.,Male,25,10th Standard,CNC Machine Operator,4,Capital Goods Skill Council / DGT,Certified,623,3-Axis CNC Lathe|G-Code Programming|Vernier Caliper,B,Anger Management Module|Stress Resilience,5955,Industrial Tooling & Precision Machining,21000,Satara|Kolhapur,Technical Livelihoods & Industry Linkages,False,False,290fd463bfbbde...qr
SKL-2026-0577,UTP-2026-0577,PRIS-MH-06,Yerwada Open Prison & Semi-Open Annex,Under Capacity,57.7,SID-MA-99577,Mohan B.,Male,24,5th Standard,Organic Farming & Horticulture,3,Agriculture Skill Council of India (ASCI),Certified,496,Drip Irrigation Setup|Composting Unit|Power Weeder,A,Workplace Safety & Hazard Control,4652,Agriculture & Rural Enterprise,14000,Pune|Satara,Rural Development & Agro Livelihoods,True,True,2bddd6e5b92fb7...qr
SKL-2026-0578,UTP-2026-0578,PRIS-MH-06,Yerwada Open Prison & Semi-Open Annex,Under Capacity,57.7,SID-MA-99578,Amit J.,Male,39,8th Standard,Screen Printing & Packaging,2,Media & Entertainment Skill Council,Certified,617,Manual Screen Press|UV Exposure Unit|Ink Mixing,A,Digital Ethics|Professional Email Writing,7483,Commercial Printing & Signage,13000,Solapur|Satara,Community Reintegration Support,True,True,2c28907115b054...qr
SKL-2026-0579,UTP-2026-0579,PRIS-MH-06,Yerwada Open Prison & Semi-Open Annex,Under Capacity,57.7,SID-MA-99579,Gopal K.,Male,18,Graduate (B.A./B.Com),Data Entry & Office Automation,4,NIELIT / State Skill Development Mission,Certified,378,Typing 40+ WPM|MS Excel Fundamentals|Tally Prime Basics,B,Team Coordination|Basic Numeracy,4669,IT & Office Administration,17500,Pune|Solapur,Youth Employment & Digital Literacy,False,True,a7caa23042172...qr
SKL-2026-0580,UTP-2026-0580,PRIS-MH-06,Yerwada Open Prison & Semi-Open Annex,Under Capacity,57.7,SID-MA-99580,Subhash C.,Male,24,10th Standard,Warehouse Packaging & Inventory,2,Logistics Sector Skill Council,Certified,639,Handheld Barcode Scanner|Shrink Wrap Machine|Inventory Tagging,A,Team Coordination|Basic Numeracy,7889,Logistics & Supply Chain,13500,Kolhapur|Pune,Youth Livelihood & Logistics,True,True,1f8a42dbd6e28...qr
SKL-2026-0581,UTP-2026-0581,PRIS-MH-06,Yerwada Open Prison & Semi-Open Annex,Under Capacity,57.7,SID-MA-99581,Suraj G.,Male,37,Illiterate (Adult Literacy Enrolled),Leather Goods Fabrication,3,Leather Sector Skill Council (LSSC),In_Training,416,Leather Skiving Machine|Heavy Duty Stitcher|Edge Burnisher,B,Customer Service & Professional Etiquette,3967,Footwear & Leather Craft,15000,Solapur|Pune,Artisan Cooperatives & Reintegration,False,False,5c3d6fbb29f72...qr
SKL-2026-0582,UTP-2026-0582,PRIS-MH-06,Yerwada Open Prison & Semi-Open Annex,Under Capacity,57.7,SID-MA-99582,Mahesh A.,Male,24,9th Standard,Wood Furniture Making & Carpentry,3,Furniture & Fittings Skill Council (FFSC),Certified,375,Circular Saw|Wood Surface Planer|Laminate Press,A,Food Safety & Hygiene|Time Management,4373,Furniture Manufacturing & Carpentry,16000,Satara|Kolhapur,Vocational Training & Micro-enterprise,True,True,4e7ef2758caeca...qr
SKL-2026-0583,UTP-2026-0583,PRIS-MH-06,Yerwada Open Prison & Semi-Open Annex,Under Capacity,57.7,SID-MA-99583,Mahesh V.,Male,54,10th Standard,CNC Machine Operator,4,Capital Goods Skill Council / DGT,Certified,154,3-Axis CNC Lathe|G-Code Programming|Vernier Caliper,A,Financial Literacy & Bank Account Operations,1455,Industrial Tooling & Precision Machining,21000,Solapur|Satara,Technical Livelihoods & Industry Linkages,True,True,4003d175de4a87...qr
SKL-2026-0584,UTP-2026-0584,PRIS-MH-06,Yerwada Open Prison & Semi-Open Annex,Under Capacity,57.7,SID-MA-99584,Manoj T.,Male,41,8th Standard,Leather Goods Fabrication,3,Leather Sector Skill Council (LSSC),Certified,478,Leather Skiving Machine|Heavy Duty Stitcher|Edge Burnisher,B,Workplace Communication|Conflict Management,5172,Footwear & Leather Craft,15000,Satara|Kolhapur,Artisan Cooperatives & Reintegration,False,True,2095a30595e02d...qr
SKL-2026-0585,UTP-2026-0585,PRIS-MH-06,Yerwada Open Prison & Semi-Open Annex,Under Capacity,57.7,SID-MA-99585,Suraj J.,Male,22,10th Standard,Warehouse Packaging & Inventory,2,Logistics Sector Skill Council,Certified,463,Handheld Barcode Scanner|Shrink Wrap Machine|Inventory Tagging,A,Workplace Communication|Conflict Management,4356,Logistics & Supply Chain,13500,Solapur|Kolhapur,Youth Livelihood & Logistics,True,True,266322139fc1ad...qr
SKL-2026-0586,UTP-2026-0586,PRIS-MH-06,Yerwada Open Prison & Semi-Open Annex,Under Capacity,57.7,SID-MA-99586,Balu B.,Male,35,9th Standard,Screen Printing & Packaging,2,Media & Entertainment Skill Council,In_Training,190,Manual Screen Press|UV Exposure Unit|Ink Mixing,A,Financial Literacy & Bank Account Operations,2172,Commercial Printing & Signage,13000,Solapur|Kolhapur,Community Reintegration Support,False,True,308aa01481811e...qr
SKL-2026-0587,UTP-2026-0587,PRIS-MH-06,Yerwada Open Prison & Semi-Open Annex,Under Capacity,57.7,SID-MA-99587,Ganesh K.,Male,42,5th Standard,Bakery & Confectionery,3,FICSI / National Council for Vocational Training,Certified,591,Commercial Dough Mixer|Rotary Deck Oven|Bread Slicer,A,Workplace Communication|Conflict Management,8073,Food Processing & Bakery,14500,Satara|Kolhapur,Skill Training & Micro-enterprise,True,True,1ee79a653601b9...qr
SKL-2026-0588,UTP-2026-0588,PRIS-MH-06,Yerwada Open Prison & Semi-Open Annex,Under Capacity,57.7,SID-MA-99588,Rajesh S.,Male,40,Illiterate (Adult Literacy Enrolled),Domestic Electrician,3,Power Sector Skill Council / DGT,Certified,594,Single Phase Wiring|MCB Installation|Multimeter Testing,B,Food Safety & Hygiene|Time Management,6839,Electrical & Facility Maintenance,15500,Satara|Pune,Technical Livelihoods & Vocational Training,False,True,3f6099a3e0e87a...qr
SKL-2026-0589,UTP-2026-0589,PRIS-MH-06,Yerwada Open Prison & Semi-Open Annex,Under Capacity,57.7,SID-MA-99589,Subhash B.,Male,19,10th Standard,Warehouse Packaging & Inventory,2,Logistics Sector Skill Council,Certified,645,Handheld Barcode Scanner|Shrink Wrap Machine|Inventory Tagging,B,Workplace Safety & Hazard Control,7508,Logistics & Supply Chain,13500,Satara|Pune,Youth Livelihood & Logistics,False,True,110c5232b1e79d...qr
SKL-2026-0590,UTP-2026-0590,PRIS-MH-06,Yerwada Open Prison & Semi-Open Annex,Under Capacity,57.7,SID-MA-99590,Vijay B.,Male,38,ITI Diploma,CNC Machine Operator,4,Capital Goods Skill Council / DGT,Certified,540,3-Axis CNC Lathe|G-Code Programming|Vernier Caliper,A,Team Coordination|Basic Numeracy,7458,Industrial Tooling & Precision Machining,21000,Satara|Pune,Technical Livelihoods & Industry Linkages,True,True,441a1d4a507f8...qr
SKL-2026-0591,UTP-2026-0591,PRIS-MH-06,Yerwada Open Prison & Semi-Open Annex,Under Capacity,57.7,SID-MA-99591,Anil R.,Male,19,9th Standard,Bakery & Confectionery,3,FICSI / National Council for Vocational Training,In_Training,487,Commercial Dough Mixer|Rotary Deck Oven|Bread Slicer,A,Workplace Safety & Hazard Control,6807,Food Processing & Bakery,14500,Satara|Kolhapur,Skill Training & Micro-enterprise,False,True,4b274172d1cd0b...qr
SKL-2026-0592,UTP-2026-0592,PRIS-MH-06,Yerwada Open Prison & Semi-Open Annex,Under Capacity,57.7,SID-MA-99592,Rahul A.,Male,40,12th Standard,Wood Furniture Making & Carpentry,3,Furniture & Fittings Skill Council (FFSC),Certified,602,Circular Saw|Wood Surface Planer|Laminate Press,A,Food Safety & Hygiene|Time Management,6204,Furniture Manufacturing & Carpentry,16000,Satara|Kolhapur,Vocational Training & Micro-enterprise,True,True,182f4c84675777...qr
SKL-2026-0593,UTP-2026-0593,PRIS-MH-06,Yerwada Open Prison & Semi-Open Annex,Under Capacity,57.7,SID-MA-99593,Surinder D.,Male,19,Graduate (B.A./B.Com),Screen Printing & Packaging,2,Media & Entertainment Skill Council,Assessment_Pending,343,Manual Screen Press|UV Exposure Unit|Ink Mixing,A,Workplace Safety & Hazard Control,3083,Commercial Printing & Signage,13000,Kolhapur|Solapur,Community Reintegration Support,False,False,555b15217ea57c...qr
SKL-2026-0594,UTP-2026-0594,PRIS-MH-06,Yerwada Open Prison & Semi-Open Annex,Under Capacity,57.7,SID-MA-99594,Ashok G.,Male,21,5th Standard,Wood Furniture Making & Carpentry,3,Furniture & Fittings Skill Council (FFSC),Certified,636,Circular Saw|Wood Surface Planer|Laminate Press,A,Workplace Communication|Conflict Management,5690,Furniture Manufacturing & Carpentry,16000,Pune|Solapur,Vocational Training & Micro-enterprise,True,True,5e435475dba8c4...qr
SKL-2026-0595,UTP-2026-0595,PRIS-MH-06,Yerwada Open Prison & Semi-Open Annex,Under Capacity,57.7,SID-MA-99595,Mahesh T.,Male,39,Illiterate (Adult Literacy Enrolled),Garment Tailoring,3,Apparel Sector Skill Council / PMKVY,In_Training,382,Single Needle Lockstitch|Overlock Machine|Pattern Cutting,C,Digital Ethics|Professional Email Writing,5021,Garment & Textile Manufacturing,15000,Solapur|Pune,Vocational Livelihood & Rehabilitation,False,False,369577a36f573d...qr
SKL-2026-0596,UTP-2026-0596,PRIS-MH-06,Yerwada Open Prison & Semi-Open Annex,Under Capacity,57.7,SID-MA-99596,Pankaj Y.,Male,38,Graduate (B.A./B.Com),Domestic Electrician,3,Power Sector Skill Council / DGT,Certified,200,Single Phase Wiring|MCB Installation|Multimeter Testing,A,Financial Literacy & Bank Account Operations,2364,Electrical & Facility Maintenance,15500,Kolhapur|Satara,Technical Livelihoods & Vocational Training,True,True,1a17dfb394267a...qr
SKL-2026-0597,UTP-2026-0597,PRIS-MH-06,Yerwada Open Prison & Semi-Open Annex,Under Capacity,57.7,SID-MA-99597,Satish S.,Male,42,5th Standard,Warehouse Packaging & Inventory,2,Logistics Sector Skill Council,Assessment_Pending,665,Handheld Barcode Scanner|Shrink Wrap Machine|Inventory Tagging,B,Digital Ethics|Professional Email Writing,7803,Logistics & Supply Chain,13500,Satara|Pune,Youth Livelihood & Logistics,False,True,504d10946a6ca6...qr
SKL-2026-0598,UTP-2026-0598,PRIS-MH-06,Yerwada Open Prison & Semi-Open Annex,Under Capacity,57.7,SID-MA-99598,Kishore M.,Male,21,Illiterate (Adult Literacy Enrolled),Screen Printing & Packaging,2,Media & Entertainment Skill Council,Assessment_Pending,469,Manual Screen Press|UV Exposure Unit|Ink Mixing,B,Workplace Communication|Conflict Management,6299,Commercial Printing & Signage,13000,Solapur|Satara,Community Reintegration Support,False,False,fe50105d0a504...qr
SKL-2026-0599,UTP-2026-0599,PRIS-MH-06,Yerwada Open Prison & Semi-Open Annex,Under Capacity,57.7,SID-MA-99599,Rohit B.,Male,42,8th Standard,CNC Machine Operator,4,Capital Goods Skill Council / DGT,Certified,583,3-Axis CNC Lathe|G-Code Programming|Vernier Caliper,A,Digital Ethics|Professional Email Writing,5907,Industrial Tooling & Precision Machining,21000,Pune|Satara,Technical Livelihoods & Industry Linkages,True,True,5c9aacf1ce83e0...qr
SKL-2026-0600,UTP-2026-0600,PRIS-MH-06,Yerwada Open Prison & Semi-Open Annex,Under Capacity,57.7,SID-MA-99600,Nitin S.,Male,38,Illiterate (Adult Literacy Enrolled),Garment Tailoring,3,Apparel Sector Skill Council / PMKVY,Certified,384,Single Needle Lockstitch|Overlock Machine|Pattern Cutting,B,Financial Literacy & Bank Account Operations,4564,Garment & Textile Manufacturing,15000,Kolhapur|Pune,Vocational Livelihood & Rehabilitation,False,True,40a7bf452bc793...qr
