prisoner_id,case_cnr,prison_id,prison_name,prison_state,prison_district,prison_capacity,prison_occupancy,occupancy_rate_pct,crowding_status,overcrowding_level,overcrowding_gap,available_beds,ward_name,ward_capacity,ward_occupancy,ward_occupancy_rate_pct,transfer_candidate_flag,decongestion_priority_score,gender,age,primary_offence_section,offence_category_name,charges_framed_flag,max_sentence_months,death_or_life_flag,prior_conviction_flag,pending_case_count,custody_start_date,accused_delay_days,net_custody_days,threshold_type,statutory_threshold_days,sec479_eligibility,dlsa_unit_id,pro_bono_lawyer_id,pro_bono_lawyer_name,pro_bono_assigned_date,legal_aid_status,bail_status,last_hearing_date,next_hearing_date,release_order_date,actual_release_date,days_post_bail_order,surety_type,antil_7day_breach_flag,personal_bond_petition_status,medical_needs,security_risk
UTP-2026-0001,MAMU01-542417-2023,PRIS-MH-01,Mumbai Central Prison (Arthur Road),Maharashtra,Mumbai City,804,1310,162.9,Overcrowded,High,506,0,Ward-HS (High Security),50,81,162.0,False,0.62,Male,40,Sec 103(1) BNS / 302 IPC,Murder (Life/Death Excluded from Sec 479),True,,True,True,1,2025-10-03,0,323,Not_Applicable,,Excluded_Life_Or_Death,DLSA-MH-MUM,,Private Counsel Engaged,,Private_Counsel,Pending_Trial,2026-08-06,2026-09-22,,,,,False,Barred_By_Statute,,High
UTP-2026-0002,MAMU01-407419-2025,PRIS-MH-01,Mumbai Central Prison (Arthur Road),Maharashtra,Mumbai City,804,1310,162.9,Overcrowded,High,506,0,Ward-HS (High Security),50,84,168.0,False,0.54,Male,20,Sec 103(1) BNS / 302 IPC,Murder (Life/Death Excluded from Sec 479),True,,True,False,1,2026-07-01,0,52,Not_Applicable,,Excluded_Life_Or_Death,DLSA-MH-MUM,,Private Counsel Engaged,,Private_Counsel,Rejected_High_Court,2026-07-27,2026-09-11,,,,,False,Barred_By_Statute,Tuberculosis (Isolation / Level 2 Inpatient),High
UTP-2026-0003,MAMU01-380746-2023,PRIS-MH-01,Mumbai Central Prison (Arthur Road),Maharashtra,Mumbai City,804,1310,162.9,Overcrowded,High,506,0,Barrack-04 (General),100,166,166.0,True,0.82,Male,36,Sec 303(2) BNS / 379 IPC,Theft,True,36.0,False,False,1,2025-05-06,0,473,1/3_first_timer,365.0,Eligible,DLSA-MH-MUM,PBL-MH-043,Adv. Tanmay B. Sawant,2026-07-08,Assigned,Released_On_Personal_Bond,2026-08-05,2026-09-29,2026-06-12,2026-06-17,5.0,Personal Recognizance Bond,False,Order_Modified_And_Executed,,Low
UTP-2026-0004,MAMU01-379786-2025,PRIS-MH-01,Mumbai Central Prison (Arthur Road),Maharashtra,Mumbai City,804,1310,162.9,Overcrowded,High,506,0,Barrack-04 (General),100,164,164.0,True,0.69,Male,25,Sec 115(2) BNS / 323 IPC,Voluntarily Causing Hurt (Assault),True,12.0,False,False,1,2026-07-05,0,48,1/3_first_timer,122.0,Ineligible_Under_Time,DLSA-MH-MUM,PBL-MH-044,Adv. Priyanka S. Raut,2026-07-24,Assigned,Not_Applied,2026-07-11,2026-09-26,,,,,False,Not_Applicable,,Low
UTP-2026-0005,MAMU01-791798-2026,PRIS-MH-01,Mumbai Central Prison (Arthur Road),Maharashtra,Mumbai City,804,1310,162.9,Overcrowded,High,506,0,Barrack-04 (General),100,158,158.0,True,0.71,Male,42,Sec 318(2) BNS / 420 IPC,Cheating & Dishonesty,True,36.0,False,False,2,2026-04-27,0,117,1/3_first_timer,365.0,Blocked_Multiple_FIRs,DLSA-MH-MUM,PBL-MH-043,Adv. Tanmay B. Sawant,2026-05-19,Assigned,Pending_Hearing,2026-07-10,2026-09-17,,,,,False,Multi_Case_Verification_Pending,Chronic Kidney Disease (Requires Dialysis / Level 3),Low
UTP-2026-0006,MAMU01-922733-2026,PRIS-MH-01,Mumbai Central Prison (Arthur Road),Maharashtra,Mumbai City,804,1310,162.9,Overcrowded,High,506,0,Barrack-04 (General),100,158,158.0,True,0.72,Male,26,Sec 318(2) BNS / 420 IPC,Cheating & Dishonesty,False,36.0,False,True,1,2026-03-31,0,144,1/2_repeat_offender,547.0,Ineligible_Under_Time,DLSA-MH-MUM,,Private Counsel Engaged,,Private_Counsel,Pending_Hearing,2026-07-10,2026-08-31,,,,,False,Not_Applicable,Hypertension (Level 1),Low
UTP-2026-0007,MAMU01-604740-2024,PRIS-MH-01,Mumbai Central Prison (Arthur Road),Maharashtra,Mumbai City,804,1310,162.9,Overcrowded,High,506,0,Barrack-04 (General),100,157,157.0,True,0.7,Male,25,Sec 303(2) BNS / 379 IPC,Theft,False,36.0,False,False,1,2026-06-19,0,64,1/3_first_timer,365.0,Ineligible_Under_Time,DLSA-MH-MUM,PBL-MH-044,Adv. Priyanka S. Raut,2026-06-23,Assigned,Not_Applied,2026-07-16,2026-09-25,,,,,False,Not_Applicable,,Low
UTP-2026-0008,MAMU01-185965-2026,PRIS-MH-01,Mumbai Central Prison (Arthur Road),Maharashtra,Mumbai City,804,1310,162.9,Overcrowded,High,506,0,Barrack-04 (General),100,168,168.0,True,0.79,Male,57,Sec 318(2) BNS / 420 IPC,Cheating & Dishonesty,True,36.0,False,False,1,2025-04-22,120,367,1/3_first_timer,365.0,Eligible,DLSA-MH-MUM,PBL-MH-042,Adv. Ramesh V. Kulkarni,2026-08-10,Assigned,Application_Drafted,2026-07-22,2026-09-30,,,,,False,Pre_Draft_Generated,Chronic Kidney Disease (Requires Dialysis / Level 3),Low
UTP-2026-0009,MAMU01-212235-2024,PRIS-MH-01,Mumbai Central Prison (Arthur Road),Maharashtra,Mumbai City,804,1310,162.9,Overcrowded,High,506,0,Ward-F (Female Barrack),60,99,165.0,True,0.73,Female,53,Sec 189(2) BNS / 147 IPC,Rioting / Unlawful Assembly,True,24.0,False,False,1,2026-02-26,0,177,1/3_first_timer,243.0,Ineligible_Under_Time,DLSA-MH-MUM,,,,Unassigned,Hearing_Scheduled,2026-08-17,2026-08-30,,,,,False,Not_Applicable,,Low
UTP-2026-0010,MAMU01-934794-2023,PRIS-MH-01,Mumbai Central Prison (Arthur Road),Maharashtra,Mumbai City,804,1310,162.9,Overcrowded,High,506,0,Ward-F (Female Barrack),60,99,165.0,True,0.7,Female,38,Sec 303(2) BNS / 379 IPC,Theft,True,36.0,False,False,1,2026-05-28,0,86,1/3_first_timer,365.0,Ineligible_Under_Time,DLSA-MH-MUM,PBL-MH-042,Adv. Ramesh V. Kulkarni,2026-07-23,Assigned,Pending_Hearing,2026-08-09,2026-09-20,,,,,False,Not_Applicable,,Low
UTP-2026-0011,MAMU01-172792-2025,PRIS-MH-01,Mumbai Central Prison (Arthur Road),Maharashtra,Mumbai City,804,1310,162.9,Overcrowded,High,506,0,Barrack-04 (General),100,157,157.0,True,0.98,Male,19,Sec 303(2) BNS / 379 IPC,Theft,True,36.0,False,False,1,2023-09-18,45,1024,1/3_first_timer,365.0,Eligible,DLSA-MH-MUM,,,,Unassigned,Bail Granted,2026-08-04,2026-08-27,2026-08-18,,4.0,"Local Surety Bond ₹15,000",False,Monitoring,,Low
UTP-2026-0012,MAMU01-301158-2026,PRIS-MH-01,Mumbai Central Prison (Arthur Road),Maharashtra,Mumbai City,804,1310,162.9,Overcrowded,High,506,0,Barrack-04 (General),100,169,169.0,True,0.75,Male,37,Sec 115(2) BNS / 323 IPC,Voluntarily Causing Hurt (Assault),False,12.0,False,False,2,2025-12-08,0,257,1/3_first_timer,122.0,Blocked_Multiple_FIRs,DLSA-MH-MUM,PBL-MH-044,Adv. Priyanka S. Raut,2026-03-10,Assigned,Pending_Hearing,2026-07-10,2026-09-14,,,,,False,Multi_Case_Verification_Pending,Chronic Diabetes (Level 1 Dispensary),Low
UTP-2026-0013,MAMU01-534572-2024,PRIS-MH-01,Mumbai Central Prison (Arthur Road),Maharashtra,Mumbai City,804,1310,162.9,Overcrowded,High,506,0,Barrack-04 (General),100,167,167.0,True,0.73,Male,23,Sec 189(2) BNS / 147 IPC,Rioting / Unlawful Assembly,False,24.0,False,False,1,2026-02-22,0,181,1/3_first_timer,243.0,Ineligible_Under_Time,DLSA-MH-MUM,PBL-MH-042,Adv. Ramesh V. Kulkarni,2026-06-28,Assigned,Pending_Hearing,2026-07-18,2026-09-23,,,,,False,Not_Applicable,Chronic Kidney Disease (Requires Dialysis / Level 3),Low
UTP-2026-0014,MAMU01-903013-2026,PRIS-MH-01,Mumbai Central Prison (Arthur Road),Maharashtra,Mumbai City,804,1310,162.9,Overcrowded,High,506,0,Barrack-04 (General),100,159,159.0,True,0.69,Male,22,Sec 305 BNS / 380 IPC,Theft in Dwelling House / Burglary,True,84.0,False,False,1,2026-07-04,0,49,1/3_first_timer,852.0,Ineligible_Under_Time,DLSA-MH-MUM,,Private Counsel Engaged,,Private_Counsel,Hearing_Scheduled,2026-08-11,2026-09-08,,,,,False,Not_Applicable,,Low
UTP-2026-0015,MAMU01-611945-2024,PRIS-MH-01,Mumbai Central Prison (Arthur Road),Maharashtra,Mumbai City,804,1310,162.9,Overcrowded,High,506,0,Barrack-04 (General),100,159,159.0,True,0.73,Male,40,Sec 117(2) BNS / 325 IPC,Voluntarily Causing Grievous Hurt,True,84.0,False,False,1,2026-02-27,0,176,1/3_first_timer,852.0,Ineligible_Under_Time,DLSA-MH-MUM,,,,Unassigned,Pending_Hearing,2026-07-12,2026-09-28,,,,,False,Not_Applicable,Hypertension (Level 1),Low
UTP-2026-0016,MAMU01-171951-2023,PRIS-MH-01,Mumbai Central Prison (Arthur Road),Maharashtra,Mumbai City,804,1310,162.9,Overcrowded,High,506,0,Barrack-04 (General),100,159,159.0,True,0.69,Male,32,Sec 324(2) BNS / 427 IPC,Mischief Causing Damage,True,24.0,False,False,1,2026-07-19,0,34,1/3_first_timer,243.0,Ineligible_Under_Time,DLSA-MH-MUM,,,,Unassigned,Pending_Trial,2026-07-22,2026-09-10,,,,,False,Not_Applicable,,Low
UTP-2026-0017,MAMU01-143064-2025,PRIS-MH-01,Mumbai Central Prison (Arthur Road),Maharashtra,Mumbai City,804,1310,162.9,Overcrowded,High,506,0,Barrack-04 (General),100,160,160.0,True,0.73,Male,41,Sec 117(2) BNS / 325 IPC,Voluntarily Causing Grievous Hurt,False,84.0,False,False,1,2026-02-20,0,183,1/3_first_timer,852.0,Ineligible_Under_Time,DLSA-MH-MUM,,,,Unassigned,Not_Applied,2026-07-11,2026-09-23,,,,,False,Not_Applicable,Hypertension (Level 1),Low
UTP-2026-0018,MAMU01-322423-2025,PRIS-MH-01,Mumbai Central Prison (Arthur Road),Maharashtra,Mumbai City,804,1310,162.9,Overcrowded,High,506,0,Barrack-04 (General),100,163,163.0,True,0.83,Male,19,Sec 189(2) BNS / 147 IPC,Rioting / Unlawful Assembly,True,24.0,False,False,2,2025-04-03,0,506,1/3_first_timer,243.0,Blocked_Multiple_FIRs,DLSA-MH-MUM,PBL-MH-043,Adv. Tanmay B. Sawant,2026-04-09,Assigned,Verification_Required,2026-07-16,2026-09-09,,,,,False,Multi_Case_Verification_Pending,Chronic Diabetes (Level 1 Dispensary),Low
UTP-2026-0019,MAMU01-878967-2024,PRIS-MH-01,Mumbai Central Prison (Arthur Road),Maharashtra,Mumbai City,804,1310,162.9,Overcrowded,High,506,0,Barrack-04 (General),100,162,162.0,True,0.87,Male,22,Sec 115(2) BNS / 323 IPC,Voluntarily Causing Hurt (Assault),True,12.0,False,False,1,2024-11-27,0,633,1/3_first_timer,122.0,Eligible,DLSA-MH-MUM,PBL-MH-043,Adv. Tanmay B. Sawant,2026-06-28,Assigned,Released_On_Bail,2026-08-01,2026-08-25,2026-07-03,2026-07-05,2.0,Solvency Certificate (Property),False,Executed_With_Surety,,Low
UTP-2026-0020,MAMU01-690180-2025,PRIS-MH-01,Mumbai Central Prison (Arthur Road),Maharashtra,Mumbai City,804,1310,162.9,Overcrowded,High,506,0,Barrack-04 (General),100,160,160.0,True,0.88,Male,24,Sec 303(2) BNS / 379 IPC,Theft,True,36.0,False,False,1,2024-10-16,0,675,1/3_first_timer,365.0,Eligible,DLSA-MH-MUM,PBL-MH-043,Adv. Tanmay B. Sawant,2026-05-28,Assigned,Bail Granted,2026-07-14,2026-09-21,2026-08-11,,11.0,Solvency Certificate (Land),True,Petition_Drafted_Sec483,Tuberculosis (Isolation / Level 2 Inpatient),Low
UTP-2026-0021,MAMU01-545790-2023,PRIS-MH-01,Mumbai Central Prison (Arthur Road),Maharashtra,Mumbai City,804,1310,162.9,Overcrowded,High,506,0,Barrack-04 (General),100,164,164.0,True,0.8,Male,40,Sec 115(2) BNS / 323 IPC,Voluntarily Causing Hurt (Assault),True,12.0,False,False,2,2025-07-17,0,401,1/3_first_timer,122.0,Blocked_Multiple_FIRs,DLSA-MH-MUM,PBL-MH-043,Adv. Tanmay B. Sawant,2026-04-22,Assigned,Verification_Required,2026-08-13,2026-09-23,,,,,False,Multi_Case_Verification_Pending,,Low
UTP-2026-0022,MAMU01-713762-2026,PRIS-MH-01,Mumbai Central Prison (Arthur Road),Maharashtra,Mumbai City,804,1310,162.9,Overcrowded,High,506,0,Ward-HS (High Security),50,79,158.0,False,0.57,Male,24,Sec 103(1) BNS / 302 IPC,Murder (Life/Death Excluded from Sec 479),False,,True,False,1,2026-04-13,0,131,Not_Applicable,,Excluded_Life_Or_Death,DLSA-MH-MUM,,Private Counsel Engaged,,Private_Counsel,Pending_Trial,2026-07-20,2026-09-12,,,,,False,Barred_By_Statute,Hypertension (Level 1),High
UTP-2026-0023,MAMU01-402020-2026,PRIS-MH-01,Mumbai Central Prison (Arthur Road),Maharashtra,Mumbai City,804,1310,162.9,Overcrowded,High,506,0,Barrack-04 (General),100,160,160.0,True,0.75,Male,41,Sec 303(2) BNS / 379 IPC,Theft,False,36.0,False,True,3,2025-12-24,0,241,1/2_repeat_offender,547.0,Blocked_Multiple_FIRs,DLSA-MH-MUM,,Private Counsel Engaged,,Private_Counsel,Bail_Pending,2026-07-25,2026-08-30,,,,,False,Multi_Case_Verification_Pending,,Low
UTP-2026-0024,MAMU01-925981-2025,PRIS-MH-01,Mumbai Central Prison (Arthur Road),Maharashtra,Mumbai City,804,1310,162.9,Overcrowded,High,506,0,Barrack-04 (General),100,161,161.0,True,0.75,Male,25,Sec 189(2) BNS / 147 IPC,Rioting / Unlawful Assembly,True,24.0,False,False,1,2025-09-08,90,258,1/3_first_timer,243.0,Eligible,DLSA-MH-MUM,PBL-MH-044,Adv. Priyanka S. Raut,2026-05-08,Assigned,Pending_Hearing,2026-07-22,2026-09-14,,,,,False,Pre_Draft_Generated,,Low
UTP-2026-0025,MAMU01-786587-2024,PRIS-MH-01,Mumbai Central Prison (Arthur Road),Maharashtra,Mumbai City,804,1310,162.9,Overcrowded,High,506,0,Barrack-04 (General),100,162,162.0,True,0.72,Male,26,Sec 303(2) BNS / 379 IPC,Theft,True,36.0,False,False,3,2026-02-25,45,133,1/3_first_timer,365.0,Blocked_Multiple_FIRs,DLSA-MH-MUM,PBL-MH-043,Adv. Tanmay B. Sawant,2026-05-23,Assigned,Verification_Required,2026-07-11,2026-09-25,,,,,False,Multi_Case_Verification_Pending,,Low
UTP-2026-0026,MAMU01-814919-2024,PRIS-MH-01,Mumbai Central Prison (Arthur Road),Maharashtra,Mumbai City,804,1310,162.9,Overcrowded,High,506,0,Ward-F (Female Barrack),60,100,166.7,True,0.73,Female,23,Sec 305 BNS / 380 IPC,Theft in Dwelling House / Burglary,True,84.0,False,True,1,2026-02-26,0,177,1/2_repeat_offender,1277.0,Ineligible_Under_Time,DLSA-MH-MUM,PBL-MH-043,Adv. Tanmay B. Sawant,2026-04-17,Assigned,Hearing_Scheduled,2026-08-04,2026-08-25,,,,,False,Not_Applicable,,Low
UTP-2026-0027,MAMU01-108491-2023,PRIS-MH-01,Mumbai Central Prison (Arthur Road),Maharashtra,Mumbai City,804,1310,162.9,Overcrowded,High,506,0,Barrack-04 (General),100,159,159.0,True,0.67,Male,31,Sec 189(2) BNS / 147 IPC,Rioting / Unlawful Assembly,False,24.0,False,False,2,2025-04-27,0,482,1/3_first_timer,243.0,Blocked_Multiple_FIRs,DLSA-MH-MUM,PBL-MH-044,Adv. Priyanka S. Raut,2026-01-31,Assigned,Verification_Required,2026-07-09,2026-09-02,,,,,False,Multi_Case_Verification_Pending,,Medium
UTP-2026-0028,MAMU01-409478-2025,PRIS-MH-01,Mumbai Central Prison (Arthur Road),Maharashtra,Mumbai City,804,1310,162.9,Overcrowded,High,506,0,Ward-HS (High Security),50,82,164.0,False,0.67,Male,26,Sec 103(1) BNS / 302 IPC,Murder (Life/Death Excluded from Sec 479),True,,True,False,1,2025-04-29,0,480,Not_Applicable,,Excluded_Life_Or_Death,DLSA-MH-MUM,,Private Counsel Engaged,,Private_Counsel,Rejected_Sessions,2026-07-16,2026-09-17,,,,,False,Barred_By_Statute,Hypertension (Level 1),High
UTP-2026-0029,MAMU01-835132-2025,PRIS-MH-01,Mumbai Central Prison (Arthur Road),Maharashtra,Mumbai City,804,1310,162.9,Overcrowded,High,506,0,Ward-F (Female Barrack),60,98,163.3,True,0.7,Female,54,Sec 303(2) BNS / 379 IPC,Theft,False,36.0,False,True,1,2026-06-05,0,78,1/2_repeat_offender,547.0,Ineligible_Under_Time,DLSA-MH-MUM,PBL-MH-043,Adv. Tanmay B. Sawant,2026-06-20,Assigned,Hearing_Scheduled,2026-07-14,2026-09-03,,,,,False,Not_Applicable,Tuberculosis (Isolation / Level 2 Inpatient),Low
UTP-2026-0030,MAMU01-772875-2023,PRIS-MH-01,Mumbai Central Prison (Arthur Road),Maharashtra,Mumbai City,804,1310,162.9,Overcrowded,High,506,0,Barrack-04 (General),100,157,157.0,True,0.55,Male,25,Sec 316(2) BNS / 406 IPC,Criminal Breach of Trust,True,36.0,False,False,1,2026-05-27,0,87,1/3_first_timer,365.0,Ineligible_Under_Time,DLSA-MH-MUM,PBL-MH-042,Adv. Ramesh V. Kulkarni,2026-07-01,Assigned,Pending_Trial,2026-08-11,2026-08-25,,,,,False,Not_Applicable,,Medium
UTP-2026-0031,MAMU01-332311-2023,PRIS-MH-01,Mumbai Central Prison (Arthur Road),Maharashtra,Mumbai City,804,1310,162.9,Overcrowded,High,506,0,Barrack-04 (General),100,164,164.0,True,0.7,Male,23,Sec 318(2) BNS / 420 IPC,Cheating & Dishonesty,True,36.0,False,False,3,2026-06-07,0,76,1/3_first_timer,365.0,Blocked_Multiple_FIRs,DLSA-MH-MUM,PBL-MH-043,Adv. Tanmay B. Sawant,2026-08-03,Assigned,Verification_Required,2026-08-15,2026-09-14,,,,,False,Multi_Case_Verification_Pending,,Low
UTP-2026-0032,MAMU01-865054-2023,PRIS-MH-01,Mumbai Central Prison (Arthur Road),Maharashtra,Mumbai City,804,1310,162.9,Overcrowded,High,506,0,Barrack-04 (General),100,159,159.0,True,0.71,Male,38,Sec 189(2) BNS / 147 IPC,Rioting / Unlawful Assembly,True,24.0,False,False,1,2026-05-05,0,109,1/3_first_timer,243.0,Ineligible_Under_Time,DLSA-MH-MUM,,Private Counsel Engaged,,Private_Counsel,Hearing_Scheduled,2026-08-15,2026-08-30,,,,,False,Not_Applicable,,Low
UTP-2026-0033,MAMU01-986438-2025,PRIS-MH-01,Mumbai Central Prison (Arthur Road),Maharashtra,Mumbai City,804,1310,162.9,Overcrowded,High,506,0,Barrack-04 (General),100,157,157.0,True,0.72,Male,24,Sec 303(2) BNS / 379 IPC,Theft,True,36.0,False,False,1,2024-11-08,0,652,1/3_first_timer,365.0,Eligible,DLSA-MH-MUM,PBL-MH-042,Adv. Ramesh V. Kulkarni,2026-03-10,Assigned,Bail Granted,2026-07-09,2026-09-11,2026-08-19,,3.0,Property Card (7/12 Extract),False,Monitoring,,Medium
UTP-2026-0034,MAMU01-265056-2023,PRIS-MH-01,Mumbai Central Prison (Arthur Road),Maharashtra,Mumbai City,804,1310,162.9,Overcrowded,High,506,0,Barrack-04 (General),100,169,169.0,True,0.76,Male,39,Sec 303(2) BNS / 379 IPC,Theft,True,36.0,False,False,1,2025-11-02,0,293,1/3_first_timer,365.0,Ineligible_Under_Time,DLSA-MH-MUM,PBL-MH-042,Adv. Ramesh V. Kulkarni,2026-06-01,Assigned,Hearing_Scheduled,2026-07-08,2026-10-01,,,,,False,Not_Applicable,Chronic Kidney Disease (Requires Dialysis / Level 3),Low
UTP-2026-0035,MAMU01-878086-2023,PRIS-MH-01,Mumbai Central Prison (Arthur Road),Maharashtra,Mumbai City,804,1310,162.9,Overcrowded,High,506,0,Barrack-04 (General),100,169,169.0,True,0.98,Male,41,Sec 117(2) BNS / 325 IPC,Voluntarily Causing Grievous Hurt,False,84.0,False,True,2,2023-06-10,0,1169,1/2_repeat_offender,1277.0,Blocked_Multiple_FIRs,DLSA-MH-MUM,PBL-MH-042,Adv. Ramesh V. Kulkarni,2026-05-21,Assigned,Verification_Required,2026-08-10,2026-09-23,,,,,False,Multi_Case_Verification_Pending,,Low
UTP-2026-0036,MAMU01-207798-2024,PRIS-MH-01,Mumbai Central Prison (Arthur Road),Maharashtra,Mumbai City,804,1310,162.9,Overcrowded,High,506,0,Barrack-04 (General),100,167,167.0,True,0.89,Male,26,Sec 115(2) BNS / 323 IPC,Voluntarily Causing Hurt (Assault),True,12.0,False,True,1,2024-09-21,0,700,1/2_repeat_offender,182.0,Eligible,DLSA-MH-MUM,PBL-MH-044,Adv. Priyanka S. Raut,2026-01-30,Assigned,Released_On_Bail,2026-07-14,2026-09-22,2026-06-28,2026-07-01,3.0,Solvency Certificate (Property),False,Executed_With_Surety,Chronic Diabetes (Level 1 Dispensary),Low
UTP-2026-0037,MAMU01-949153-2024,PRIS-MH-01,Mumbai Central Prison (Arthur Road),Maharashtra,Mumbai City,804,1310,162.9,Overcrowded,High,506,0,Barrack-04 (General),100,160,160.0,True,0.98,Male,42,Sec 115(2) BNS / 323 IPC,Voluntarily Causing Hurt (Assault),True,12.0,False,False,1,2023-05-19,0,1191,1/3_first_timer,122.0,Eligible,DLSA-MH-MUM,PBL-MH-044,Adv. Priyanka S. Raut,2026-02-28,Assigned,Bail Granted,2026-08-09,2026-08-27,2026-07-17,,36.0,Two Local Solvent Sureties,True,Order_Modified_Awaiting_Warrant,Chronic Kidney Disease (Requires Dialysis / Level 3),Low
UTP-2026-0038,MAMU01-794299-2026,PRIS-MH-01,Mumbai Central Prison (Arthur Road),Maharashtra,Mumbai City,804,1310,162.9,Overcrowded,High,506,0,Barrack-04 (General),100,158,158.0,True,0.72,Male,42,Sec 305 BNS / 380 IPC,Theft in Dwelling House / Burglary,True,84.0,False,False,3,2026-04-06,0,138,1/3_first_timer,852.0,Blocked_Multiple_FIRs,DLSA-MH-MUM,PBL-MH-044,Adv. Priyanka S. Raut,2026-07-20,Assigned,Verification_Required,2026-07-10,2026-09-21,,,,,False,Multi_Case_Verification_Pending,,Low
UTP-2026-0039,MAMU01-826501-2024,PRIS-MH-01,Mumbai Central Prison (Arthur Road),Maharashtra,Mumbai City,804,1310,162.9,Overcrowded,High,506,0,Barrack-04 (General),100,165,165.0,True,0.85,Male,39,Sec 303(2) BNS / 379 IPC,Theft,False,36.0,False,True,1,2025-01-07,0,592,1/2_repeat_offender,547.0,Eligible,DLSA-MH-MUM,PBL-MH-042,Adv. Ramesh V. Kulkarni,2026-05-25,Assigned,Bail Granted,2026-07-21,2026-09-06,2026-07-17,,36.0,Two Local Solvent Sureties,True,Hearing_Scheduled_For_Relaxation,Hypertension (Level 1),Low
UTP-2026-0040,MAMU01-332823-2026,PRIS-MH-01,Mumbai Central Prison (Arthur Road),Maharashtra,Mumbai City,804,1310,162.9,Overcrowded,High,506,0,Barrack-04 (General),100,162,162.0,True,0.57,Male,53,Sec 309(4) BNS / 392 IPC,Robbery,True,120.0,False,False,1,2026-04-07,0,137,1/3_first_timer,1217.0,Ineligible_Under_Time,DLSA-MH-MUM,PBL-MH-042,Adv. Ramesh V. Kulkarni,2026-05-19,Assigned,Pending_Hearing,2026-08-11,2026-09-02,,,,,False,Not_Applicable,,Medium
UTP-2026-0041,MAMU01-753064-2026,PRIS-MH-01,Mumbai Central Prison (Arthur Road),Maharashtra,Mumbai City,804,1310,162.9,Overcrowded,High,506,0,Barrack-04 (General),100,158,158.0,True,0.73,Male,20,Sec 303(2) BNS / 379 IPC,Theft,True,36.0,False,True,2,2026-02-19,0,184,1/2_repeat_offender,547.0,Blocked_Multiple_FIRs,DLSA-MH-MUM,PBL-MH-042,Adv. Ramesh V. Kulkarni,2026-03-08,Assigned,Verification_Required,2026-07-29,2026-09-09,,,,,False,Multi_Case_Verification_Pending,Hypertension (Level 1),Low
UTP-2026-0042,MAMU01-239890-2023,PRIS-MH-01,Mumbai Central Prison (Arthur Road),Maharashtra,Mumbai City,804,1310,162.9,Overcrowded,High,506,0,Barrack-04 (General),100,163,163.0,True,0.7,Male,34,Sec 318(2) BNS / 420 IPC,Cheating & Dishonesty,True,36.0,False,False,2,2026-06-09,0,74,1/3_first_timer,365.0,Blocked_Multiple_FIRs,DLSA-MH-MUM,PBL-MH-044,Adv. Priyanka S. Raut,2026-06-15,Assigned,Bail_Pending,2026-08-18,2026-09-12,,,,,False,Multi_Case_Verification_Pending,,Low
UTP-2026-0043,MAMU01-620306-2026,PRIS-MH-01,Mumbai Central Prison (Arthur Road),Maharashtra,Mumbai City,804,1310,162.9,Overcrowded,High,506,0,Barrack-04 (General),100,157,157.0,True,0.85,Male,41,Sec 309(4) BNS / 392 IPC,Robbery,True,120.0,False,False,1,2025-01-17,0,582,1/3_first_timer,1217.0,Ineligible_Under_Time,DLSA-MH-MUM,PBL-MH-043,Adv. Tanmay B. Sawant,2026-07-17,Assigned,Pending_Trial,2026-08-15,2026-09-14,,,,,False,Not_Applicable,,Low
UTP-2026-0044,MAMU01-559457-2023,PRIS-MH-01,Mumbai Central Prison (Arthur Road),Maharashtra,Mumbai City,804,1310,162.9,Overcrowded,High,506,0,Barrack-04 (General),100,168,168.0,True,0.71,Male,19,Sec 189(2) BNS / 147 IPC,Rioting / Unlawful Assembly,True,24.0,False,True,1,2026-04-05,30,109,1/2_repeat_offender,365.0,Ineligible_Under_Time,DLSA-MH-MUM,,,,Unassigned,Pending_Hearing,2026-07-28,2026-09-22,,,,,False,Not_Applicable,Severe Cardiac / Requires Level 3 Hospital Care,Low
UTP-2026-0045,MAMU01-848022-2026,PRIS-MH-01,Mumbai Central Prison (Arthur Road),Maharashtra,Mumbai City,804,1310,162.9,Overcrowded,High,506,0,Barrack-04 (General),100,160,160.0,True,0.98,Male,21,Sec 303(2) BNS / 379 IPC,Theft,True,36.0,False,False,3,2023-09-02,0,1085,1/3_first_timer,365.0,Blocked_Multiple_FIRs,DLSA-MH-MUM,PBL-MH-042,Adv. Ramesh V. Kulkarni,2026-02-11,Assigned,Pending_Hearing,2026-07-11,2026-09-05,,,,,False,Multi_Case_Verification_Pending,Chronic Kidney Disease (Requires Dialysis / Level 3),Low
UTP-2026-0046,MAMU01-588461-2025,PRIS-MH-01,Mumbai Central Prison (Arthur Road),Maharashtra,Mumbai City,804,1310,162.9,Overcrowded,High,506,0,Barrack-04 (General),100,165,165.0,True,0.72,Male,34,Sec 305 BNS / 380 IPC,Theft in Dwelling House / Burglary,True,84.0,False,False,1,2026-01-08,90,136,1/3_first_timer,852.0,Ineligible_Under_Time,DLSA-MH-MUM,PBL-MH-042,Adv. Ramesh V. Kulkarni,2026-04-02,Assigned,Not_Applied,2026-08-11,2026-09-13,,,,,False,Not_Applicable,,Low
UTP-2026-0047,MAMU01-690996-2023,PRIS-MH-01,Mumbai Central Prison (Arthur Road),Maharashtra,Mumbai City,804,1310,162.9,Overcrowded,High,506,0,Barrack-04 (General),100,160,160.0,True,0.68,Male,40,Sec 115(2) BNS / 323 IPC,Voluntarily Causing Hurt (Assault),True,12.0,False,True,3,2025-04-09,0,500,1/2_repeat_offender,182.0,Blocked_Multiple_FIRs,DLSA-MH-MUM,PBL-MH-043,Adv. Tanmay B. Sawant,2025-12-28,Assigned,Pending_Hearing,2026-07-11,2026-09-28,,,,,False,Multi_Case_Verification_Pending,Tuberculosis (Isolation / Level 2 Inpatient),Medium
UTP-2026-0048,MAMU01-353480-2026,PRIS-MH-01,Mumbai Central Prison (Arthur Road),Maharashtra,Mumbai City,804,1310,162.9,Overcrowded,High,506,0,Barrack-04 (General),100,163,163.0,True,0.69,Male,25,Sec 318(2) BNS / 420 IPC,Cheating & Dishonesty,True,36.0,False,False,1,2026-07-01,0,52,1/3_first_timer,365.0,Ineligible_Under_Time,DLSA-MH-MUM,,,,Unassigned,Pending_Trial,2026-08-10,2026-09-14,,,,,False,Not_Applicable,,Low
UTP-2026-0049,MAMU01-377319-2025,PRIS-MH-01,Mumbai Central Prison (Arthur Road),Maharashtra,Mumbai City,804,1310,162.9,Overcrowded,High,506,0,Barrack-04 (General),100,164,164.0,True,0.74,Male,24,Sec 189(2) BNS / 147 IPC,Rioting / Unlawful Assembly,False,24.0,False,False,1,2026-01-05,0,229,1/3_first_timer,243.0,Approaching_Threshold_14d,DLSA-MH-MUM,PBL-MH-044,Adv. Priyanka S. Raut,2026-06-02,Assigned,Not_Applied,2026-07-12,2026-09-01,,,,,False,Not_Applicable,,Low
UTP-2026-0050,MAMU01-983532-2025,PRIS-MH-01,Mumbai Central Prison (Arthur Road),Maharashtra,Mumbai City,804,1310,162.9,Overcrowded,High,506,0,Barrack-04 (General),100,159,159.0,True,0.62,Male,55,Sec 309(4) BNS / 392 IPC,Robbery,True,120.0,False,False,1,2025-10-02,0,324,1/3_first_timer,1217.0,Ineligible_Under_Time,DLSA-MH-MUM,PBL-MH-043,Adv. Tanmay B. Sawant,2026-03-16,Assigned,Hearing_Scheduled,2026-08-01,2026-08-26,,,,,False,Not_Applicable,,Medium
UTP-2026-0051,MAMU01-594514-2023,PRIS-MH-01,Mumbai Central Prison (Arthur Road),Maharashtra,Mumbai City,804,1310,162.9,Overcrowded,High,506,0,Ward-F (Female Barrack),60,101,168.3,True,0.98,Female,25,Sec 309(4) BNS / 392 IPC,Robbery,True,120.0,False,False,1,2023-04-21,0,1219,1/3_first_timer,1217.0,Eligible,DLSA-MH-MUM,,,,Unassigned,Bail Granted,2026-07-30,2026-09-28,2026-07-29,,24.0,Two Local Solvent Sureties,True,Petition_Drafted_Sec483,,Low
UTP-2026-0052,MAMU01-144109-2025,PRIS-MH-01,Mumbai Central Prison (Arthur Road),Maharashtra,Mumbai City,804,1310,162.9,Overcrowded,High,506,0,Barrack-04 (General),100,166,166.0,True,0.7,Male,22,Sec 117(2) BNS / 325 IPC,Voluntarily Causing Grievous Hurt,True,84.0,False,False,1,2026-06-07,0,76,1/3_first_timer,852.0,Ineligible_Under_Time,DLSA-MH-MUM,PBL-MH-043,Adv. Tanmay B. Sawant,2026-07-26,Assigned,Not_Applied,2026-08-14,2026-10-01,,,,,False,Not_Applicable,,Low
UTP-2026-0053,MAMU01-783984-2024,PRIS-MH-01,Mumbai Central Prison (Arthur Road),Maharashtra,Mumbai City,804,1310,162.9,Overcrowded,High,506,0,Barrack-04 (General),100,169,169.0,True,0.75,Male,22,Sec 303(2) BNS / 379 IPC,Theft,True,36.0,False,False,1,2024-02-24,150,760,1/3_first_timer,365.0,Eligible,DLSA-MH-MUM,PBL-MH-044,Adv. Priyanka S. Raut,2026-01-01,Assigned,Bail Granted,2026-08-02,2026-08-27,2026-08-17,,5.0,Property Card (7/12 Extract),False,Monitoring,,Medium
UTP-2026-0054,MAMU01-284019-2026,PRIS-MH-01,Mumbai Central Prison (Arthur Road),Maharashtra,Mumbai City,804,1310,162.9,Overcrowded,High,506,0,Barrack-04 (General),100,168,168.0,True,0.74,Male,41,Sec 318(2) BNS / 420 IPC,Cheating & Dishonesty,False,36.0,False,False,1,2026-01-07,0,227,1/3_first_timer,365.0,Ineligible_Under_Time,DLSA-MH-MUM,PBL-MH-043,Adv. Tanmay B. Sawant,2026-06-13,Assigned,Pending_Trial,2026-07-23,2026-09-11,,,,,False,Not_Applicable,,Low
UTP-2026-0055,MAMU01-536045-2026,PRIS-MH-01,Mumbai Central Prison (Arthur Road),Maharashtra,Mumbai City,804,1310,162.9,Overcrowded,High,506,0,Barrack-04 (General),100,164,164.0,True,0.74,Male,21,Sec 117(2) BNS / 325 IPC,Voluntarily Causing Grievous Hurt,True,84.0,False,False,1,2026-02-03,0,200,1/3_first_timer,852.0,Ineligible_Under_Time,DLSA-MH-MUM,,,,Unassigned,Not_Applied,2026-08-13,2026-08-28,,,,,False,Not_Applicable,Severe Cardiac / Requires Level 3 Hospital Care,Low
UTP-2026-0056,MAMU01-706403-2023,PRIS-MH-01,Mumbai Central Prison (Arthur Road),Maharashtra,Mumbai City,804,1310,162.9,Overcrowded,High,506,0,Barrack-04 (General),100,168,168.0,True,0.57,Male,37,Sec 189(2) BNS / 147 IPC,Rioting / Unlawful Assembly,True,24.0,False,False,1,2026-02-08,60,135,1/3_first_timer,243.0,Ineligible_Under_Time,DLSA-MH-MUM,,Private Counsel Engaged,,Private_Counsel,Not_Applied,2026-07-25,2026-09-05,,,,,False,Not_Applicable,Tuberculosis (Isolation / Level 2 Inpatient),Medium
UTP-2026-0057,MAMU01-854024-2026,PRIS-MH-01,Mumbai Central Prison (Arthur Road),Maharashtra,Mumbai City,804,1310,162.9,Overcrowded,High,506,0,Barrack-04 (General),100,158,158.0,True,0.71,Male,40,Sec 324(2) BNS / 427 IPC,Mischief Causing Damage,False,24.0,False,False,1,2026-04-19,0,125,1/3_first_timer,243.0,Ineligible_Under_Time,DLSA-MH-MUM,PBL-MH-044,Adv. Priyanka S. Raut,2026-06-20,Assigned,Not_Applied,2026-07-12,2026-08-26,,,,,False,Not_Applicable,,Low
UTP-2026-0058,MAMU01-416422-2024,PRIS-MH-01,Mumbai Central Prison (Arthur Road),Maharashtra,Mumbai City,804,1310,162.9,Overcrowded,High,506,0,Barrack-04 (General),100,159,159.0,True,0.78,Male,24,Sec 115(2) BNS / 323 IPC,Voluntarily Causing Hurt (Assault),True,12.0,False,False,1,2025-09-25,0,331,1/3_first_timer,122.0,Eligible,DLSA-MH-MUM,PBL-MH-043,Adv. Tanmay B. Sawant,2026-07-31,Assigned,Released_On_Bail,2026-07-29,2026-09-18,2026-06-15,2026-06-18,3.0,"Local Surety Bond ₹10,000",False,Executed_With_Surety,,Low
UTP-2026-0059,MAMU01-969695-2024,PRIS-MH-01,Mumbai Central Prison (Arthur Road),Maharashtra,Mumbai City,804,1310,162.9,Overcrowded,High,506,0,Barrack-04 (General),100,157,157.0,True,0.59,Male,23,Sec 309(4) BNS / 392 IPC,Robbery,True,120.0,False,False,1,2026-02-05,0,198,1/3_first_timer,1217.0,Ineligible_Under_Time,DLSA-MH-MUM,PBL-MH-043,Adv. Tanmay B. Sawant,2026-06-20,Assigned,Pending_Hearing,2026-07-30,2026-09-13,,,,,False,Not_Applicable,,Medium
UTP-2026-0060,MAMU01-980521-2025,PRIS-MH-01,Mumbai Central Prison (Arthur Road),Maharashtra,Mumbai City,804,1310,162.9,Overcrowded,High,506,0,Barrack-04 (General),100,161,161.0,True,0.72,Male,33,Sec 324(2) BNS / 427 IPC,Mischief Causing Damage,True,24.0,False,False,1,2025-12-29,90,146,1/3_first_timer,243.0,Ineligible_Under_Time,DLSA-MH-MUM,PBL-MH-043,Adv. Tanmay B. Sawant,2026-05-29,Assigned,Pending_Trial,2026-08-11,2026-09-06,,,,,False,Not_Applicable,,Low
UTP-2026-0061,MAMU01-177941-2023,PRIS-MH-01,Mumbai Central Prison (Arthur Road),Maharashtra,Mumbai City,804,1310,162.9,Overcrowded,High,506,0,Barrack-04 (General),100,161,161.0,True,0.69,Male,60,Sec 318(2) BNS / 420 IPC,Cheating & Dishonesty,True,36.0,False,False,2,2026-07-19 ,0,34,1/3_first_timer,365.0,Blocked_Multiple_FIRs,DLSA-MH-MUM,PBL-MH-044,Adv. Priyanka S. Raut,2026-07-24,Assigned,Bail_Pending,2026-07-21,2026-09-25,,,,,False,Multi_Case_Verification_Pending,,Low
UTP-2026-0062,MAMU01-692447-2024,PRIS-MH-01,Mumbai Central Prison (Arthur Road),Maharashtra,Mumbai City,804,1310,162.9,Overcrowded,High,506,0,Barrack-04 (General),100,160,160.0,True,0.68,Male,23,Sec 309(4) BNS / 392 IPC,Robbery,True,120.0,False,False,2,2026-08-03,0,19,1/3_first_timer,1217.0,Blocked_Multiple_FIRs,DLSA-MH-MUM,PBL-MH-042,Adv. Ramesh V. Kulkarni,2026-08-10,Assigned,Pending_Hearing,2026-08-15,2026-09-25,,,,,False,Multi_Case_Verification_Pending,Tuberculosis (Isolation / Level 2 Inpatient),Low
UTP-2026-0063,MAMU01-888795-2026,PRIS-MH-01,Mumbai Central Prison (Arthur Road),Maharashtra,Mumbai City,804,1310,162.9,Overcrowded,High,506,0,Barrack-04 (General),100,167,167.0,True,0.76,Male,55,Sec 324(2) BNS / 427 IPC,Mischief Causing Damage,True,24.0,False,False,1,2025-11-16,0,279,1/3_first_timer,243.0,Eligible,DLSA-MH-MUM,PBL-MH-044,Adv. Priyanka S. Raut,2026-02-08,Assigned,Released_On_Bail,2026-08-15,2026-09-26,2026-08-01,2026-08-04,3.0,Solvency Certificate (Property),False,Executed_With_Surety,Hypertension (Level 1),Low
UTP-2026-0064,MAMU01-186023-2025,PRIS-MH-01,Mumbai Central Prison (Arthur Road),Maharashtra,Mumbai City,804,1310,162.9,Overcrowded,High,506,0,Barrack-04 (General),100,161,161.0,True,0.69,Male,24,Sec 117(2) BNS / 325 IPC,Voluntarily Causing Grievous Hurt,True,84.0,False,False,1,2026-06-19,15,49,1/3_first_timer,852.0,Ineligible_Under_Time,DLSA-MH-MUM,PBL-MH-043,Adv. Tanmay B. Sawant,2026-08-06,Assigned,Not_Applied,2026-08-12,2026-08-30,,,,,False,Not_Applicable,Hypertension (Level 1),Low
UTP-2026-0065,MAMU01-275329-2026,PRIS-MH-01,Mumbai Central Prison (Arthur Road),Maharashtra,Mumbai City,804,1310,162.9,Overcrowded,High,506,0,Barrack-04 (General),100,160,160.0,True,0.69,Male,22,Sec 305 BNS / 380 IPC,Theft in Dwelling House / Burglary,True,84.0,False,False,1,2026-07-06,0,47,1/3_first_timer,852.0,Ineligible_Under_Time,DLSA-MH-MUM,PBL-MH-043,Adv. Tanmay B. Sawant,2026-08-06,Assigned,Pending_Hearing,2026-08-12,2026-09-13,,,,,False,Not_Applicable,Hypertension (Level 1),Low
UTP-2026-0066,MAMU01-691240-2024,PRIS-MH-01,Mumbai Central Prison (Arthur Road),Maharashtra,Mumbai City,804,1310,162.9,Overcrowded,High,506,0,Barrack-04 (General),100,163,163.0,True,0.98,Male,25,Sec 309(4) BNS / 392 IPC,Robbery,True,120.0,False,False,1,2023-05-08,0,1202,1/3_first_timer,1217.0,Approaching_Threshold_15d,DLSA-MH-MUM,PBL-MH-042,Adv. Ramesh V. Kulkarni,2026-01-15,Assigned,Not_Applied,2026-07-25,2026-09-25,,,,,False,Not_Applicable,Tuberculosis (Isolation / Level 2 Inpatient),Low
UTP-2026-0067,MAMU01-810380-2026,PRIS-MH-01,Mumbai Central Prison (Arthur Road),Maharashtra,Mumbai City,804,1310,162.9,Overcrowded,High,506,0,Barrack-04 (General),100,158,158.0,True,0.69,Male,24,Sec 303(2) BNS / 379 IPC,Theft,True,36.0,False,False,1,2026-07-05,0,48,1/3_first_timer,365.0,Ineligible_Under_Time,DLSA-MH-MUM,PBL-MH-042,Adv. Ramesh V. Kulkarni,2026-07-15,Assigned,Hearing_Scheduled,2026-07-28,2026-09-19,,,,,False,Not_Applicable,Tuberculosis (Isolation / Level 2 Inpatient),Low
UTP-2026-0068,MAMU01-123682-2025,PRIS-MH-01,Mumbai Central Prison (Arthur Road),Maharashtra,Mumbai City,804,1310,162.9,Overcrowded,High,506,0,Barrack-04 (General),100,167,167.0,True,0.97,Male,20,Sec 303(2) BNS / 379 IPC,Theft,True,36.0,False,False,1,2023-12-17,0,979,1/3_first_timer,365.0,Eligible,DLSA-MH-MUM,PBL-MH-043,Adv. Tanmay B. Sawant,2026-06-14,Assigned,Bail Granted,2026-07-26,2026-09-05,2026-08-16,,6.0,"Local Surety Bond ₹15,000",False,Monitoring,Hypertension (Level 1),Low
UTP-2026-0069,MAMU01-511612-2023,PRIS-MH-01,Mumbai Central Prison (Arthur Road),Maharashtra,Mumbai City,804,1310,162.9,Overcrowded,High,506,0,Barrack-04 (General),100,157,157.0,True,0.69,Male,26,Sec 305 BNS / 380 IPC,Theft in Dwelling House / Burglary,True,84.0,False,False,1,2026-06-30,0,53,1/3_first_timer,852.0,Ineligible_Under_Time,DLSA-MH-MUM,PBL-MH-042,Adv. Ramesh V. Kulkarni,2026-07-24,Assigned,Pending_Trial,2026-08-13,2026-09-05,,,,,False,Not_Applicable,,Low
UTP-2026-0070,MAMU01-619013-2026,PRIS-MH-01,Mumbai Central Prison (Arthur Road),Maharashtra,Mumbai City,804,1310,162.9,Overcrowded,High,506,0,Barrack-04 (General),100,169,169.0,True,0.74,Male,25,Sec 324(2) BNS / 427 IPC,Mischief Causing Damage,False,24.0,False,False,2,2026-02-02,0,201,1/3_first_timer,243.0,Blocked_Multiple_FIRs,DLSA-MH-MUM,PBL-MH-042,Adv. Ramesh V. Kulkarni,2026-03-28,Assigned,Pending_Hearing,2026-08-02,2026-09-04,,,,,False,Multi_Case_Verification_Pending,Severe Cardiac / Requires Level 3 Hospital Care,Low
UTP-2026-0071,MAMU01-223088-2024,PRIS-MH-01,Mumbai Central Prison (Arthur Road),Maharashtra,Mumbai City,804,1310,162.9,Overcrowded,High,506,0,Barrack-04 (General),100,166,166.0,True,0.73,Male,25,Sec 303(2) BNS / 379 IPC,Theft,True,36.0,False,False,1,2026-03-07,0,168,1/3_first_timer,365.0,Ineligible_Under_Time,DLSA-MH-MUM,PBL-MH-042,Adv. Ramesh V. Kulkarni,2026-07-28,Assigned,Pending_Trial,2026-07-15,2026-09-16,,,,,False,Not_Applicable,Severe Cardiac / Requires Level 3 Hospital Care,Low
UTP-2026-0072,MAMU01-763121-2025,PRIS-MH-01,Mumbai Central Prison (Arthur Road),Maharashtra,Mumbai City,804,1310,162.9,Overcrowded,High,506,0,Barrack-04 (General),100,159,159.0,True,0.8,Male,25,Sec 309(4) BNS / 392 IPC,Robbery,False,120.0,False,False,1,2025-07-06,0,412,1/3_first_timer,1217.0,Ineligible_Under_Time,DLSA-MH-MUM,PBL-MH-043,Adv. Tanmay B. Sawant,2026-04-10,Assigned,Pending_Hearing,2026-07-31,2026-10-01,,,,,False,Not_Applicable,,Low
UTP-2026-0073,MAMU01-921967-2026,PRIS-MH-01,Mumbai Central Prison (Arthur Road),Maharashtra,Mumbai City,804,1310,162.9,Overcrowded,High,506,0,Barrack-04 (General),100,156,156.0,True,0.7,Male,25,Sec 303(2) BNS / 379 IPC,Theft,True,36.0,False,True,2,2026-05-24,0,90,1/2_repeat_offender,547.0,Blocked_Multiple_FIRs,DLSA-MH-MUM,,,,Unassigned,Bail_Pending,2026-07-10,2026-09-13,,,,,False,Multi_Case_Verification_Pending,,Low
UTP-2026-0074,MAMU01-542828-2024,PRIS-MH-01,Mumbai Central Prison (Arthur Road),Maharashtra,Mumbai City,804,1310,162.9,Overcrowded,High,506,0,Barrack-04 (General),100,167,167.0,True,0.8,Male,18,Sec 305 BNS / 380 IPC,Theft in Dwelling House / Burglary,False,84.0,False,True,1,2025-07-01,0,417,1/2_repeat_offender,1277.0,Ineligible_Under_Time,DLSA-MH-MUM,PBL-MH-042,Adv. Ramesh V. Kulkarni,2026-03-01,Assigned,Pending_Hearing,2026-07-08,2026-09-03,,,,,False,Not_Applicable,Chronic Kidney Disease (Requires Dialysis / Level 3),Low
UTP-2026-0075,MAMU01-680278-2025,PRIS-MH-01,Mumbai Central Prison (Arthur Road),Maharashtra,Mumbai City,804,1310,162.9,Overcrowded,High,506,0,Barrack-04 (General),100,166,166.0,True,0.72,Male,21,Sec 305 BNS / 380 IPC,Theft in Dwelling House / Burglary,True,84.0,False,False,1,2026-03-19,0,156,1/3_first_timer,852.0,Ineligible_Under_Time,DLSA-MH-MUM,PBL-MH-042,Adv. Ramesh V. Kulkarni,2026-04-08,Assigned,Not_Applied,2026-07-27,2026-09-01,,,,,False,Not_Applicable,Chronic Diabetes (Level 1 Dispensary),Low
UTP-2026-0076,MAMU01-400404-2026,PRIS-MH-01,Mumbai Central Prison (Arthur Road),Maharashtra,Mumbai City,804,1310,162.9,Overcrowded,High,506,0,Ward-HS (High Security),50,83,166.0,False,0.62,Male,26,Sec 103(1) BNS / 302 IPC,Murder (Life/Death Excluded from Sec 479),False,,True,False,1,2025-09-19,15,322,Not_Applicable,,Excluded_Life_Or_Death,DLSA-MH-MUM,,Private Counsel Engaged,,Private_Counsel,Pending_Trial,2026-08-07,2026-09-03,,,,,False,Barred_By_Statute,,High
UTP-2026-0077,MAMU01-243876-2023,PRIS-MH-01,Mumbai Central Prison (Arthur Road),Maharashtra,Mumbai City,804,1310,162.9,Overcrowded,High,506,0,Barrack-04 (General),100,166,166.0,True,0.79,Male,40,sec 303(2) bns / 379 ipc,Theft,True,36.0,False,False,1,2025-08-23,0,364,1/3_first_timer,365.0,Approaching_Threshold_1d,DLSA-MH-MUM,PBL-MH-044,Adv. Priyanka S. Raut,2025-12-29,Assigned,Pending_Trial,2026-08-13,2026-08-26,,,,,False,Not_Applicable,Hypertension (Level 1),Low
UTP-2026-0078,MAMU01-257375-2024,PRIS-MH-01,Mumbai Central Prison (Arthur Road),Maharashtra,Mumbai City,804,1310,162.9,Overcrowded,High,506,0,Barrack-04 (General),100,157,157.0,True,0.7,Male,31,Sec 303(2) BNS / 379 IPC,Theft,True,36.0,False,False,2,2025-01-20,0,579,1/3_first_timer,365.0,Blocked_Multiple_FIRs,DLSA-MH-MUM,PBL-MH-042,Adv. Ramesh V. Kulkarni,2026-03-19,Assigned,Verification_Required,2026-07-28,2026-09-01,,,,,False,Multi_Case_Verification_Pending,Tuberculosis (Isolation / Level 2 Inpatient),Medium
UTP-2026-0079,MAMU01-913575-2024,PRIS-MH-01,Mumbai Central Prison (Arthur Road),Maharashtra,Mumbai City,804,1310,162.9,Overcrowded,High,506,0,Barrack-04 (General),100,161,161.0,True,0.7,Male,23,Sec 324(2) BNS / 427 IPC,Mischief Causing Damage,True,24.0,False,True,3,2026-05-30,0,84,1/2_repeat_offender,365.0,Blocked_Multiple_FIRs,DLSA-MH-MUM,,,,Unassigned,Verification_Required,2026-08-20,2026-09-18,,,,,False,Multi_Case_Verification_Pending,,Low
UTP-2026-0080,MAMU01-695403-2023,PRIS-MH-01,Mumbai Central Prison (Arthur Road),Maharashtra,Mumbai City,804,1310,162.9,Overcrowded,High,506,0,Barrack-04 (General),100,158,158.0,True,0.69,Male,21,Sec 189(2) BNS / 147 IPC,Rioting / Unlawful Assembly,False,24.0,False,False,1,2026-06-28,0,55,1/3_first_timer,243.0,Ineligible_Under_Time,DLSA-MH-MUM,PBL-MH-043,Adv. Tanmay B. Sawant,2026-07-26,Assigned,Not_Applied,2026-08-06,2026-08-29,,,,,False,Not_Applicable,,Low
UTP-2026-0081,MAMU01-473023-2026,PRIS-MH-01,Mumbai Central Prison (Arthur Road),Maharashtra,Mumbai City,804,1310,162.9,Overcrowded,High,506,0,Barrack-04 (General),100,168,168.0,True,0.9,Male,25,Sec 303(2) BNS / 379 IPC,Theft,True,36.0,False,False,1,2024-07-22,0,761,1/3_first_timer,365.0,Eligible,DLSA-MH-MUM,PBL-MH-042,Adv. Ramesh V. Kulkarni,2026-04-16,Assigned,Bail Granted,2026-08-14,2026-09-02,2026-08-21,,1.0,Solvency Certificate (Land),False,Monitoring,,Low
UTP-2026-0082,MAMU01-701761-2026,PRIS-MH-01,Mumbai Central Prison (Arthur Road),Maharashtra,Mumbai City,804,1310,162.9,Overcrowded,High,506,0,Barrack-04 (General),100,165,165.0,True,0.72,Male,19,Sec 316(2) BNS / 406 IPC,Criminal Breach of Trust,False,36.0,False,False,1,2026-04-09,0,135,1/3_first_timer,365.0,Ineligible_Under_Time,DLSA-MH-MUM,PBL-MH-042,Adv. Ramesh V. Kulkarni,2026-05-26,Assigned,Pending_Trial,2026-07-12,2026-09-09,,,,,False,Not_Applicable,Chronic Diabetes (Level 1 Dispensary),Low
UTP-2026-0083,MAMU01-950069-2025,PRIS-MH-01,Mumbai Central Prison (Arthur Road),Maharashtra,Mumbai City,804,1310,162.9,Overcrowded,High,506,0,Barrack-04 (General),100,161,161.0,True,0.58,Male,21,Sec 305 BNS / 380 IPC,Theft in Dwelling House / Burglary,True,84.0,False,False,1,2026-03-11,0,164,1/3_first_timer,852.0,Ineligible_Under_Time,DLSA-MH-MUM,PBL-MH-043,Adv. Tanmay B. Sawant,2026-03-29,Assigned,Hearing_Scheduled,2026-08-17,2026-09-08,,,,,False,Not_Applicable,,Medium
UTP-2026-0084,MAMU01-100716-2025,PRIS-MH-01,Mumbai Central Prison (Arthur Road),Maharashtra,Mumbai City,804,1310,162.9,Overcrowded,High,506,0,Barrack-04 (General),100,157,157.0,True,0.68,Male,22,Sec 303(2) BNS / 379 IPC,Theft,True,36.0,False,False,1,2026-06-27,120,1,1/3_first_timer,365.0,Ineligible_Under_Time,DLSA-MH-MUM,PBL-MH-044,Adv. Priyanka S. Raut,2026-07-20,Assigned,Hearing_Scheduled,2026-08-16,2026-09-17,,,,,False,Not_Applicable,Severe Cardiac / Requires Level 3 Hospital Care,Low
UTP-2026-0085,MAMU01-700660-2026,PRIS-MH-01,Mumbai Central Prison (Arthur Road),Maharashtra,Mumbai City,804,1310,162.9,Overcrowded,High,506,0,Barrack-04 (General),100,160,160.0,True,0.73,Male,34,Sec 115(2) BNS / 323 IPC,Voluntarily Causing Hurt (Assault),True,12.0,False,True,1,2024-10-13,0,678,1/2_repeat_offender,182.0,Eligible,DLSA-MH-MUM,PBL-MH-044,Adv. Priyanka S. Raut,2026-07-24,Assigned,Application_Drafted,2026-08-05,2026-09-16,,,,,False,Pre_Draft_Generated,Tuberculosis (Isolation / Level 2 Inpatient),Medium
UTP-2026-0086,MAMU01-493580-2023,PRIS-MH-01,Mumbai Central Prison (Arthur Road),Maharashtra,Mumbai City,804,1310,162.9,Overcrowded,High,506,0,Ward-HS (High Security),50,80,160.0,False,0.63,Male,23,Sec 103(1) BNS / 302 IPC,Murder (Life/Death Excluded from Sec 479),False,,True,False,1,2025-04-29,150,330,Not_Applicable,,Excluded_Life_Or_Death,DLSA-MH-MUM,,Private Counsel Engaged,,Private_Counsel,Rejected_High_Court,2026-08-19,2026-09-14,,,,,False,Barred_By_Statute,,High
UTP-2026-0087,MAMU01-857111-2025,PRIS-MH-01,Mumbai Central Prison (Arthur Road),Maharashtra,Mumbai City,804,1310,162.9,Overcrowded,High,506,0,Barrack-04 (General),100,166,166.0,True,0.71,Male,21,Sec 303(2) BNS / 379 IPC,Theft,True,36.0,False,False,1,2026-03-15,45,115,1/3_first_timer,365.0,Ineligible_Under_Time,DLSA-MH-MUM,,Private Counsel Engaged,,Private_Counsel,Hearing_Scheduled,2026-08-15,2026-09-12,,,,,False,Not_Applicable,,Low
UTP-2026-0088,MAMU01-977740-2025,PRIS-MH-01,Mumbai Central Prison (Arthur Road),Maharashtra,Mumbai City,804,1310,162.9,Overcrowded,High,506,0,Barrack-04 (General),100,165,165.0,True,0.54,Male,19,Sec 309(4) BNS / 392 IPC,Robbery,True,120.0,False,True,1,2026-06-24,0,59,1/2_repeat_offender,1825.0,Ineligible_Under_Time,DLSA-MH-MUM,PBL-MH-042,Adv. Ramesh V. Kulkarni,2026-07-19,Assigned,Hearing_Scheduled,2026-07-18,2026-09-20,,,,,False,Not_Applicable,Severe Cardiac / Requires Level 3 Hospital Care,Medium
UTP-2026-0089,MAMU01-370413-2025,PRIS-MH-01,Mumbai Central Prison (Arthur Road),Maharashtra,Mumbai City,804,1310,162.9,Overcrowded,High,506,0,Barrack-04 (General),100,168,168.0,True,0.75,Male,26,Sec 115(2) BNS / 323 IPC,Voluntarily Causing Hurt (Assault),True,12.0,False,True,1,2025-12-15,0,250,1/2_repeat_offender,182.0,Eligible,DLSA-MH-MUM,,Private Counsel Engaged,,Private_Counsel,Released_On_Personal_Bond,2026-07-12,2026-10-01,2026-07-19,2026-07-24,5.0,Personal Recognizance Bond,False,Order_Modified_And_Executed,Hypertension (Level 1),Low
UTP-2026-0090,MAMU01-447596-2024,PRIS-MH-01,Mumbai Central Prison (Arthur Road),Maharashtra,Mumbai City,804,1310,162.9,Overcrowded,High,506,0,Barrack-04 (General),100,163,163.0,True,0.75,Male,40,Sec 309(4) BNS / 392 IPC,Robbery,True,120.0,False,False,2,2024-08-02,0,750,1/3_first_timer,1217.0,Blocked_Multiple_FIRs,DLSA-MH-MUM,PBL-MH-044,Adv. Priyanka S. Raut,2026-02-18,Assigned,Bail_Pending,2026-08-14,2026-09-08,,,,,False,Multi_Case_Verification_Pending,,Medium
UTP-2026-0091,MAMU01-130354-2024,PRIS-MH-01,Mumbai Central Prison (Arthur Road),Maharashtra,Mumbai City,804,1310,162.9,Overcrowded,High,506,0,Barrack-04 (General),100,158,158.0,True,0.68,Male,34,Sec 189(2) BNS / 147 IPC,Rioting / Unlawful Assembly,True,24.0,False,False,1,2026-08-03,0,19,1/3_first_timer,243.0,Ineligible_Under_Time,DLSA-MH-MUM,PBL-MH-043,Adv. Tanmay B. Sawant,2026-08-04,Assigned,Pending_Hearing,2026-07-26,2026-09-01,,,,,False,Not_Applicable,,Low
UTP-2026-0092,MAMU01-336047-2024,PRIS-MH-01,Mumbai Central Prison (Arthur Road),Maharashtra,Mumbai City,804,1310,162.9,Overcrowded,High,506,0,Ward-F (Female Barrack),60,99,165.0,True,0.89,Female,41,Sec 303(2) BNS / 379 IPC,Theft,True,36.0,False,False,1,2024-08-13,30,709,1/3_first_timer,365.0,Eligible,DLSA-MH-MUM,PBL-MH-043,Adv. Tanmay B. Sawant,2026-03-10,Assigned,Bail Granted,2026-08-01,2026-09-11,2026-07-21,,32.0,Property Guarantee,True,Hearing_Scheduled_For_Relaxation,,Low
UTP-2026-0093,MAMU01-642421-2024,PRIS-MH-01,Mumbai Central Prison (Arthur Road),Maharashtra,Mumbai City,804,1310,162.9,Overcrowded,High,506,0,Barrack-04 (General),100,166,166.0,True,0.78,Male,42,Sec 115(2) BNS / 323 IPC,Voluntarily Causing Hurt (Assault),True,12.0,False,False,2,2025-09-07,15,334,1/3_first_timer,122.0,Blocked_Multiple_FIRs,DLSA-MH-MUM,,,,Unassigned,Pending_Hearing,2026-08-04,2026-09-20,,,,,False,Multi_Case_Verification_Pending,Hypertension (Level 1),Low
UTP-2026-0094,MAMU01-812730-2025,PRIS-MH-01,Mumbai Central Prison (Arthur Road),Maharashtra,Mumbai City,804,1310,162.9,Overcrowded,High,506,0,Barrack-04 (General),100,164,164.0,True,0.98,Male,40,Sec 318(2) BNS / 420 IPC,Cheating & Dishonesty,True,36.0,False,False,1,2023-06-19,0,1160,1/3_first_timer,365.0,Eligible,DLSA-MH-MUM,PBL-MH-042,Adv. Ramesh V. Kulkarni,2026-04-14,Assigned,Released_On_Personal_Bond,2026-08-17,2026-10-01,2026-06-03,2026-06-05,2.0,Personal Recognizance Bond,False,Order_Modified_And_Executed,,Low
UTP-2026-0095,MAMU01-613358-2023,PRIS-MH-01,Mumbai Central Prison (Arthur Road),Maharashtra,Mumbai City,804,1310,162.9,Overcrowded,High,506,0,Barrack-04 (General),100,166,166.0,True,0.71,Male,25,Sec 303(2) BNS / 379 IPC,Theft,True,36.0,False,False,1,2026-03-24,30,121,1/3_first_timer,365.0,Ineligible_Under_Time,DLSA-MH-MUM,,,,Unassigned,Not_Applied,2026-07-31,2026-09-27,,,,,False,Not_Applicable,,Low
UTP-2026-0096,MAMU01-951452-2026,PRIS-MH-01,Mumbai Central Prison (Arthur Road),Maharashtra,Mumbai City,804,1310,162.9,Overcrowded,High,506,0,Barrack-04 (General),100,163,163.0,True,0.53,Male,26,Sec 309(4) BNS / 392 IPC,Robbery,True,120.0,False,False,1,2026-08-05,0,17,1/3_first_timer,1217.0,Ineligible_Under_Time,DLSA-MH-MUM,PBL-MH-042,Adv. Ramesh V. Kulkarni,2026-08-06,Assigned,Pending_Hearing,2026-07-11,2026-09-10,,,,,False,Not_Applicable,Severe Cardiac / Requires Level 3 Hospital Care,Medium
UTP-2026-0097,MAMU01-539170-2023,PRIS-MH-01,Mumbai Central Prison (Arthur Road),Maharashtra,Mumbai City,804,1310,162.9,Overcrowded,High,506,0,Ward-F (Female Barrack),60,98,163.3,True,0.78,Female,24,Sec 115(2) BNS / 323 IPC,Voluntarily Causing Hurt (Assault),True,12.0,False,False,1,2025-09-21,0,335,1/3_first_timer,122.0,Eligible,DLSA-MH-MUM,PBL-MH-044,Adv. Priyanka S. Raut,2026-04-30,Assigned,Bail Granted,2026-08-02,2026-09-04,2026-08-18,,4.0,Solvency Certificate (Land),False,Monitoring,Chronic Diabetes (Level 1 Dispensary),Low
UTP-2026-0098,MAMU01-809641-2025,PRIS-MH-01,Mumbai Central Prison (Arthur Road),Maharashtra,Mumbai City,804,1310,162.9,Overcrowded,High,506,0,Barrack-04 (General),100,162,162.0,True,0.76,Male,41,Sec 189(2) BNS / 147 IPC,Rioting / Unlawful Assembly,False,24.0,False,False,1,2025-07-30 ,120,268,1/3_first_timer,243.0,Eligible,DLSA-MH-MUM,PBL-MH-043,Adv. Tanmay B. Sawant,2026-03-06,Assigned,Bail Granted,2026-08-03,2026-08-30,2026-07-24,,29.0,"Cash Surety ₹25,000",True,Petition_Drafted_Sec483,Hypertension (Level 1),Low
UTP-2026-0099,MAMU01-237002-2026,PRIS-MH-01,Mumbai Central Prison (Arthur Road),Maharashtra,Mumbai City,804,1310,162.9,Overcrowded,High,506,0,Barrack-04 (General),100,157,157.0,True,0.68,Male,41,Sec 189(2) BNS / 147 IPC,Rioting / Unlawful Assembly,False,24.0,False,True,1,2026-07-05,150,1,1/2_repeat_offender,365.0,Ineligible_Under_Time,DLSA-MH-MUM,PBL-MH-044,Adv. Priyanka S. Raut,2026-07-07,Assigned,Pending_Hearing,2026-08-06,2026-09-15,,,,,False,Not_Applicable,Hypertension (Level 1),Low
UTP-2026-0100,MAMU01-346415-2023,PRIS-MH-01,Mumbai Central Prison (Arthur Road),Maharashtra,Mumbai City,804,1310,162.9,Overcrowded,High,506,0,Barrack-04 (General),100,158,158.0,True,0.68,Male,22,Sec 115(2) BNS / 323 IPC,Voluntarily Causing Hurt (Assault),False,12.0,False,False,1,2026-06-05,60,18,1/3_first_timer,122.0,Ineligible_Under_Time,DLSA-MH-MUM,PBL-MH-043,Adv. Tanmay B. Sawant,2026-06-21,Assigned,Pending_Hearing,2026-08-18,2026-09-29,,,,,False,Not_Applicable,,Low
UTP-2026-0101,MAMU01-457938-2025,PRIS-MH-01,Mumbai Central Prison (Arthur Road),Maharashtra,Mumbai City,804,1310,162.9,Overcrowded,High,506,0,Barrack-04 (General),100,157,157.0,True,0.69,Male,34,Sec 117(2) BNS / 325 IPC,Voluntarily Causing Grievous Hurt,True,84.0,False,False,1,2026-07-17,0,36,1/3_first_timer,852.0,Ineligible_Under_Time,DLSA-MH-MUM,PBL-MH-043,Adv. Tanmay B. Sawant,2026-07-24,Assigned,Pending_Hearing,2026-08-08,2026-09-06,,,,,False,Not_Applicable,Hypertension (Level 1),Low
UTP-2026-0102,MAMU01-285810-2024,PRIS-MH-01,Mumbai Central Prison (Arthur Road),Maharashtra,Mumbai City,804,1310,162.9,Overcrowded,High,506,0,Ward-HS (High Security),50,82,164.0,False,0.6,Male,24,Sec 103(1) BNS / 302 IPC,Murder (Life/Death Excluded from Sec 479),True,,True,True,1,2025-12-03,0,262,Not_Applicable,,Excluded_Life_Or_Death,DLSA-MH-MUM,,Private Counsel Engaged,,Private_Counsel,Rejected_High_Court,2026-08-05,2026-09-11,,,,,False,Barred_By_Statute,,High
UTP-2026-0103,MAMU01-438041-2023,PRIS-MH-01,Mumbai Central Prison (Arthur Road),Maharashtra,Mumbai City,804,1310,162.9,Overcrowded,High,506,0,Barrack-04 (General),100,160,160.0,True,0.98,Male,42,Sec 316(2) BNS / 406 IPC,Criminal Breach of Trust,True,36.0,False,False,1,2023-06-22,0,1157,1/3_first_timer,365.0,Eligible,DLSA-MH-MUM,PBL-MH-043,Adv. Tanmay B. Sawant,2026-01-18,Assigned,Bail Granted,2026-08-20,2026-09-27,2026-08-18,,4.0,Solvency Certificate (Land),False,Monitoring,,Low
UTP-2026-0104,MAMU01-922405-2025,PRIS-MH-01,Mumbai Central Prison (Arthur Road),Maharashtra,Mumbai City,804,1310,162.9,Overcrowded,High,506,0,Barrack-04 (General),100,163,163.0,True,0.96,Male,40,Sec 318(2) BNS / 420 IPC,Cheating & Dishonesty,True,36.0,False,False,1,2023-10-07,120,930,1/3_first_timer,365.0,Eligible,DLSA-MH-MUM,PBL-MH-043,Adv. Tanmay B. Sawant,2026-01-12,Assigned,Released_On_Bail,2026-08-06,2026-09-17,2026-07-14,2026-07-16,2.0,"Local Surety Bond ₹10,000",False,Executed_With_Surety,Chronic Diabetes (Level 1 Dispensary),Low
UTP-2026-0105,MAMU01-614379-2025,PRIS-MH-01,Mumbai Central Prison (Arthur Road),Maharashtra,Mumbai City,804,1310,162.9,Overcrowded,High,506,0,Barrack-04 (General),100,168,168.0,True,0.69,Male,26,Sec 115(2) BNS / 323 IPC,Voluntarily Causing Hurt (Assault),True,12.0,False,False,1,2026-07-15,0,38,1/3_first_timer,122.0,Ineligible_Under_Time,DLSA-MH-MUM,PBL-MH-043,Adv. Tanmay B. Sawant,2026-08-10,Assigned,Not_Applied,2026-07-29,2026-09-08,,,,,False,Not_Applicable,Tuberculosis (Isolation / Level 2 Inpatient),Low
UTP-2026-0106,MAMU01-369054-2025,PRIS-MH-01,Mumbai Central Prison (Arthur Road),Maharashtra,Mumbai City,804,1310,162.9,Overcrowded,High,506,0,Barrack-04 (General),100,160,160.0,True,0.69,Male,37,Sec 117(2) BNS / 325 IPC,Voluntarily Causing Grievous Hurt,True,84.0,False,False,2,2026-03-20,120,35,1/3_first_timer,852.0,Blocked_Multiple_FIRs,DLSA-MH-MUM,PBL-MH-042,Adv. Ramesh V. Kulkarni,2026-07-01,Assigned,Bail_Pending,2026-07-17,2026-09-28,,,,,False,Multi_Case_Verification_Pending,Tuberculosis (Isolation / Level 2 Inpatient),Low
UTP-2026-0107,MAMU01-527433-2026,PRIS-MH-01,Mumbai Central Prison (Arthur Road),Maharashtra,Mumbai City,804,1310,162.9,Overcrowded,High,506,0,Barrack-04 (General),100,162,162.0,True,0.69,Male,20,Sec 189(2) BNS / 147 IPC,Rioting / Unlawful Assembly,False,24.0,False,False,1,2026-07-23,0,30,1/3_first_timer,243.0,Ineligible_Under_Time,DLSA-MH-MUM,PBL-MH-044,Adv. Priyanka S. Raut,2026-08-11,Assigned,Pending_Hearing,2026-08-16,2026-09-16,,,,,False,Not_Applicable,,Low
UTP-2026-0108,MAMU01-680412-2024,PRIS-MH-01,Mumbai Central Prison (Arthur Road),Maharashtra,Mumbai City,804,1310,162.9,Overcrowded,High,506,0,Barrack-04 (General),100,166,166.0,True,0.57,Male,40,Sec 309(4) BNS / 392 IPC,Robbery,True,120.0,False,True,1,2026-03-15,0,160,1/2_repeat_offender,1825.0,Ineligible_Under_Time,DLSA-MH-MUM,,,,Unassigned,Hearing_Scheduled,2026-07-29,2026-09-07,,,,,False,Not_Applicable,Tuberculosis (Isolation / Level 2 Inpatient),Medium
UTP-2026-0109,MAMU01-204904-2025,PRIS-MH-01,Mumbai Central Prison (Arthur Road),Maharashtra,Mumbai City,804,1310,162.9,Overcrowded,High,506,0,Barrack-04 (General),100,159,159.0,True,0.73,Male,22,Sec 303(2) BNS / 379 IPC,Theft,True,36.0,False,False,1,2026-03-07,0,168,1/3_first_timer,365.0,Ineligible_Under_Time,DLSA-MH-MUM,PBL-MH-043,Adv. Tanmay B. Sawant,2026-04-25,Assigned,Pending_Trial,2026-08-10,2026-08-25,,,,,False,Not_Applicable,,Low
UTP-2026-0110,MAMU01-862760-2023,PRIS-MH-01,Mumbai Central Prison (Arthur Road),Maharashtra,Mumbai City,804,1310,162.9,Overcrowded,High,506,0,Barrack-04 (General),100,157,157.0,True,0.72,Male,35,Sec 115(2) BNS / 323 IPC,Voluntarily Causing Hurt (Assault),True,12.0,False,False,1,2024-10-30,0,661,1/3_first_timer,122.0,Eligible,DLSA-MH-MUM,PBL-MH-044,Adv. Priyanka S. Raut,2025-12-27,Assigned,Released_On_Bail,2026-07-17,2026-09-24,2026-06-22,2026-06-24,2.0,"Local Surety Bond ₹10,000",False,Executed_With_Surety,,Medium
UTP-2026-0111,MAMU01-476224-2023,PRIS-MH-01,Mumbai Central Prison (Arthur Road),Maharashtra,Mumbai City,804,1310,162.9,Overcrowded,High,506,0,Barrack-04 (General),100,160,160.0,True,0.69,Male,41,Sec 303(2) BNS / 379 IPC,Theft,True,36.0,False,False,1,2026-07-09,0,44,1/3_first_timer,365.0,Ineligible_Under_Time,DLSA-MH-MUM,PBL-MH-043,Adv. Tanmay B. Sawant,2026-07-14,Assigned,Pending_Trial,2026-08-18,2026-08-27,,,,,False,Not_Applicable,,Low
UTP-2026-0112,MAMU01-245718-2026,PRIS-MH-01,Mumbai Central Prison (Arthur Road),Maharashtra,Mumbai City,804,1310,162.9,Overcrowded,High,506,0,Ward-HS (High Security),50,79,158.0,False,0.54,Male,25,Sec 103(1) BNS / 302 IPC,Murder (Life/Death Excluded from Sec 479),True,,True,False,1,2026-07-19,0,34,Not_Applicable,,Excluded_Life_Or_Death,DLSA-MH-MUM,,Private Counsel Engaged,,Private_Counsel,Rejected_High_Court,2026-08-13,2026-09-08,,,,,False,Barred_By_Statute,,High
UTP-2026-0113,MAMU01-690982-2023,PRIS-MH-01,Mumbai Central Prison (Arthur Road),Maharashtra,Mumbai City,804,1310,162.9,Overcrowded,High,506,0,Barrack-04 (General),100,168,168.0,True,0.77,Male,26,Sec 318(2) BNS / 420 IPC,Cheating & Dishonesty,True,36.0,False,False,1,2025-10-26,0,300,1/3_first_timer,365.0,Ineligible_Under_Time,DLSA-MH-MUM,PBL-MH-044,Adv. Priyanka S. Raut,2026-01-14,Assigned,Pending_Trial,2026-08-09,2026-09-26,,,,,False,Not_Applicable,,Low
UTP-2026-0114,MAMU01-197716-2026,PRIS-MH-01,Mumbai Central Prison (Arthur Road),Maharashtra,Mumbai City,804,1310,162.9,Overcrowded,High,506,0,Barrack-04 (General),100,167,167.0,True,0.7,Male,41,Sec 318(2) BNS / 420 IPC,Cheating & Dishonesty,True,36.0,False,False,1,2026-06-13,0,70,1/3_first_timer,365.0,Ineligible_Under_Time,DLSA-MH-MUM,,Private Counsel Engaged,,Private_Counsel,Not_Applied,2026-07-18,2026-09-21,,,,,False,Not_Applicable,Chronic Diabetes (Level 1 Dispensary),Low
UTP-2026-0115,MAMU01-493247-2024,PRIS-MH-01,Mumbai Central Prison (Arthur Road),Maharashtra,Mumbai City,804,1310,162.9,Overcrowded,High,506,0,Barrack-04 (General),100,165,165.0,True,0.73,Male,31,Sec 318(2) BNS / 420 IPC,Cheating & Dishonesty,True,36.0,False,False,1,2026-03-11,0,164,1/3_first_timer,365.0,Ineligible_Under_Time,DLSA-MH-MUM,PBL-MH-043,Adv. Tanmay B. Sawant,2026-05-03,Assigned,Hearing_Scheduled,2026-08-07,2026-09-20,,,,,False,Not_Applicable,,Low
UTP-2026-0116,MAMU01-105547-2023,PRIS-MH-01,Mumbai Central Prison (Arthur Road),Maharashtra,Mumbai City,804,1310,162.9,Overcrowded,High,506,0,Barrack-04 (General),100,168,168.0,True,0.69,Male,40,Sec 303(2) BNS / 379 IPC,Theft,True,36.0,False,False,1,2026-07-05,15,33,1/3_first_timer,365.0,Ineligible_Under_Time,DLSA-MH-MUM,,,,Unassigned,Pending_Trial,2026-07-26,2026-09-27,,,,,False,Not_Applicable,Severe Cardiac / Requires Level 3 Hospital Care,Low
UTP-2026-0117,MAMU01-116112-2023,PRIS-MH-01,Mumbai Central Prison (Arthur Road),Maharashtra,Mumbai City,804,1310,162.9,Overcrowded,High,506,0,Barrack-04 (General),100,167,167.0,True,0.77,Male,24,Sec 309(4) BNS / 392 IPC,Robbery,True,120.0,False,False,1,2025-09-27,0,329,1/3_first_timer,1217.0,Ineligible_Under_Time,DLSA-MH-MUM,PBL-MH-042,Adv. Ramesh V. Kulkarni,2026-04-18,Assigned,Pending_Hearing,2026-07-26,2026-09-30,,,,,False,Not_Applicable,,Low
UTP-2026-0118,MAMU01-370343-2023,PRIS-MH-01,Mumbai Central Prison (Arthur Road),Maharashtra,Mumbai City,804,1310,162.9,Overcrowded,High,506,0,Barrack-04 (General),100,159,159.0,True,0.75,Male,41,Sec 189(2) BNS / 147 IPC,Rioting / Unlawful Assembly,False,24.0,False,False,4,2025-12-27,0,238,1/3_first_timer,243.0,Blocked_Multiple_FIRs,DLSA-MH-MUM,PBL-MH-044,Adv. Priyanka S. Raut,2026-01-11,Assigned,Pending_Hearing,2026-08-04,2026-09-09,,,,,False,Multi_Case_Verification_Pending,,Low
UTP-2026-0119,MAMU01-808640-2026,PRIS-MH-01,Mumbai Central Prison (Arthur Road),Maharashtra,Mumbai City,804,1310,162.9,Overcrowded,High,506,0,Barrack-04 (General),100,168,168.0,True,0.7,Male,34,Sec 303(2) BNS / 379 IPC,Theft,True,36.0,False,False,1,2026-06-07,0,76,1/3_first_timer,365.0,Ineligible_Under_Time,DLSA-MH-MUM,PBL-MH-044,Adv. Priyanka S. Raut,2026-07-08,Assigned,Pending_Trial,2026-07-20,2026-09-05,,,,,False,Not_Applicable,Hypertension (Level 1),Low
UTP-2026-0120,MAMU01-372315-2024,PRIS-MH-01,Mumbai Central Prison (Arthur Road),Maharashtra,Mumbai City,804,1310,162.9,Overcrowded,High,506,0,Barrack-04 (General),100,163,163.0,True,0.76,Male,24,Sec 305 BNS / 380 IPC,Theft in Dwelling House / Burglary,True,84.0,False,False,1,2025-11-22,0,273,1/3_first_timer,852.0,Ineligible_Under_Time,DLSA-MH-MUM,PBL-MH-043,Adv. Tanmay B. Sawant,2026-01-06,Assigned,Hearing_Scheduled,2026-07-26,2026-09-11,,,,,False,Not_Applicable,,Low
UTP-2026-0121,DEWE01-414608-2025,PRIS-DL-01,Tihar Central Prison No. 4,Delhi,West Delhi,740,1485,200.7,Overcrowded,Critical,745,0,Barrack-04 (General),100,206,206.0,True,0.68,Male,39,Sec 115(2) BNS / 323 IPC,Voluntarily Causing Hurt (Assault),True,12.0,False,False,1,2026-07-06,0,47,1/3_first_timer,122.0,Ineligible_Under_Time,DLSA-DL-WEST,PBL-DL-102,Adv. Meenakshi Lekhi,2026-07-20,Assigned,Pending_Trial,2026-07-16,2026-09-29,,,,,False,Not_Applicable,,Low
UTP-2026-0122,DEWE01-453777-2026,PRIS-DL-01,Tihar Central Prison No. 4,Delhi,West Delhi,740,1485,200.7,Overcrowded,Critical,745,0,Barrack-04 (General),100,207,207.0,True,0.68,Male,26,Sec 189(2) BNS / 147 IPC,Rioting / Unlawful Assembly,False,24.0,False,False,1,2026-07-09,0,44,1/3_first_timer,243.0,Ineligible_Under_Time,DLSA-DL-WEST,PBL-DL-102,Adv. Meenakshi Lekhi,2026-07-26,Assigned,Hearing_Scheduled,2026-07-23,2026-09-17,,,,,False,Not_Applicable,Hypertension (Level 1),Low
UTP-2026-0123,DEWE01-424398-2024,PRIS-DL-01,Tihar Central Prison No. 4,Delhi,West Delhi,740,1485,200.7,Overcrowded,Critical,745,0,Barrack-04 (General),100,198,198.0,True,0.67,Male,21,Sec 115(2) BNS / 323 IPC,Voluntarily Causing Hurt (Assault),True,12.0,False,False,1,2026-06-01,120,1,1/3_first_timer,122.0,Ineligible_Under_Time,DLSA-DL-WEST,,,,Unassigned,Pending_Trial,2026-07-21,2026-09-23,,,,,False,Not_Applicable,Chronic Kidney Disease (Requires Dialysis / Level 3),Low
UTP-2026-0124,DEWE01-591989-2023,PRIS-DL-01,Tihar Central Prison No. 4,Delhi,West Delhi,740,1485,200.7,Overcrowded,Critical,745,0,Barrack-04 (General),100,194,194.0,True,0.69,Male,25,Sec 189(2) BNS / 147 IPC,Rioting / Unlawful Assembly,False,24.0,False,False,1,2026-06-13,0,70,1/3_first_timer,243.0,Ineligible_Under_Time,DLSA-DL-WEST,PBL-DL-101,Adv. Rohit K. Sharma,2026-07-17,Assigned,Hearing_Scheduled,2026-07-16,2026-09-21,,,,,False,Not_Applicable,,Low
UTP-2026-0125,DEWE01-660957-2023,PRIS-DL-01,Tihar Central Prison No. 4,Delhi,West Delhi,740,1485,200.7,Overcrowded,Critical,745,0,Barrack-04 (General),100,196,196.0,True,0.69,Male,38,Sec 305 BNS / 380 IPC,Theft in Dwelling House / Burglary,True,84.0,False,False,1,2026-06-12,0,71,1/3_first_timer,852.0,Ineligible_Under_Time,DLSA-DL-WEST,PBL-DL-102,Adv. Meenakshi Lekhi,2026-07-17,Assigned,Pending_Trial,2026-08-01,2026-09-25,,,,,False,Not_Applicable,Chronic Diabetes (Level 1 Dispensary),Low
UTP-2026-0126,DEWE01-871041-2023,PRIS-DL-01,Tihar Central Prison No. 4,Delhi,West Delhi,740,1485,200.7,Overcrowded,Critical,745,0,Barrack-04 (General),100,200,200.0,True,0.56,Male,55,Sec 324(2) BNS / 427 IPC,Mischief Causing Damage,True,24.0,False,False,1,2026-04-13,0,131,1/3_first_timer,243.0,Ineligible_Under_Time,DLSA-DL-WEST,PBL-DL-101,Adv. Rohit K. Sharma,2026-07-11,Assigned,Not_Applied,2026-07-21,2026-09-13,,,,,False,Not_Applicable,,Medium
UTP-2026-0127,DEWE01-896456-2023,PRIS-DL-01,Tihar Central Prison No. 4,Delhi,West Delhi,740,1485,200.7,Overcrowded,Critical,745,0,Barrack-04 (General),100,206,206.0,True,0.73,Male,21,Sec 303(2) BNS / 379 IPC,Theft,True,36.0,False,False,1,2026-01-27,0,207,1/3_first_timer,365.0,Ineligible_Under_Time,DLSA-DL-WEST,PBL-DL-102,Adv. Meenakshi Lekhi,2026-04-22,Assigned,Hearing_Scheduled,2026-08-08,2026-08-26,,,,,False,Not_Applicable,,Low
UTP-2026-0128,DEWE01-576136-2023,PRIS-DL-01,Tihar Central Prison No. 4,Delhi,West Delhi,740,1485,200.7,Overcrowded,Critical,745,0,Barrack-04 (General),100,206,206.0,True,0.75,Male,38,Sec 189(2) BNS / 147 IPC,Rioting / Unlawful Assembly,False,24.0,False,False,2,2025-11-22,0,273,1/3_first_timer,243.0,Blocked_Multiple_FIRs,DLSA-DL-WEST,PBL-DL-103,Adv. Alok Verma,2026-01-15,Assigned,Verification_Required,2026-07-27,2026-09-06,,,,,False,Multi_Case_Verification_Pending,Tuberculosis (Isolation / Level 2 Inpatient),Low
UTP-2026-0129,DEWE01-835381-2025,PRIS-DL-01,Tihar Central Prison No. 4,Delhi,West Delhi,740,1485,200.7,Overcrowded,Critical,745,0,Barrack-04 (General),100,193,193.0,True,0.68,Male,41,Sec 115(2) BNS / 323 IPC,Voluntarily Causing Hurt (Assault),True,12.0,False,False,1,2026-07-12,0,41,1/3_first_timer,122.0,Ineligible_Under_Time,DLSA-DL-WEST,PBL-DL-103,Adv. Alok Verma,2026-08-09,Assigned,Hearing_Scheduled,2026-07-28,2026-09-29,,,,,False,Not_Applicable,,Low
UTP-2026-0130,DEWE01-903506-2025,PRIS-DL-01,Tihar Central Prison No. 4,Delhi,West Delhi,740,1485,200.7,Overcrowded,Critical,745,0,Barrack-04 (General),100,201,201.0,True,0.68,Male,57,Sec 318(2) BNS / 420 IPC,Cheating & Dishonesty,False,36.0,False,False,1,2026-07-15,0,38,1/3_first_timer,365.0,Ineligible_Under_Time,DLSA-DL-WEST,PBL-DL-103,Adv. Alok Verma,2026-07-29,Assigned,Pending_Trial,2026-07-29,2026-09-14,,,,,False,Not_Applicable,,Low
UTP-2026-0131,DEWE01-414922-2024,PRIS-DL-01,Tihar Central Prison No. 4,Delhi,West Delhi,740,1485,200.7,Overcrowded,Critical,745,0,Ward-F (Female Barrack),60,120,200.0,True,0.88,Female,39,Sec 324(2) BNS / 427 IPC,Mischief Causing Damage,True,24.0,False,False,1,2024-09-03,0,718,1/3_first_timer,243.0,Eligible,DLSA-DL-WEST,PBL-DL-103,Adv. Alok Verma,2026-07-04,Assigned,Released_On_Personal_Bond,2026-08-14,2026-08-27,2026-07-16,2026-07-19,3.0,Personal Recognizance Bond,False,Order_Modified_And_Executed,,Low
UTP-2026-0132,DEWE01-956835-2026,PRIS-DL-01,Tihar Central Prison No. 4,Delhi,West Delhi,740,1485,200.7,Overcrowded,Critical,745,0,Barrack-04 (General),100,196,196.0,True,0.88,Male,20,Sec 117(2) BNS / 325 IPC,Voluntarily Causing Grievous Hurt,False,84.0,False,False,1,2024-09-22,0,699,1/3_first_timer,852.0,Ineligible_Under_Time,DLSA-DL-WEST,PBL-DL-101,Adv. Rohit K. Sharma,2026-05-26,Assigned,Pending_Trial,2026-07-18,2026-08-27,,,,,False,Not_Applicable,Chronic Kidney Disease (Requires Dialysis / Level 3),Low
UTP-2026-0133,DEWE01-236708-2024,PRIS-DL-01,Tihar Central Prison No. 4,Delhi,West Delhi,740,1485,200.7,Overcrowded,Critical,745,0,Barrack-04 (General),100,195,195.0,True,0.74,Male,20,Sec 316(2) BNS / 406 IPC,Criminal Breach of Trust,False,36.0,False,False,1,2026-01-04,0,230,1/3_first_timer,365.0,Ineligible_Under_Time,DLSA-DL-WEST,PBL-DL-102,Adv. Meenakshi Lekhi,2026-01-26,Assigned,Pending_Hearing,2026-07-24,2026-09-14,,,,,False,Not_Applicable,,Low
UTP-2026-0134,DEWE01-157187-2024,PRIS-DL-01,Tihar Central Prison No. 4,Delhi,West Delhi,740,1485,200.7,Overcrowded,Critical,745,0,Barrack-04 (General),100,198,198.0,True,0.68,Male,25,Sec 189(2) BNS / 147 IPC,Rioting / Unlawful Assembly,True,24.0,False,False,2,2026-07-24,0,29,1/3_first_timer,243.0,Blocked_Multiple_FIRs,DLSA-DL-WEST,PBL-DL-101,Adv. Rohit K. Sharma,2026-08-06,Assigned,Pending_Hearing,2026-07-17,2026-09-27,,,,,False,Multi_Case_Verification_Pending,Chronic Kidney Disease (Requires Dialysis / Level 3),Low
UTP-2026-0135,DEWE01-780956-2026,PRIS-DL-01,Tihar Central Prison No. 4,Delhi,West Delhi,740,1485,200.7,Overcrowded,Critical,745,0,Barrack-04 (General),100,208,208.0,True,0.83,Male,40,sec 189(2) bns / 147 ipc,Rioting / Unlawful Assembly,True,24.0,False,False,1,2025-03-14,0,526,1/3_first_timer,243.0,Eligible,DLSA-DL-WEST,,Private Counsel Engaged,,Private_Counsel,Pending_Hearing,2026-08-08,2026-09-26,,,,,False,Pre_Draft_Generated,,Low
UTP-2026-0136,DEWE01-458388-2026,PRIS-DL-01,Tihar Central Prison No. 4,Delhi,West Delhi,740,1485,200.7,Overcrowded,Critical,745,0,Ward-HS (High Security),50,99,198.0,False,0.81,Male,60,Sec 103(1) BNS / 302 IPC,Murder (Life/Death Excluded from Sec 479),True,,True,True,1,2024-01-03,0,962,Not_Applicable,,Excluded_Life_Or_Death,DLSA-DL-WEST,,Private Counsel Engaged,,Private_Counsel,Rejected_High_Court,2026-08-01,2026-09-15,,,,,False,Barred_By_Statute,Chronic Kidney Disease (Requires Dialysis / Level 3),High
UTP-2026-0137,DEWE01-130915-2025,PRIS-DL-01,Tihar Central Prison No. 4,Delhi,West Delhi,740,1485,200.7,Overcrowded,Critical,745,0,Barrack-04 (General),100,201,201.0,True,0.88,Male,35,Sec 189(2) BNS / 147 IPC,Rioting / Unlawful Assembly,False,24.0,False,False,1,2024-09-30,0,691,1/3_first_timer,243.0,Eligible,DLSA-DL-WEST,PBL-DL-101,Adv. Rohit K. Sharma,2026-08-06,Assigned,Released_On_Personal_Bond,2026-07-12,2026-09-11,2026-07-04,2026-07-07,3.0,Personal Recognizance Bond,False,Order_Modified_And_Executed,,Low
UTP-2026-0138,DEWE01-878427-2024,PRIS-DL-01,Tihar Central Prison No. 4,Delhi,West Delhi,740,1485,200.7,Overcrowded,Critical,745,0,Barrack-04 (General),100,204,204.0,True,0.82,Male,31,Sec 305 BNS / 380 IPC,Theft in Dwelling House / Burglary,True,84.0,False,True,2,2023-04-09,0,1231,1/2_repeat_offender,1277.0,Blocked_Multiple_FIRs,DLSA-DL-WEST,PBL-DL-101,Adv. Rohit K. Sharma,2026-03-10,Assigned,Pending_Hearing,2026-07-27,2026-09-14,,,,,False,Multi_Case_Verification_Pending,Severe Cardiac / Requires Level 3 Hospital Care,Medium
UTP-2026-0139,DEWE01-583757-2024,PRIS-DL-01,Tihar Central Prison No. 4,Delhi,West Delhi,740,1485,200.7,Overcrowded,Critical,745,0,Barrack-04 (General),100,199,199.0,True,0.58,Male,23,Sec 305 BNS / 380 IPC,Theft in Dwelling House / Burglary,False,84.0,False,False,2,2026-01-18,0,216,1/3_first_timer,852.0,Blocked_Multiple_FIRs,DLSA-DL-WEST,,Private Counsel Engaged,,Private_Counsel,Bail_Pending,2026-07-19,2026-09-01,,,,,False,Multi_Case_Verification_Pending,Severe Cardiac / Requires Level 3 Hospital Care,Medium
UTP-2026-0140,DEWE01-636521-2024,PRIS-DL-01,Tihar Central Prison No. 4,Delhi,West Delhi,740,1485,200.7,Overcrowded,Critical,745,0,Barrack-04 (General),100,208,208.0,True,0.69,Male,24,Sec 309(4) BNS / 392 IPC,Robbery,False,120.0,False,False,1,2026-06-26,0,57,1/3_first_timer,1217.0,Ineligible_Under_Time,DLSA-DL-WEST,PBL-DL-101,Adv. Rohit K. Sharma,2026-06-28,Assigned,Pending_Trial,2026-08-17,2026-09-20,,,,,False,Not_Applicable,,Low
UTP-2026-0141,DEWE01-106892-2024,PRIS-DL-01,Tihar Central Prison No. 4,Delhi,West Delhi,740,1485,200.7,Overcrowded,Critical,745,0,Barrack-04 (General),100,208,208.0,True,0.62,Male,38,Sec 316(2) BNS / 406 IPC,Criminal Breach of Trust,True,36.0,False,False,1,2025-07-28,45,345,1/3_first_timer,365.0,Approaching_Threshold_20d,DLSA-DL-WEST,,Private Counsel Engaged,,Private_Counsel,Pending_Trial,2026-08-18,2026-09-30,,,,,False,Not_Applicable,,Medium
UTP-2026-0142,DEWE01-387748-2025,PRIS-DL-01,Tihar Central Prison No. 4,Delhi,West Delhi,740,1485,200.7,Overcrowded,Critical,745,0,Barrack-04 (General),100,197,197.0,True,0.58,Male,36,Sec 303(2) BNS / 379 IPC,Theft,False,36.0,False,False,1,2026-01-27,0,207,1/3_first_timer,365.0,Ineligible_Under_Time,DLSA-DL-WEST,PBL-DL-103,Adv. Alok Verma,2026-02-17,Assigned,Hearing_Scheduled,2026-07-13,2026-09-12,,,,,False,Not_Applicable,Severe Cardiac / Requires Level 3 Hospital Care,Medium
UTP-2026-0143,DEWE01-534773-2026,PRIS-DL-01,Tihar Central Prison No. 4,Delhi,West Delhi,740,1485,200.7,Overcrowded,Critical,745,0,Barrack-04 (General),100,201,201.0,True,0.72,Male,40,Sec 303(2) BNS / 379 IPC,Theft,True,36.0,False,False,1,2026-02-21,0,182,1/3_first_timer,365.0,Ineligible_Under_Time,DLSA-DL-WEST,PBL-DL-102,Adv. Meenakshi Lekhi,2026-04-05,Assigned,Pending_Hearing,2026-07-16,2026-09-14,,,,,False,Not_Applicable,,Low
UTP-2026-0144,DEWE01-878656-2023,PRIS-DL-01,Tihar Central Prison No. 4,Delhi,West Delhi,740,1485,200.7,Overcrowded,Critical,745,0,Barrack-04 (General),100,198,198.0,True,0.57,Male,37,Sec 117(2) BNS / 325 IPC,Voluntarily Causing Grievous Hurt,True,84.0,False,False,1,2026-02-19,0,184,1/3_first_timer,852.0,Ineligible_Under_Time,DLSA-DL-WEST,PBL-DL-102,Adv. Meenakshi Lekhi,2026-07-27,Assigned,Pending_Hearing,2026-08-11,2026-09-11,,,,,False,Not_Applicable,,Medium
UTP-2026-0145,DEWE01-915572-2024,PRIS-DL-01,Tihar Central Prison No. 4,Delhi,West Delhi,740,1485,200.7,Overcrowded,Critical,745,0,Barrack-04 (General),100,197,197.0,True,0.76,Male,22,Sec 303(2) BNS / 379 IPC,Theft,True,36.0,False,False,1,2025-10-18,0,308,1/3_first_timer,365.0,Ineligible_Under_Time,DLSA-DL-WEST,PBL-DL-102,Adv. Meenakshi Lekhi,2026-01-26,Assigned,Pending_Hearing,2026-07-31,2026-09-03,,,,,False,Not_Applicable,Chronic Kidney Disease (Requires Dialysis / Level 3),Low
UTP-2026-0146,DEWE01-436467-2024,PRIS-DL-01,Tihar Central Prison No. 4,Delhi,West Delhi,740,1485,200.7,Overcrowded,Critical,745,0,Barrack-04 (General),100,193,193.0,True,0.87,Male,24,Sec 305 BNS / 380 IPC,Theft in Dwelling House / Burglary,True,84.0,False,False,1,2024-09-13,45,663,1/3_first_timer,852.0,Ineligible_Under_Time,DLSA-DL-WEST,,,,Unassigned,Pending_Hearing,2026-07-16,2026-09-26,,,,,False,Not_Applicable,,Low
UTP-2026-0147,DEWE01-721549-2026,PRIS-DL-01,Tihar Central Prison No. 4,Delhi,West Delhi,740,1485,200.7,Overcrowded,Critical,745,0,Barrack-04 (General),100,202,202.0,True,0.84,Male,20,Sec 309(4) BNS / 392 IPC,Robbery,True,120.0,False,False,2,2024-09-13,150,558,1/3_first_timer,1217.0,Blocked_Multiple_FIRs,DLSA-DL-WEST,PBL-DL-101,Adv. Rohit K. Sharma,2026-01-16,Assigned,Pending_Hearing,2026-07-22,2026-08-31,,,,,False,Multi_Case_Verification_Pending,,Low
UTP-2026-0148,DEWE01-465549-2024,PRIS-DL-01,Tihar Central Prison No. 4,Delhi,West Delhi,740,1485,200.7,Overcrowded,Critical,745,0,Barrack-04 (General),100,201,201.0,True,0.69,Male,23,Sec 189(2) BNS / 147 IPC,Rioting / Unlawful Assembly,True,24.0,False,False,1,2026-05-28,0,86,1/3_first_timer,243.0,Ineligible_Under_Time,DLSA-DL-WEST,PBL-DL-102,Adv. Meenakshi Lekhi,2026-07-13,Assigned,Not_Applied,2026-07-12,2026-09-09,,,,,False,Not_Applicable,Chronic Diabetes (Level 1 Dispensary),Low
UTP-2026-0149,DEWE01-727320-2023,PRIS-DL-01,Tihar Central Prison No. 4,Delhi,West Delhi,740,1485,200.7,Overcrowded,Critical,745,0,Barrack-04 (General),100,193,193.0,True,0.68,Male,23,Sec 305 BNS / 380 IPC,Theft in Dwelling House / Burglary,False,84.0,False,False,1,2026-07-11,0,42,1/3_first_timer,852.0,Ineligible_Under_Time,DLSA-DL-WEST,PBL-DL-101,Adv. Rohit K. Sharma,2026-08-03,Assigned,Hearing_Scheduled,2026-07-09,2026-09-03,,,,,False,Not_Applicable,Chronic Kidney Disease (Requires Dialysis / Level 3),Low
UTP-2026-0150,DEWE01-837520-2025,PRIS-DL-01,Tihar Central Prison No. 4,Delhi,West Delhi,740,1485,200.7,Overcrowded,Critical,745,0,Barrack-04 (General),100,197,197.0,True,0.69,Male,23,Sec 318(2) BNS / 420 IPC,Cheating & Dishonesty,True,36.0,False,False,2,2026-06-18,0,65,1/3_first_timer,365.0,Blocked_Multiple_FIRs,DLSA-DL-WEST,PBL-DL-101,Adv. Rohit K. Sharma,2026-07-01,Assigned,Bail_Pending,2026-08-09,2026-09-24,,,,,False,Multi_Case_Verification_Pending,,Low
UTP-2026-0151,DEWE01-753523-2024,PRIS-DL-01,Tihar Central Prison No. 4,Delhi,West Delhi,740,1485,200.7,Overcrowded,Critical,745,0,Barrack-04 (General),100,207,207.0,True,0.56,Male,41,Sec 115(2) BNS / 323 IPC,Voluntarily Causing Hurt (Assault),False,12.0,False,False,1,2026-04-09,0,135,1/3_first_timer,122.0,Eligible,DLSA-DL-WEST,,Private Counsel Engaged,,Private_Counsel,Released_On_Bail,2026-07-20,2026-09-09,2026-06-16,2026-06-19,3.0,"Local Surety Bond ₹10,000",False,Executed_With_Surety,,Medium
UTP-2026-0152,DEWE01-155337-2025,PRIS-DL-01,Tihar Central Prison No. 4,Delhi,West Delhi,740,1485,200.7,Overcrowded,Critical,745,0,Barrack-04 (General),100,197,197.0,True,0.71,Male,24,Sec 117(2) BNS / 325 IPC,Voluntarily Causing Grievous Hurt,True,84.0,False,False,1,2026-04-12,0,132,1/3_first_timer,852.0,Ineligible_Under_Time,DLSA-DL-WEST,PBL-DL-101,Adv. Rohit K. Sharma,2026-05-16,Assigned,Pending_Trial,2026-07-13,2026-09-13,,,,,False,Not_Applicable,,Low
UTP-2026-0153,DEWE01-568349-2025,PRIS-DL-01,Tihar Central Prison No. 4,Delhi,West Delhi,740,1485,200.7,Overcrowded,Critical,745,0,Barrack-04 (General),100,195,195.0,True,0.76,Male,21,Sec 318(2) BNS / 420 IPC,Cheating & Dishonesty,True,36.0,False,False,1,2025-10-11,0,315,1/3_first_timer,365.0,Ineligible_Under_Time,DLSA-DL-WEST,,Private Counsel Engaged,,Private_Counsel,Hearing_Scheduled,2026-08-11,2026-09-03,,,,,False,Not_Applicable,Hypertension (Level 1),Low
UTP-2026-0154,DEWE01-656208-2026,PRIS-DL-01,Tihar Central Prison No. 4,Delhi,West Delhi,740,1485,200.7,Overcrowded,Critical,745,0,Barrack-04 (General),100,201,201.0,True,0.56,Male,25,Sec 309(4) BNS / 392 IPC,Robbery,True,120.0,False,False,1,2026-04-14,0,130,1/3_first_timer,1217.0,Ineligible_Under_Time,DLSA-DL-WEST,,Private Counsel Engaged,,Private_Counsel,Hearing_Scheduled,2026-07-17,2026-09-16,,,,,False,Not_Applicable,Severe Cardiac / Requires Level 3 Hospital Care,Medium
UTP-2026-0155,DEWE01-567604-2025,PRIS-DL-01,Tihar Central Prison No. 4,Delhi,West Delhi,740,1485,200.7,Overcrowded,Critical,745,0,Barrack-04 (General),100,208,208.0,True,0.68,Male,31,Sec 303(2) BNS / 379 IPC,Theft,True,36.0,False,False,1,2026-07-27,0,26,1/3_first_timer,365.0,Ineligible_Under_Time,DLSA-DL-WEST,PBL-DL-103,Adv. Alok Verma,2026-08-09,Assigned,Not_Applied,2026-08-13,2026-08-30,,,,,False,Not_Applicable,Hypertension (Level 1),Low
UTP-2026-0156,DEWE01-952283-2025,PRIS-DL-01,Tihar Central Prison No. 4,Delhi,West Delhi,740,1485,200.7,Overcrowded,Critical,745,0,Barrack-04 (General),100,197,197.0,True,0.97,Male,37,Sec 305 BNS / 380 IPC,Theft in Dwelling House / Burglary,True,84.0,False,False,1,2023-07-17,0,1132,1/3_first_timer,852.0,Eligible,DLSA-DL-WEST,PBL-DL-101,Adv. Rohit K. Sharma,2026-03-08,Assigned,Pending_Hearing,2026-07-10,2026-08-31,,,,,False,Pre_Draft_Generated,,Low
UTP-2026-0157,DEWE01-863119-2023,PRIS-DL-01,Tihar Central Prison No. 4,Delhi,West Delhi,740,1485,200.7,Overcrowded,Critical,745,0,Barrack-04 (General),100,203,203.0,True,0.7,Male,41,Sec 316(2) BNS / 406 IPC,Criminal Breach of Trust,True,36.0,False,True,3,2024-12-19,0,611,1/2_repeat_offender,547.0,Blocked_Multiple_FIRs,DLSA-DL-WEST,PBL-DL-102,Adv. Meenakshi Lekhi,2026-05-02,Assigned,Pending_Hearing,2026-08-17,2026-08-30,,,,,False,Multi_Case_Verification_Pending,Chronic Kidney Disease (Requires Dialysis / Level 3),Medium
UTP-2026-0158,DEWE01-721748-2024,PRIS-DL-01,Tihar Central Prison No. 4,Delhi,West Delhi,740,1485,200.7,Overcrowded,Critical,745,0,Barrack-04 (General),100,205,205.0,True,0.76,Male,34,Sec 303(2) BNS / 379 IPC,Theft,False,36.0,False,False,1,2025-10-19,0,307,1/3_first_timer,365.0,Ineligible_Under_Time,DLSA-DL-WEST,,,,Unassigned,Pending_Hearing,2026-08-18,2026-09-15,,,,,False,Not_Applicable,,Low
UTP-2026-0159,DEWE01-422266-2023,PRIS-DL-01,Tihar Central Prison No. 4,Delhi,West Delhi,740,1485,200.7,Overcrowded,Critical,745,0,Barrack-04 (General),100,196,196.0,True,0.53,Male,34,Sec 303(2) BNS / 379 IPC,Theft,False,36.0,False,False,2,2026-07-25,0,28,1/3_first_timer,365.0,Blocked_Multiple_FIRs,DLSA-DL-WEST,PBL-DL-101,Adv. Rohit K. Sharma,2026-07-30,Assigned,Pending_Hearing,2026-07-30,2026-09-19,,,,,False,Multi_Case_Verification_Pending,,Medium
UTP-2026-0160,DEWE01-494401-2024,PRIS-DL-01,Tihar Central Prison No. 4,Delhi,West Delhi,740,1485,200.7,Overcrowded,Critical,745,0,Barrack-04 (General),100,204,204.0,True,0.68,Male,34,Sec 117(2) BNS / 325 IPC,Voluntarily Causing Grievous Hurt,True,84.0,False,False,1,2026-07-27,0,26,1/3_first_timer,852.0,Ineligible_Under_Time,DLSA-DL-WEST,PBL-DL-102,Adv. Meenakshi Lekhi,2026-08-08,Assigned,Pending_Trial,2026-08-07,2026-09-03,,,,,False,Not_Applicable,Chronic Kidney Disease (Requires Dialysis / Level 3),Low
UTP-2026-0161,DEWE01-632195-2024,PRIS-DL-01,Tihar Central Prison No. 4,Delhi,West Delhi,740,1485,200.7,Overcrowded,Critical,745,0,Barrack-04 (General),100,199,199.0,True,0.67,Male,58,Sec 189(2) BNS / 147 IPC,Rioting / Unlawful Assembly,False,24.0,False,False,1,2026-07-14,150,1,1/3_first_timer,243.0,Ineligible_Under_Time,DLSA-DL-WEST,PBL-DL-101,Adv. Rohit K. Sharma,2026-08-07,Assigned,Pending_Hearing,2026-07-09,2026-08-27,,,,,False,Not_Applicable,Tuberculosis (Isolation / Level 2 Inpatient),Low
UTP-2026-0162,DEWE01-341238-2023,PRIS-DL-01,Tihar Central Prison No. 4,Delhi,West Delhi,740,1485,200.7,Overcrowded,Critical,745,0,Barrack-04 (General),100,203,203.0,True,0.7,Male,38,Sec 117(2) BNS / 325 IPC,Voluntarily Causing Grievous Hurt,True,84.0,False,False,1,2026-04-29,0,115,1/3_first_timer,852.0,Ineligible_Under_Time,DLSA-DL-WEST,PBL-DL-102,Adv. Meenakshi Lekhi,2026-07-25,Assigned,Not_Applied,2026-08-07,2026-09-23,,,,,False,Not_Applicable,Hypertension (Level 1),Low
UTP-2026-0163,DEWE01-679606-2024,PRIS-DL-01,Tihar Central Prison No. 4,Delhi,West Delhi,740,1485,200.7,Overcrowded,Critical,745,0,Barrack-04 (General),100,203,203.0,True,0.95,Male,40,Sec 115(2) BNS / 323 IPC,Voluntarily Causing Hurt (Assault),True,12.0,False,False,1,2024-01-14,0,951,1/3_first_timer,122.0,Eligible,DLSA-DL-WEST,PBL-DL-103,Adv. Alok Verma,2026-01-01,Assigned,Bail Granted,2026-08-05,2026-09-09,2026-07-31,,22.0,"Cash Surety ₹25,000",True,Order_Modified_Awaiting_Warrant,,Low
UTP-2026-0164,DEWE01-269662-2026,PRIS-DL-01,Tihar Central Prison No. 4,Delhi,West Delhi,740,1485,200.7,Overcrowded,Critical,745,0,Barrack-04 (General),100,201,201.0,True,0.69,Male,26,Sec 303(2) BNS / 379 IPC,Theft,True,36.0,False,False,1,2026-06-17,0,66,1/3_first_timer,365.0,Ineligible_Under_Time,DLSA-DL-WEST,PBL-DL-101,Adv. Rohit K. Sharma,2026-06-18,Assigned,Hearing_Scheduled,2026-07-11,2026-08-29,,,,,False,Not_Applicable,,Low
UTP-2026-0165,DEWE01-839113-2023,PRIS-DL-01,Tihar Central Prison No. 4,Delhi,West Delhi,740,1485,200.7,Overcrowded,Critical,745,0,Barrack-04 (General),100,194,194.0,True,0.62,Male,19,Sec 309(4) BNS / 392 IPC,Robbery,True,120.0,False,True,1,2025-09-10,0,346,1/2_repeat_offender,1825.0,Ineligible_Under_Time,DLSA-DL-WEST,,,,Unassigned,Pending_Trial,2026-08-07,2026-09-08,,,,,False,Not_Applicable,,Medium
UTP-2026-0166,DEWE01-191549-2023,PRIS-DL-01,Tihar Central Prison No. 4,Delhi,West Delhi,740,1485,200.7,Overcrowded,Critical,745,0,Barrack-04 (General),100,206,206.0,True,0.91,Male,59,Sec 303(2) BNS / 379 IPC,Theft,False,36.0,False,False,1,2024-05-03,30,811,1/3_first_timer,365.0,Eligible,DLSA-DL-WEST,PBL-DL-103,Adv. Alok Verma,2026-03-05,Assigned,Bail Granted,2026-08-19,2026-09-12,2026-07-11,,42.0,"Cash Surety ₹25,000",True,Hearing_Scheduled_For_Relaxation,,Low
UTP-2026-0167,DEWE01-337798-2026,PRIS-DL-01,Tihar Central Prison No. 4,Delhi,West Delhi,740,1485,200.7,Overcrowded,Critical,745,0,Barrack-04 (General),100,198,198.0,True,0.69,Male,41,Sec 305 BNS / 380 IPC,Theft in Dwelling House / Burglary,True,84.0,False,False,1,2026-06-23,0,60,1/3_first_timer,852.0,Ineligible_Under_Time,DLSA-DL-WEST,PBL-DL-103,Adv. Alok Verma,2026-07-25,Assigned,Not_Applied,2026-08-09,2026-09-05,,,,,False,Not_Applicable,,Low
UTP-2026-0168,DEWE01-435772-2024,PRIS-DL-01,Tihar Central Prison No. 4,Delhi,West Delhi,740,1485,200.7,Overcrowded,Critical,745,0,Barrack-04 (General),100,196,196.0,True,0.77,Male,26,Sec 117(2) BNS / 325 IPC,Voluntarily Causing Grievous Hurt,True,84.0,False,False,1,2025-09-11,0,345,1/3_first_timer,852.0,Ineligible_Under_Time,DLSA-DL-WEST,,,,Unassigned,Hearing_Scheduled,2026-07-15,2026-09-03,,,,,False,Not_Applicable,,Low
UTP-2026-0169,DEWE01-809952-2023,PRIS-DL-01,Tihar Central Prison No. 4,Delhi,West Delhi,740,1485,200.7,Overcrowded,Critical,745,0,Barrack-04 (General),100,193,193.0,True,0.73,Male,35,Sec 303(2) BNS / 379 IPC,Theft,False,36.0,False,True,1,2026-02-09,0,194,1/2_repeat_offender,547.0,Ineligible_Under_Time,DLSA-DL-WEST,PBL-DL-102,Adv. Meenakshi Lekhi,2026-05-06,Assigned,Pending_Trial,2026-07-28,2026-08-25,,,,,False,Not_Applicable,,Low
UTP-2026-0170,DEWE01-719371-2026,PRIS-DL-01,Tihar Central Prison No. 4,Delhi,West Delhi,740,1485,200.7,Overcrowded,Critical,745,0,Barrack-04 (General),100,202,202.0,True,0.53,Male,25,Sec 324(2) BNS / 427 IPC,Mischief Causing Damage,True,24.0,False,True,1,2026-07-16,0,37,1/2_repeat_offender,365.0,Ineligible_Under_Time,DLSA-DL-WEST,PBL-DL-101,Adv. Rohit K. Sharma,2026-07-17,Assigned,Hearing_Scheduled,2026-07-27,2026-09-12,,,,,False,Not_Applicable,,Medium
UTP-2026-0171,DEWE01-169966-2025,PRIS-DL-01,Tihar Central Prison No. 4,Delhi,West Delhi,740,1485,200.7,Overcrowded,Critical,745,0,Barrack-04 (General),100,204,204.0,True,0.76,Male,32,Sec 117(2) BNS / 325 IPC,Voluntarily Causing Grievous Hurt,False,84.0,False,False,2,2025-10-25,0,301,1/3_first_timer,852.0,Blocked_Multiple_FIRs,DLSA-DL-WEST,PBL-DL-101,Adv. Rohit K. Sharma,2026-01-08,Assigned,Verification_Required,2026-08-04,2026-09-04,,,,,False,Multi_Case_Verification_Pending,,Low
UTP-2026-0172,DEWE01-966985-2025,PRIS-DL-01,Tihar Central Prison No. 4,Delhi,West Delhi,740,1485,200.7,Overcrowded,Critical,745,0,Barrack-04 (General),100,193,193.0,True,0.69,Male,25,Sec 318(2) BNS / 420 IPC,Cheating & Dishonesty,True,36.0,False,False,1,2026-05-25,30,59,1/3_first_timer,365.0,Ineligible_Under_Time,DLSA-DL-WEST,PBL-DL-102,Adv. Meenakshi Lekhi,2026-06-21,Assigned,Pending_Hearing,2026-07-30,2026-09-04,,,,,False,Not_Applicable,,Low
UTP-2026-0173,DEWE01-130156-2023,PRIS-DL-01,Tihar Central Prison No. 4,Delhi,West Delhi,740,1485,200.7,Overcrowded,Critical,745,0,Barrack-04 (General),100,201,201.0,True,0.74,Male,41,Sec 305 BNS / 380 IPC,Theft in Dwelling House / Burglary,True,84.0,False,True,1,2025-12-07,15,243,1/2_repeat_offender,1277.0,Ineligible_Under_Time,DLSA-DL-WEST,PBL-DL-101,Adv. Rohit K. Sharma,2026-07-24,Assigned,Hearing_Scheduled,2026-08-19,2026-09-24,,,,,False,Not_Applicable,,Low
UTP-2026-0174,DEWE01-707913-2025,PRIS-DL-01,Tihar Central Prison No. 4,Delhi,West Delhi,740,1485,200.7,Overcrowded,Critical,745,0,Barrack-04 (General),100,196,196.0,True,0.77,Male,20,Sec 189(2) BNS / 147 IPC,Rioting / Unlawful Assembly,True,24.0,False,True,1,2025-04-21,150,338,1/2_repeat_offender,365.0,Approaching_Threshold_27d,DLSA-DL-WEST,PBL-DL-101,Adv. Rohit K. Sharma,2026-02-10,Assigned,Not_Applied,2026-08-08,2026-09-12,,,,,False,Not_Applicable,Chronic Kidney Disease (Requires Dialysis / Level 3),Low
UTP-2026-0175,DEWE01-838963-2025,PRIS-DL-01,Tihar Central Prison No. 4,Delhi,West Delhi,740,1485,200.7,Overcrowded,Critical,745,0,Barrack-04 (General),100,203,203.0,True,0.56,Male,20,Sec 303(2) BNS / 379 IPC,Theft,True,36.0,False,True,1,2026-03-27,0,148,1/2_repeat_offender,547.0,Ineligible_Under_Time,DLSA-DL-WEST,PBL-DL-103,Adv. Alok Verma,2026-04-30,Assigned,Not_Applied,2026-08-02,2026-09-21,,,,,False,Not_Applicable,,Medium
UTP-2026-0176,DEWE01-545334-2026,PRIS-DL-01,Tihar Central Prison No. 4,Delhi,West Delhi,740,1485,200.7,Overcrowded,Critical,745,0,Barrack-04 (General),100,195,195.0,True,0.77,Male,25,Sec 309(4) BNS / 392 IPC,Robbery,True,120.0,False,False,1,2025-09-12,0,344,1/3_first_timer,1217.0,Ineligible_Under_Time,DLSA-DL-WEST,,,,Unassigned,Pending_Trial,2026-07-20,2026-09-26,,,,,False,Not_Applicable,,Low
UTP-2026-0177,DEWE01-588659-2024,PRIS-DL-01,Tihar Central Prison No. 4,Delhi,West Delhi,740,1485,200.7,Overcrowded,Critical,745,0,Barrack-04 (General),100,204,204.0,True,0.69,Male,40,Sec 318(2) BNS / 420 IPC,Cheating & Dishonesty,True,36.0,False,False,1,2026-06-25,0,58,1/3_first_timer,365.0,Ineligible_Under_Time,DLSA-DL-WEST,,Private Counsel Engaged,,Private_Counsel,Pending_Hearing,2026-08-18,2026-09-21,,,,,False,Not_Applicable,Hypertension (Level 1),Low
UTP-2026-0178,DEWE01-631297-2023,PRIS-DL-01,Tihar Central Prison No. 4,Delhi,West Delhi,740,1485,200.7,Overcrowded,Critical,745,0,Barrack-04 (General),100,199,199.0,True,0.72,Male,39,Sec 316(2) BNS / 406 IPC,Criminal Breach of Trust,False,36.0,False,False,1,2026-02-27,0,176,1/3_first_timer,365.0,Ineligible_Under_Time,DLSA-DL-WEST,PBL-DL-101,Adv. Rohit K. Sharma,2026-07-11,Assigned,Pending_Hearing,2026-07-28,2026-09-16,,,,,False,Not_Applicable,Tuberculosis (Isolation / Level 2 Inpatient),Low
UTP-2026-0179,DEWE01-121393-2026,PRIS-DL-01,Tihar Central Prison No. 4,Delhi,West Delhi,740,1485,200.7,Overcrowded,Critical,745,0,Barrack-04 (General),100,208,208.0,True,0.72,Male,38,Sec 318(2) BNS / 420 IPC,Cheating & Dishonesty,True,36.0,False,False,1,2026-03-12,0,163,1/3_first_timer,365.0,Ineligible_Under_Time,DLSA-DL-WEST,PBL-DL-102,Adv. Meenakshi Lekhi,2026-04-06,Assigned,Not_Applied,2026-07-09,2026-09-15,,,,,False,Not_Applicable,Severe Cardiac / Requires Level 3 Hospital Care,Low
UTP-2026-0180,DEWE01-319927-2025,PRIS-DL-01,Tihar Central Prison No. 4,Delhi,West Delhi,740,1485,200.7,Overcrowded,Critical,745,0,Barrack-04 (General),100,195,195.0,True,0.84,Male,20,Sec 117(2) BNS / 325 IPC,Voluntarily Causing Grievous Hurt,True,84.0,False,False,1,2025-01-13,0,586,1/3_first_timer,852.0,Ineligible_Under_Time,DLSA-DL-WEST,PBL-DL-103,Adv. Alok Verma,2026-04-18,Assigned,Not_Applied,2026-07-09,2026-09-29,,,,,False,Not_Applicable,,Low
UTP-2026-0181,DEWE01-167557-2024,PRIS-DL-01,Tihar Central Prison No. 4,Delhi,West Delhi,740,1485,200.7,Overcrowded,Critical,745,0,Barrack-04 (General),100,198,198.0,True,0.52,Male,41,Sec 309(4) BNS / 392 IPC,Robbery,False,120.0,False,False,1,2026-07-08,30,15,1/3_first_timer,1217.0,Ineligible_Under_Time,DLSA-DL-WEST,,Private Counsel Engaged,,Private_Counsel,Hearing_Scheduled,2026-08-01,2026-09-23,,,,,False,Not_Applicable,Chronic Kidney Disease (Requires Dialysis / Level 3),Medium
UTP-2026-0182,DEWE01-526777-2025,PRIS-DL-01,Tihar Central Prison No. 4,Delhi,West Delhi,740,1485,200.7,Overcrowded,Critical,745,0,Barrack-04 (General),100,194,194.0,True,0.81,Male,33,Sec 115(2) BNS / 323 IPC,Voluntarily Causing Hurt (Assault),True,12.0,False,False,2,2025-04-24,0,485,1/3_first_timer,122.0,Blocked_Multiple_FIRs,DLSA-DL-WEST,PBL-DL-103,Adv. Alok Verma,2026-01-26,Assigned,Pending_Hearing,2026-07-18,2026-09-10,,,,,False,Multi_Case_Verification_Pending,,Low
UTP-2026-0183,DEWE01-815903-2024,PRIS-DL-01,Tihar Central Prison No. 4,Delhi,West Delhi,740,1485,200.7,Overcrowded,Critical,745,0,Barrack-04 (General),100,208,208.0,True,0.68,Male,26,Sec 305 BNS / 380 IPC,Theft in Dwelling House / Burglary,True,84.0,False,False,3,2026-04-07,90,47,1/3_first_timer,852.0,Blocked_Multiple_FIRs,DLSA-DL-WEST,,Private Counsel Engaged,,Private_Counsel,Verification_Required,2026-07-09,2026-08-28,,,,,False,Multi_Case_Verification_Pending,Tuberculosis (Isolation / Level 2 Inpatient),Low
UTP-2026-0184,DEWE01-526024-2023,PRIS-DL-01,Tihar Central Prison No. 4,Delhi,West Delhi,740,1485,200.7,Overcrowded,Critical,745,0,Barrack-04 (General),100,207,207.0,True,0.97,Male,58,Sec 189(2) BNS / 147 IPC,Rioting / Unlawful Assembly,True,24.0,False,False,2,2023-04-28,0,1212,1/3_first_timer,243.0,Blocked_Multiple_FIRs,DLSA-DL-WEST,PBL-DL-101,Adv. Rohit K. Sharma,2026-01-13,Assigned,Verification_Required,2026-08-10,2026-09-10,,,,,False,Multi_Case_Verification_Pending,,Low
UTP-2026-0185,DEWE01-848226-2024,PRIS-DL-01,Tihar Central Prison No. 4,Delhi,West Delhi,740,1485,200.7,Overcrowded,Critical,745,0,Ward-F (Female Barrack),60,118,196.7,True,0.55,Female,24,Sec 303(2) BNS / 379 IPC,Theft,False,36.0,False,False,1,2026-05-07,0,107,1/3_first_timer,365.0,Ineligible_Under_Time,DLSA-DL-WEST,PBL-DL-101,Adv. Rohit K. Sharma,2026-08-02,Assigned,Not_Applied,2026-07-25,2026-09-17,,,,,False,Not_Applicable,Hypertension (Level 1),Medium
UTP-2026-0186,DEWE01-556297-2026,PRIS-DL-01,Tihar Central Prison No. 4,Delhi,West Delhi,740,1485,200.7,Overcrowded,Critical,745,0,Barrack-04 (General),100,203,203.0,True,0.68,Male,26,Sec 303(2) BNS / 379 IPC,Theft,False,36.0,False,True,1,2026-07-04,0,49,1/2_repeat_offender,547.0,Ineligible_Under_Time,DLSA-DL-WEST,PBL-DL-103,Adv. Alok Verma,2026-07-30,Assigned,Hearing_Scheduled,2026-08-02,2026-09-06,,,,,False,Not_Applicable,,Low
UTP-2026-0187,DEWE01-154644-2025,PRIS-DL-01,Tihar Central Prison No. 4,Delhi,West Delhi,740,1485,200.7,Overcrowded,Critical,745,0,Barrack-04 (General),100,206,206.0,True,0.77,Male,24,Sec 303(2) BNS / 379 IPC,Theft,True,36.0,False,False,1,2025-09-05,0,351,1/3_first_timer,365.0,Approaching_Threshold_14d,DLSA-DL-WEST,PBL-DL-102,Adv. Meenakshi Lekhi,2026-04-05,Assigned,Pending_Trial,2026-07-12,2026-09-18,,,,,False,Not_Applicable,Hypertension (Level 1),Low
UTP-2026-0188,DEWE01-396668-2025,PRIS-DL-01,Tihar Central Prison No. 4,Delhi,West Delhi,740,1485,200.7,Overcrowded,Critical,745,0,Barrack-04 (General),100,202,202.0,True,0.67,Male,41,Sec 117(2) BNS / 325 IPC,Voluntarily Causing Grievous Hurt,True,84.0,False,False,1,2026-06-06,150,1,1/3_first_timer,852.0,Ineligible_Under_Time,DLSA-DL-WEST,PBL-DL-102,Adv. Meenakshi Lekhi,2026-08-06,Assigned,Pending_Hearing,2026-08-08,2026-09-03,,,,,False,Not_Applicable,,Low
UTP-2026-0189,DEWE01-690607-2024,PRIS-DL-01,Tihar Central Prison No. 4,Delhi,West Delhi,740,1485,200.7,Overcrowded,Critical,745,0,Barrack-04 (General),100,201,201.0,True,0.55,Male,25,Sec 117(2) BNS / 325 IPC,Voluntarily Causing Grievous Hurt,True,84.0,False,False,1,2026-05-15,0,99,1/3_first_timer,852.0,Ineligible_Under_Time,DLSA-DL-WEST,,Private Counsel Engaged,,Private_Counsel,Pending_Trial,2026-07-30,2026-08-26,,,,,False,Not_Applicable,Tuberculosis (Isolation / Level 2 Inpatient),Medium
UTP-2026-0190,DEWE01-867080-2024,PRIS-DL-01,Tihar Central Prison No. 4,Delhi,West Delhi,740,1485,200.7,Overcrowded,Critical,745,0,Barrack-04 (General),100,197,197.0,True,0.52,Male,58,Sec 324(2) BNS / 427 IPC,Mischief Causing Damage,True,24.0,False,False,2,2026-07-31,0,22,1/3_first_timer,243.0,Blocked_Multiple_FIRs,DLSA-DL-WEST,PBL-DL-102,Adv. Meenakshi Lekhi,2026-08-10,Assigned,Bail_Pending,2026-08-05,2026-09-19,,,,,False,Multi_Case_Verification_Pending,,Medium
UTP-2026-0191,DEWE01-194604-2026,PRIS-DL-01,Tihar Central Prison No. 4,Delhi,West Delhi,740,1485,200.7,Overcrowded,Critical,745,0,Barrack-04 (General),100,194,194.0,True,0.7,Male,23,Sec 305 BNS / 380 IPC,Theft in Dwelling House / Burglary,True,84.0,False,False,1,2026-05-19,0,95,1/3_first_timer,852.0,Ineligible_Under_Time,DLSA-DL-WEST,PBL-DL-103,Adv. Alok Verma,2026-07-24,Assigned,Pending_Hearing,2026-07-20,2026-09-27,,,,,False,Not_Applicable,,Low
UTP-2026-0192,DEWE01-714012-2023,PRIS-DL-01,Tihar Central Prison No. 4,Delhi,West Delhi,740,1485,200.7,Overcrowded,Critical,745,0,Barrack-04 (General),100,207,207.0,True,0.52,Male,25,Sec 189(2) BNS / 147 IPC,Rioting / Unlawful Assembly,True,24.0,False,True,1,2026-07-15,60,1,1/2_repeat_offender,365.0,Ineligible_Under_Time,DLSA-DL-WEST,PBL-DL-103,Adv. Alok Verma,2026-07-20,Assigned,Pending_Trial,2026-07-22,2026-09-22,,,,,False,Not_Applicable,,Medium
UTP-2026-0193,DEWE01-746703-2025,PRIS-DL-01,Tihar Central Prison No. 4,Delhi,West Delhi,740,1485,200.7,Overcrowded,Critical,745,0,Barrack-04 (General),100,207,207.0,True,0.52,Male,40,Sec 305 BNS / 380 IPC,Theft in Dwelling House / Burglary,False,84.0,False,False,1,2026-07-14,30,9,1/3_first_timer,852.0,Ineligible_Under_Time,DLSA-DL-WEST,PBL-DL-103,Adv. Alok Verma,2026-08-08,Assigned,Hearing_Scheduled,2026-07-10,2026-09-09,,,,,False,Not_Applicable,Tuberculosis (Isolation / Level 2 Inpatient),Medium
UTP-2026-0194,DEWE01-450067-2023,PRIS-DL-01,Tihar Central Prison No. 4,Delhi,West Delhi,740,1485,200.7,Overcrowded,Critical,745,0,Ward-F (Female Barrack),60,122,203.3,True,0.97,Female,22,Sec 189(2) BNS / 147 IPC,Rioting / Unlawful Assembly,True,24.0,False,False,1,2023-04-03,0,1237,1/3_first_timer,243.0,Eligible,DLSA-DL-WEST,PBL-DL-102,Adv. Meenakshi Lekhi,2026-05-02,Assigned,Released_On_Personal_Bond,2026-07-20,2026-09-26,2026-07-04,2026-07-09,5.0,Personal Recognizance Bond,False,Order_Modified_And_Executed,,Low
UTP-2026-0195,DEWE01-983390-2026,PRIS-DL-01,Tihar Central Prison No. 4,Delhi,West Delhi,740,1485,200.7,Overcrowded,Critical,745,0,Barrack-04 (General),100,198,198.0,True,0.71,Male,26,Sec 305 BNS / 380 IPC,Theft in Dwelling House / Burglary,True,84.0,False,False,1,2026-04-01,0,143,1/3_first_timer,852.0,Ineligible_Under_Time,DLSA-DL-WEST,PBL-DL-101,Adv. Rohit K. Sharma,2026-06-20,Assigned,Hearing_Scheduled,2026-08-02,2026-08-30,,,,,False,Not_Applicable,,Low
UTP-2026-0196,DEWE01-689280-2024,PRIS-DL-01,Tihar Central Prison No. 4,Delhi,West Delhi,740,1485,200.7,Overcrowded,Critical,745,0,Barrack-04 (General),100,198,198.0,True,0.7,Male,37,Sec 303(2) BNS / 379 IPC,Theft,False,36.0,False,False,1,2026-05-19,0,95,1/3_first_timer,365.0,Ineligible_Under_Time,DLSA-DL-WEST,PBL-DL-103,Adv. Alok Verma,2026-05-27,Assigned,Pending_Hearing,2026-07-09,2026-08-31,,,,,False,Not_Applicable,Chronic Diabetes (Level 1 Dispensary),Low
UTP-2026-0197,DEWE01-481405-2025,PRIS-DL-01,Tihar Central Prison No. 4,Delhi,West Delhi,740,1485,200.7,Overcrowded,Critical,745,0,Barrack-04 (General),100,204,204.0,True,0.89,Male,38,Sec 189(2) BNS / 147 IPC,Rioting / Unlawful Assembly,True,24.0,False,True,1,2024-08-16,0,736,1/2_repeat_offender,365.0,Eligible,DLSA-DL-WEST,PBL-DL-101,Adv. Rohit K. Sharma,2026-06-05,Assigned,Bail Granted,2026-07-28,2026-09-20,2026-07-30,,23.0,"Cash Surety ₹25,000",True,Order_Modified_Awaiting_Warrant,Hypertension (Level 1),Low
UTP-2026-0198,DEWE01-702466-2023,PRIS-DL-01,Tihar Central Prison No. 4,Delhi,West Delhi,740,1485,200.7,Overcrowded,Critical,745,0,Barrack-04 (General),100,207,207.0,True,0.82,Male,25,Sec 115(2) BNS / 323 IPC,Voluntarily Causing Hurt (Assault),True,12.0,False,False,2,2025-03-20,0,520,1/3_first_timer,122.0,Blocked_Multiple_FIRs,DLSA-DL-WEST,PBL-DL-103,Adv. Alok Verma,2026-03-09,Assigned,Pending_Hearing,2026-08-11,2026-09-19,,,,,False,Multi_Case_Verification_Pending,Tuberculosis (Isolation / Level 2 Inpatient),Low
UTP-2026-0199,DEWE01-267800-2023,PRIS-DL-01,Tihar Central Prison No. 4,Delhi,West Delhi,740,1485,200.7,Overcrowded,Critical,745,0,Barrack-04 (General),100,207,207.0,True,0.68,Male,24,Sec 318(2) BNS / 420 IPC,Cheating & Dishonesty,True,36.0,False,False,1,2026-06-30,0,53,1/3_first_timer,365.0,Ineligible_Under_Time,DLSA-DL-WEST,PBL-DL-102,Adv. Meenakshi Lekhi,2026-07-27,Assigned,Pending_Trial,2026-07-11,2026-09-26,,,,,False,Not_Applicable,,Low
UTP-2026-0200,DEWE01-253672-2026,PRIS-DL-01,Tihar Central Prison No. 4,Delhi,West Delhi,740,1485,200.7,Overcrowded,Critical,745,0,Barrack-04 (General),100,205,205.0,True,0.97,Male,35,Sec 117(2) BNS / 325 IPC,Voluntarily Causing Grievous Hurt,False,84.0,False,True,1,2023-04-23,120,1097,1/2_repeat_offender,1277.0,Ineligible_Under_Time,DLSA-DL-WEST,PBL-DL-103,Adv. Alok Verma,2026-01-25,Assigned,Hearing_Scheduled,2026-07-26,2026-09-10,,,,,False,Not_Applicable,Tuberculosis (Isolation / Level 2 Inpatient),Low
UTP-2026-0201,DEWE01-730823-2026,PRIS-DL-01,Tihar Central Prison No. 4,Delhi,West Delhi,740,1485,200.7,Overcrowded,Critical,745,0,Barrack-04 (General),100,203,203.0,True,0.53,Male,42,Sec 309(4) BNS / 392 IPC,Robbery,True,120.0,False,True,1,2026-07-19,0,34,1/2_repeat_offender,1825.0,Ineligible_Under_Time,DLSA-DL-WEST,PBL-DL-101,Adv. Rohit K. Sharma,2026-08-08,Assigned,Hearing_Scheduled,2026-08-11,2026-10-01,,,,,False,Not_Applicable,,Medium
UTP-2026-0202,DEWE01-898678-2026,PRIS-DL-01,Tihar Central Prison No. 4,Delhi,West Delhi,740,1485,200.7,Overcrowded,Critical,745,0,Barrack-04 (General),100,194,194.0,True,0.69,Male,34,Sec 303(2) BNS / 379 IPC,Theft,False,36.0,False,True,1,2026-06-16,0,67,1/2_repeat_offender,547.0,Ineligible_Under_Time,DLSA-DL-WEST,PBL-DL-103,Adv. Alok Verma,2026-06-17,Assigned,Pending_Hearing,2026-07-23,2026-09-11,,,,,False,Not_Applicable,,Low
UTP-2026-0203,DEWE01-707705-2026,PRIS-DL-01,Tihar Central Prison No. 4,Delhi,West Delhi,740,1485,200.7,Overcrowded,Critical,745,0,Barrack-04 (General),100,195,195.0,True,0.7,Male,25,Sec 305 BNS / 380 IPC,Theft in Dwelling House / Burglary,True,84.0,False,False,1,2026-05-19,0,95,1/3_first_timer,852.0,Ineligible_Under_Time,DLSA-DL-WEST,PBL-DL-101,Adv. Rohit K. Sharma,2026-06-06,Assigned,Pending_Trial,2026-07-31,2026-09-18,,,,,False,Not_Applicable,,Low
UTP-2026-0204,DEWE01-226842-2023,PRIS-DL-01,Tihar Central Prison No. 4,Delhi,West Delhi,740,1485,200.7,Overcrowded,Critical,745,0,Barrack-04 (General),100,207,207.0,True,0.69,Male,22,Sec 309(4) BNS / 392 IPC,Robbery,True,120.0,False,False,1,2026-06-03,0,80,1/3_first_timer,1217.0,Ineligible_Under_Time,DLSA-DL-WEST,PBL-DL-102,Adv. Meenakshi Lekhi,2026-06-03,Assigned,Hearing_Scheduled,2026-07-25,2026-08-29,,,,,False,Not_Applicable,,Low
UTP-2026-0205,DEWE01-682119-2026,PRIS-DL-01,Tihar Central Prison No. 4,Delhi,West Delhi,740,1485,200.7,Overcrowded,Critical,745,0,Barrack-04 (General),100,202,202.0,True,0.82,Male,35,Sec 305 BNS / 380 IPC,Theft in Dwelling House / Burglary,True,84.0,False,True,1,2025-03-27,0,513,1/2_repeat_offender,1277.0,Ineligible_Under_Time,DLSA-DL-WEST,,Private Counsel Engaged,,Private_Counsel,Pending_Trial,2026-07-21,2026-09-11,,,,,False,Not_Applicable,Tuberculosis (Isolation / Level 2 Inpatient),Low
UTP-2026-0206,DEWE01-374056-2026,PRIS-DL-01,Tihar Central Prison No. 4,Delhi,West Delhi,740,1485,200.7,Overcrowded,Critical,745,0,Barrack-04 (General),100,193,193.0,True,0.71,Male,55,Sec 115(2) BNS / 323 IPC,Voluntarily Causing Hurt (Assault),True,12.0,False,False,4,2026-03-27,0,148,1/3_first_timer,122.0,Blocked_Multiple_FIRs,DLSA-DL-WEST,PBL-DL-101,Adv. Rohit K. Sharma,2026-04-13,Assigned,Verification_Required,2026-08-20,2026-08-25,,,,,False,Multi_Case_Verification_Pending,,Low
UTP-2026-0207,DEWE01-332281-2023,PRIS-DL-01,Tihar Central Prison No. 4,Delhi,West Delhi,740,1485,200.7,Overcrowded,Critical,745,0,Ward-HS (High Security),50,97,194.0,False,0.53,Male,23,Sec 103(1) BNS / 302 IPC,Murder (Life/Death Excluded from Sec 479),True,,True,False,1,2026-06-30,0,53,Not_Applicable,,Excluded_Life_Or_Death,DLSA-DL-WEST,,Private Counsel Engaged,,Private_Counsel,Rejected_High_Court,2026-07-28,2026-08-27,,,,,False,Barred_By_Statute,Chronic Diabetes (Level 1 Dispensary),High
UTP-2026-0208,DEWE01-697586-2024,PRIS-DL-01,Tihar Central Prison No. 4,Delhi,West Delhi,740,1485,200.7,Overcrowded,Critical,745,0,Barrack-04 (General),100,203,203.0,True,0.81,Male,21,Sec 303(2) BNS / 379 IPC,Theft,True,36.0,False,True,1,2023-12-08,0,988,1/2_repeat_offender,547.0,Eligible,DLSA-DL-WEST,,Private Counsel Engaged,,Private_Counsel,Bail_Application_Filed,2026-07-24,2026-08-28,,,,,False,Pre_Draft_Generated,Hypertension (Level 1),Medium
UTP-2026-0209,DEWE01-544407-2023,PRIS-DL-01,Tihar Central Prison No. 4,Delhi,West Delhi,740,1485,200.7,Overcrowded,Critical,745,0,Barrack-04 (General),100,193,193.0,True,0.68,Male,32,Sec 115(2) BNS / 323 IPC,Voluntarily Causing Hurt (Assault),True,12.0,False,True,1,2026-07-26 ,0,27,1/2_repeat_offender,182.0,Ineligible_Under_Time,DLSA-DL-WEST,,Private Counsel Engaged,,Private_Counsel,Pending_Trial,2026-07-11,2026-09-15,,,,,False,Not_Applicable,,Low
UTP-2026-0210,DEWE01-941363-2026,PRIS-DL-01,Tihar Central Prison No. 4,Delhi,West Delhi,740,1485,200.7,Overcrowded,Critical,745,0,Barrack-04 (General),100,195,195.0,True,0.67,Male,25,Sec 303(2) BNS / 379 IPC,Theft,True,36.0,False,False,1,2026-07-31,0,22,1/3_first_timer,365.0,Ineligible_Under_Time,DLSA-DL-WEST,PBL-DL-102,Adv. Meenakshi Lekhi,2026-08-09,Assigned,Hearing_Scheduled,2026-07-13,2026-08-25,,,,,False,Not_Applicable,Hypertension (Level 1),Low
UTP-2026-0211,DEWE01-859822-2026,PRIS-DL-01,Tihar Central Prison No. 4,Delhi,West Delhi,740,1485,200.7,Overcrowded,Critical,745,0,Barrack-04 (General),100,201,201.0,True,0.68,Male,40,Sec 305 BNS / 380 IPC,Theft in Dwelling House / Burglary,True,84.0,False,False,1,2026-06-29,0,54,1/3_first_timer,852.0,Ineligible_Under_Time,DLSA-DL-WEST,PBL-DL-103,Adv. Alok Verma,2026-07-09,Assigned,Hearing_Scheduled,2026-08-11,2026-09-03,,,,,False,Not_Applicable,,Low
UTP-2026-0212,DEWE01-693595-2025,PRIS-DL-01,Tihar Central Prison No. 4,Delhi,West Delhi,740,1485,200.7,Overcrowded,Critical,745,0,Barrack-04 (General),100,204,204.0,True,0.55,Male,38,Sec 115(2) BNS / 323 IPC,Voluntarily Causing Hurt (Assault),True,12.0,False,False,1,2026-05-19,0,95,1/3_first_timer,122.0,Approaching_Threshold_27d,DLSA-DL-WEST,PBL-DL-102,Adv. Meenakshi Lekhi,2026-05-25,Assigned,Hearing_Scheduled,2026-08-07,2026-09-09,,,,,False,Not_Applicable,,Medium
UTP-2026-0213,DEWE01-988704-2024,PRIS-DL-01,Tihar Central Prison No. 4,Delhi,West Delhi,740,1485,200.7,Overcrowded,Critical,745,0,Barrack-04 (General),100,203,203.0,True,0.68,Male,21,Sec 305 BNS / 380 IPC,Theft in Dwelling House / Burglary,True,84.0,False,True,1,2026-07-26 ,0,27,1/2_repeat_offender,1277.0,Ineligible_Under_Time,DLSA-DL-WEST,PBL-DL-101,Adv. Rohit K. Sharma,2026-08-02,Assigned,Hearing_Scheduled,2026-08-07,2026-09-13,,,,,False,Not_Applicable,,Low
UTP-2026-0214,DEWE01-298287-2025,PRIS-DL-01,Tihar Central Prison No. 4,Delhi,West Delhi,740,1485,200.7,Overcrowded,Critical,745,0,Barrack-04 (General),100,196,196.0,True,0.8,Male,55,Sec 303(2) BNS / 379 IPC,Theft,True,36.0,False,False,1,2025-06-19,0,429,1/3_first_timer,365.0,Eligible,DLSA-DL-WEST,PBL-DL-101,Adv. Rohit K. Sharma,2026-01-24,Assigned,Bail Granted,2026-07-21,2026-08-29,2026-08-18,,4.0,Property Card (7/12 Extract),False,Monitoring,Chronic Kidney Disease (Requires Dialysis / Level 3),Low
UTP-2026-0215,DEWE01-495400-2024,PRIS-DL-01,Tihar Central Prison No. 4,Delhi,West Delhi,740,1485,200.7,Overcrowded,Critical,745,0,Ward-F (Female Barrack),60,122,203.3,True,0.82,Female,25,Sec 309(4) BNS / 392 IPC,Robbery,True,120.0,False,False,1,2025-03-24,0,516,1/3_first_timer,1217.0,Ineligible_Under_Time,DLSA-DL-WEST,PBL-DL-103,Adv. Alok Verma,2026-05-18,Assigned,Hearing_Scheduled,2026-07-24,2026-09-22,,,,,False,Not_Applicable,Hypertension (Level 1),Low
UTP-2026-0216,DEWE01-362168-2025,PRIS-DL-01,Tihar Central Prison No. 4,Delhi,West Delhi,740,1485,200.7,Overcrowded,Critical,745,0,Barrack-04 (General),100,196,196.0,True,0.68,Male,24,Sec 305 BNS / 380 IPC,Theft in Dwelling House / Burglary,True,84.0,False,True,1,2026-05-30,45,39,1/2_repeat_offender,1277.0,Ineligible_Under_Time,DLSA-DL-WEST,PBL-DL-102,Adv. Meenakshi Lekhi,2026-06-22,Assigned,Hearing_Scheduled,2026-07-14,2026-08-25,,,,,False,Not_Applicable,Tuberculosis (Isolation / Level 2 Inpatient),Low
UTP-2026-0217,DEWE01-705561-2024,PRIS-DL-01,Tihar Central Prison No. 4,Delhi,West Delhi,740,1485,200.7,Overcrowded,Critical,745,0,Barrack-04 (General),100,198,198.0,True,0.68,Male,23,Sec 318(2) BNS / 420 IPC,Cheating & Dishonesty,True,36.0,False,False,1,2025-02-22,0,546,1/3_first_timer,365.0,Eligible,DLSA-DL-WEST,PBL-DL-103,Adv. Alok Verma,2026-03-28,Assigned,Released_On_Personal_Bond,2026-08-01,2026-09-14,2026-07-16,2026-07-18,2.0,Personal Recognizance Bond,False,Order_Modified_And_Executed,,Medium
UTP-2026-0218,DEWE01-966621-2026,PRIS-DL-01,Tihar Central Prison No. 4,Delhi,West Delhi,740,1485,200.7,Overcrowded,Critical,745,0,Barrack-04 (General),100,205,205.0,True,0.97,Male,21,Sec 115(2) BNS / 323 IPC,Voluntarily Causing Hurt (Assault),True,12.0,False,True,1,2023-11-06,0,1020,1/2_repeat_offender,182.0,Eligible,DLSA-DL-WEST,PBL-DL-102,Adv. Meenakshi Lekhi,2026-04-02,Assigned,Bail Granted,2026-08-20,2026-09-04,2026-07-19,,34.0,Two Local Solvent Sureties,True,Petition_Drafted_Sec483,,Low
UTP-2026-0219,DEWE01-567383-2023,PRIS-DL-01,Tihar Central Prison No. 4,Delhi,West Delhi,740,1485,200.7,Overcrowded,Critical,745,0,Barrack-04 (General),100,203,203.0,True,0.57,Male,38,Sec 303(2) BNS / 379 IPC,Theft,False,36.0,False,False,1,2026-03-13,0,162,1/3_first_timer,365.0,Ineligible_Under_Time,DLSA-DL-WEST,PBL-DL-102,Adv. Meenakshi Lekhi,2026-04-18,Assigned,Hearing_Scheduled,2026-07-29,2026-09-13,,,,,False,Not_Applicable,Severe Cardiac / Requires Level 3 Hospital Care,Medium
UTP-2026-0220,DEWE01-617459-2026,PRIS-DL-01,Tihar Central Prison No. 4,Delhi,West Delhi,740,1485,200.7,Overcrowded,Critical,745,0,Barrack-04 (General),100,206,206.0,True,0.69,Male,33,Sec 115(2) BNS / 323 IPC,Voluntarily Causing Hurt (Assault),True,12.0,False,False,1,2026-06-27,0,56,1/3_first_timer,122.0,Ineligible_Under_Time,DLSA-DL-WEST,PBL-DL-101,Adv. Rohit K. Sharma,2026-08-08,Assigned,Hearing_Scheduled,2026-07-11,2026-09-23,,,,,False,Not_Applicable,,Low
UTP-2026-0221,DEWE01-230182-2026,PRIS-DL-01,Tihar Central Prison No. 4,Delhi,West Delhi,740,1485,200.7,Overcrowded,Critical,745,0,Barrack-04 (General),100,203,203.0,True,0.73,Male,25,Sec 115(2) BNS / 323 IPC,Voluntarily Causing Hurt (Assault),True,12.0,False,True,1,2026-01-15,0,219,1/2_repeat_offender,182.0,Eligible,DLSA-DL-WEST,PBL-DL-103,Adv. Alok Verma,2026-06-18,Assigned,Pending_Hearing,2026-07-23,2026-08-28,,,,,False,Pre_Draft_Generated,Tuberculosis (Isolation / Level 2 Inpatient),Low
UTP-2026-0222,DEWE01-201295-2024,PRIS-DL-01,Tihar Central Prison No. 4,Delhi,West Delhi,740,1485,200.7,Overcrowded,Critical,745,0,Ward-F (Female Barrack),60,121,201.7,True,0.83,Female,21,Sec 115(2) BNS / 323 IPC,Voluntarily Causing Hurt (Assault),True,12.0,False,True,1,2025-03-10,0,530,1/2_repeat_offender,182.0,Eligible,DLSA-DL-WEST,PBL-DL-102,Adv. Meenakshi Lekhi,2026-07-13,Assigned,Bail Granted,2026-08-06,2026-09-07,2026-08-19,,3.0,Solvency Certificate (Land),False,Monitoring,,Low
UTP-2026-0223,DEWE01-199346-2025,PRIS-DL-01,Tihar Central Prison No. 4,Delhi,West Delhi,740,1485,200.7,Overcrowded,Critical,745,0,Barrack-04 (General),100,194,194.0,True,0.75,Male,42,Sec 189(2) BNS / 147 IPC,Rioting / Unlawful Assembly,False,24.0,False,False,3,2025-11-30,0,265,1/3_first_timer,243.0,Blocked_Multiple_FIRs,DLSA-DL-WEST,,,,Unassigned,Bail_Pending,2026-07-09,2026-09-24,,,,,False,Multi_Case_Verification_Pending,,Low
UTP-2026-0224,DEWE01-727127-2026,PRIS-DL-01,Tihar Central Prison No. 4,Delhi,West Delhi,740,1485,200.7,Overcrowded,Critical,745,0,Barrack-04 (General),100,199,199.0,True,0.78,Male,21,Sec 303(2) BNS / 379 IPC,Theft,True,36.0,False,True,1,2025-08-02,0,385,1/2_repeat_offender,547.0,Ineligible_Under_Time,DLSA-DL-WEST,PBL-DL-101,Adv. Rohit K. Sharma,2026-06-15,Assigned,Not_Applied,2026-07-30,2026-09-15,,,,,False,Not_Applicable,,Low
UTP-2026-0225,DEWE01-181961-2026,PRIS-DL-01,Tihar Central Prison No. 4,Delhi,West Delhi,740,1485,200.7,Overcrowded,Critical,745,0,Ward-HS (High Security),50,98,196.0,False,0.53,Male,41,Sec 103(1) BNS / 302 IPC,Murder (Life/Death Excluded from Sec 479),False,,True,False,1,2026-07-16,0,37,Not_Applicable,,Excluded_Life_Or_Death,DLSA-DL-WEST,,Private Counsel Engaged,,Private_Counsel,Rejected_High_Court,2026-07-11,2026-09-06,,,,,False,Barred_By_Statute,Chronic Diabetes (Level 1 Dispensary),High
UTP-2026-0226,DEWE01-498930-2026,PRIS-DL-01,Tihar Central Prison No. 4,Delhi,West Delhi,740,1485,200.7,Overcrowded,Critical,745,0,Barrack-04 (General),100,197,197.0,True,0.73,Male,24,Sec 318(2) BNS / 420 IPC,Cheating & Dishonesty,True,36.0,False,False,1,2026-02-05,0,198,1/3_first_timer,365.0,Ineligible_Under_Time,DLSA-DL-WEST,,,,Unassigned,Pending_Trial,2026-08-20,2026-08-25,,,,,False,Not_Applicable,Chronic Diabetes (Level 1 Dispensary),Low
UTP-2026-0227,DEWE01-830286-2023,PRIS-DL-01,Tihar Central Prison No. 4,Delhi,West Delhi,740,1485,200.7,Overcrowded,Critical,745,0,Barrack-04 (General),100,208,208.0,True,0.67,Male,39,Sec 316(2) BNS / 406 IPC,Criminal Breach of Trust,False,36.0,False,False,1,2026-08-03,0,19,1/3_first_timer,365.0,Ineligible_Under_Time,DLSA-DL-WEST,PBL-DL-103,Adv. Alok Verma,2026-08-10,Assigned,Not_Applied,2026-08-04,2026-09-23,,,,,False,Not_Applicable,,Low
UTP-2026-0228,DEWE01-862998-2023,PRIS-DL-01,Tihar Central Prison No. 4,Delhi,West Delhi,740,1485,200.7,Overcrowded,Critical,745,0,Barrack-04 (General),100,199,199.0,True,0.7,Male,37,Sec 305 BNS / 380 IPC,Theft in Dwelling House / Burglary,True,84.0,False,False,1,2026-05-06,0,108,1/3_first_timer,852.0,Ineligible_Under_Time,DLSA-DL-WEST,PBL-DL-101,Adv. Rohit K. Sharma,2026-07-22,Assigned,Pending_Hearing,2026-07-20,2026-08-25,,,,,False,Not_Applicable,,Low
UTP-2026-0229,DEWE01-562139-2023,PRIS-DL-01,Tihar Central Prison No. 4,Delhi,West Delhi,740,1485,200.7,Overcrowded,Critical,745,0,Barrack-04 (General),100,207,207.0,True,0.68,Male,35,Sec 324(2) BNS / 427 IPC,Mischief Causing Damage,True,24.0,False,True,1,2026-07-30,0,23,1/2_repeat_offender,365.0,Ineligible_Under_Time,DLSA-DL-WEST,PBL-DL-101,Adv. Rohit K. Sharma,2026-08-12,Assigned,Pending_Hearing,2026-08-17,2026-09-11,,,,,False,Not_Applicable,Tuberculosis (Isolation / Level 2 Inpatient),Low
UTP-2026-0230,DEWE01-446297-2023,PRIS-DL-01,Tihar Central Prison No. 4,Delhi,West Delhi,740,1485,200.7,Overcrowded,Critical,745,0,Barrack-04 (General),100,203,203.0,True,0.77,Male,37,Sec 303(2) BNS / 379 IPC,Theft,True,36.0,False,False,1,2025-06-12 ,90,346,1/3_first_timer,365.0,Approaching_Threshold_19d,DLSA-DL-WEST,PBL-DL-101,Adv. Rohit K. Sharma,2026-05-10,Assigned,Hearing_Scheduled,2026-07-23,2026-09-24,,,,,False,Not_Applicable,Tuberculosis (Isolation / Level 2 Inpatient),Low
UTP-2026-0231,DEWE01-645316-2023,PRIS-DL-01,Tihar Central Prison No. 4,Delhi,West Delhi,740,1485,200.7,Overcrowded,Critical,745,0,Barrack-04 (General),100,205,205.0,True,0.86,Male,36,Sec 303(2) BNS / 379 IPC,Theft,True,36.0,False,False,1,2024-11-15,0,645,1/3_first_timer,365.0,Eligible,DLSA-DL-WEST,,,,Unassigned,Bail Granted,2026-07-21,2026-09-28,2026-08-01,,21.0,"Cash Surety ₹25,000",True,Order_Modified_Awaiting_Warrant,,Low
UTP-2026-0232,DEWE01-459898-2026,PRIS-DL-01,Tihar Central Prison No. 4,Delhi,West Delhi,740,1485,200.7,Overcrowded,Critical,745,0,Ward-HS (High Security),50,100,200.0,False,0.82,Male,24,Sec 103(1) BNS / 302 IPC,Murder (Life/Death Excluded from Sec 479),False,,True,False,1,2023-06-02,0,1177,Not_Applicable,,Excluded_Life_Or_Death,DLSA-DL-WEST,,Private Counsel Engaged,,Private_Counsel,Rejected_Sessions,2026-08-15,2026-09-01,,,,,False,Barred_By_Statute,,High
UTP-2026-0233,DEWE01-644998-2024,PRIS-DL-01,Tihar Central Prison No. 4,Delhi,West Delhi,740,1485,200.7,Overcrowded,Critical,745,0,Barrack-04 (General),100,202,202.0,True,0.7,Male,23,Sec 115(2) BNS / 323 IPC,Voluntarily Causing Hurt (Assault),True,12.0,False,False,1,2026-05-06,0,108,1/3_first_timer,122.0,Approaching_Threshold_14d,DLSA-DL-WEST,PBL-DL-101,Adv. Rohit K. Sharma,2026-05-28,Assigned,Pending_Hearing,2026-08-02,2026-09-03,,,,,False,Not_Applicable,Severe Cardiac / Requires Level 3 Hospital Care,Low
UTP-2026-0234,DEWE01-913735-2024,PRIS-DL-01,Tihar Central Prison No. 4,Delhi,West Delhi,740,1485,200.7,Overcrowded,Critical,745,0,Barrack-04 (General),100,201,201.0,True,0.8,Male,41,Sec 115(2) BNS / 323 IPC,Voluntarily Causing Hurt (Assault),False,12.0,False,False,1,2025-06-02,0,446,1/3_first_timer,122.0,Eligible,DLSA-DL-WEST,PBL-DL-102,Adv. Meenakshi Lekhi,2026-01-31,Assigned,Bail Granted,2026-07-26,2026-09-19,2026-08-16,,6.0,"Local Surety Bond ₹15,000",False,Monitoring,,Low
UTP-2026-0235,DEWE01-997729-2023,PRIS-DL-01,Tihar Central Prison No. 4,Delhi,West Delhi,740,1485,200.7,Overcrowded,Critical,745,0,Barrack-04 (General),100,196,196.0,True,0.72,Male,35,Sec 115(2) BNS / 323 IPC,Voluntarily Causing Hurt (Assault),True,12.0,False,False,4,2026-01-11,60,163,1/3_first_timer,122.0,Blocked_Multiple_FIRs,DLSA-DL-WEST,PBL-DL-103,Adv. Alok Verma,2026-02-27,Assigned,Pending_Hearing,2026-07-30,2026-10-01,,,,,False,Multi_Case_Verification_Pending,,Low
UTP-2026-0236,DEWE01-634510-2024,PRIS-DL-01,Tihar Central Prison No. 4,Delhi,West Delhi,740,1485,200.7,Overcrowded,Critical,745,0,Barrack-04 (General),100,204,204.0,True,0.72,Male,20,Sec 303(2) BNS / 379 IPC,Theft,True,36.0,False,False,4,2026-02-25,0,178,1/3_first_timer,365.0,Blocked_Multiple_FIRs,DLSA-DL-WEST,PBL-DL-103,Adv. Alok Verma,2026-04-23,Assigned,Bail_Pending,2026-08-01,2026-09-30,,,,,False,Multi_Case_Verification_Pending,,Low
UTP-2026-0237,DEWE01-689820-2025,PRIS-DL-01,Tihar Central Prison No. 4,Delhi,West Delhi,740,1485,200.7,Overcrowded,Critical,745,0,Barrack-04 (General),100,197,197.0,True,0.69,Male,21,Sec 303(2) BNS / 379 IPC,Theft,True,36.0,False,True,1,2026-05-30,0,84,1/2_repeat_offender,547.0,Ineligible_Under_Time,DLSA-DL-WEST,PBL-DL-101,Adv. Rohit K. Sharma,2026-06-07,Assigned,Hearing_Scheduled,2026-08-02,2026-09-28,,,,,False,Not_Applicable,,Low
UTP-2026-0238,DEWE01-676558-2025,PRIS-DL-01,Tihar Central Prison No. 4,Delhi,West Delhi,740,1485,200.7,Overcrowded,Critical,745,0,Barrack-04 (General),100,193,193.0,True,0.7,Male,36,Sec 115(2) BNS / 323 IPC,Voluntarily Causing Hurt (Assault),True,12.0,False,False,2,2026-05-14,0,100,1/3_first_timer,122.0,Blocked_Multiple_FIRs,DLSA-DL-WEST,PBL-DL-101,Adv. Rohit K. Sharma,2026-08-03,Assigned,Verification_Required,2026-07-11,2026-09-11,,,,,False,Multi_Case_Verification_Pending,Tuberculosis (Isolation / Level 2 Inpatient),Low
UTP-2026-0239,DEWE01-386526-2024,PRIS-DL-01,Tihar Central Prison No. 4,Delhi,West Delhi,740,1485,200.7,Overcrowded,Critical,745,0,Barrack-04 (General),100,203,203.0,True,0.8,Male,24,Sec 309(4) BNS / 392 IPC,Robbery,True,120.0,False,False,1,2024-01-08,15,942,1/3_first_timer,1217.0,Ineligible_Under_Time,DLSA-DL-WEST,PBL-DL-102,Adv. Meenakshi Lekhi,2026-03-15,Assigned,Pending_Trial,2026-07-20,2026-08-31,,,,,False,Not_Applicable,Severe Cardiac / Requires Level 3 Hospital Care,Medium
UTP-2026-0240,DEWE01-841870-2024,PRIS-DL-01,Tihar Central Prison No. 4,Delhi,West Delhi,740,1485,200.7,Overcrowded,Critical,745,0,Barrack-04 (General),100,196,196.0,True,0.97,Male,32,Sec 115(2) BNS / 323 IPC,Voluntarily Causing Hurt (Assault),False,12.0,False,False,1,2023-05-01,0,1209,1/3_first_timer,122.0,Eligible,DLSA-DL-WEST,,,,Unassigned,Released_On_Personal_Bond,2026-08-06,2026-09-13,2026-06-24,2026-06-26,2.0,Personal Recognizance Bond,False,Order_Modified_And_Executed,Hypertension (Level 1),Low
UTP-2026-0241,UTGH01-299422-2023,PRIS-UP-01,Dasna District Jail (Ghaziabad),Uttar Pradesh,Ghaziabad,1706,2150,126.0,Overcrowded,Moderate,444,0,Barrack-04 (General),100,130,130.0,True,0.66,Male,39,sec 303(2) bns / 379 ipc,Theft,False,36.0,False,False,1,2026-06-01,60,22,1/3_first_timer,365.0,Ineligible_Under_Time,DLSA-UP-GZB,PBL-UP-203,Adv. Akhilesh Yadav,2026-07-15,Assigned,Pending_Trial,2026-08-09,2026-08-29,,,,,False,Not_Applicable,,Low
UTP-2026-0242,UTGH01-585550-2026,PRIS-UP-01,Dasna District Jail (Ghaziabad),Uttar Pradesh,Ghaziabad,1706,2150,126.0,Overcrowded,Moderate,444,0,Barrack-04 (General),100,131,131.0,True,0.7,Male,58,Sec 189(2) BNS / 147 IPC,Rioting / Unlawful Assembly,True,24.0,False,False,1,2026-04-09,0,135,1/3_first_timer,243.0,Ineligible_Under_Time,DLSA-UP-GZB,PBL-UP-201,Adv. Suresh Chandra Tiwari,2026-07-31,Assigned,Not_Applied,2026-07-24,2026-09-25,,,,,False,Not_Applicable,,Low
UTP-2026-0243,UTGH01-843670-2024,PRIS-UP-01,Dasna District Jail (Ghaziabad),Uttar Pradesh,Ghaziabad,1706,2150,126.0,Overcrowded,Moderate,444,0,Barrack-04 (General),100,130,130.0,True,0.69,Male,21,sec 117(2) bns / 325 ipc,Voluntarily Causing Grievous Hurt,True,84.0,False,True,1,2026-04-12,0,132,1/2_repeat_offender,1277.0,Ineligible_Under_Time,DLSA-UP-GZB,PBL-UP-203,Adv. Akhilesh Yadav,2026-07-09,Assigned,Hearing_Scheduled,2026-08-13,2026-09-20,,,,,False,Not_Applicable,Chronic Kidney Disease (Requires Dialysis / Level 3),Low
UTP-2026-0244,UTGH01-555426-2026,PRIS-UP-01,Dasna District Jail (Ghaziabad),Uttar Pradesh,Ghaziabad,1706,2150,126.0,Overcrowded,Moderate,444,0,Ward-F (Female Barrack),60,75,125.0,True,0.71,Female,37,Sec 324(2) BNS / 427 IPC,Mischief Causing Damage,True,24.0,False,False,1,2026-03-06,0,169,1/3_first_timer,243.0,Ineligible_Under_Time,DLSA-UP-GZB,PBL-UP-202,Adv. Vandana Rajput,2026-06-10,Assigned,Not_Applied,2026-07-09,2026-09-21,,,,,False,Not_Applicable,Chronic Diabetes (Level 1 Dispensary),Low
UTP-2026-0245,UTGH01-452508-2026,PRIS-UP-01,Dasna District Jail (Ghaziabad),Uttar Pradesh,Ghaziabad,1706,2150,126.0,Overcrowded,Moderate,444,0,Barrack-04 (General),100,121,121.0,True,0.66,Male,22,Sec 115(2) BNS / 323 IPC,Voluntarily Causing Hurt (Assault),False,12.0,False,True,1,2026-07-24,0,29,1/2_repeat_offender,182.0,Ineligible_Under_Time,DLSA-UP-GZB,PBL-UP-202,Adv. Vandana Rajput,2026-08-11,Assigned,Pending_Hearing,2026-08-09,2026-08-27,,,,,False,Not_Applicable,,Low
UTP-2026-0246,UTGH01-489642-2024,PRIS-UP-01,Dasna District Jail (Ghaziabad),Uttar Pradesh,Ghaziabad,1706,2150,126.0,Overcrowded,Moderate,444,0,Barrack-04 (General),100,130,130.0,True,0.76,Male,37,Sec 117(2) BNS / 325 IPC,Voluntarily Causing Grievous Hurt,True,84.0,False,False,1,2024-04-11,0,863,1/3_first_timer,852.0,Eligible,DLSA-UP-GZB,,Private Counsel Engaged,,Private_Counsel,Bail Granted,2026-07-10,2026-09-06,2026-08-18,,4.0,Solvency Certificate (Land),False,Monitoring,,Medium
UTP-2026-0247,UTGH01-929303-2023,PRIS-UP-01,Dasna District Jail (Ghaziabad),Uttar Pradesh,Ghaziabad,1706,2150,126.0,Overcrowded,Moderate,444,0,Barrack-04 (General),100,125,125.0,True,0.66,Male,23,Sec 318(2) BNS / 420 IPC,Cheating & Dishonesty,True,36.0,False,False,1,2026-08-02,120,1,1/3_first_timer,365.0,Ineligible_Under_Time,DLSA-UP-GZB,PBL-UP-202,Adv. Vandana Rajput,2026-08-02,Assigned,Pending_Hearing,2026-07-17,2026-09-26,,,,,False,Not_Applicable,,Low
UTP-2026-0248,UTGH01-349788-2025,PRIS-UP-01,Dasna District Jail (Ghaziabad),Uttar Pradesh,Ghaziabad,1706,2150,126.0,Overcrowded,Moderate,444,0,Barrack-04 (General),100,131,131.0,True,0.66,Male,39,Sec 303(2) BNS / 379 IPC,Theft,True,36.0,False,False,3,2026-07-21,0,32,1/3_first_timer,365.0,Blocked_Multiple_FIRs,DLSA-UP-GZB,PBL-UP-201,Adv. Suresh Chandra Tiwari,2026-07-26,Assigned,Verification_Required,2026-08-13,2026-08-25,,,,,False,Multi_Case_Verification_Pending,,Low
UTP-2026-0249,UTGH01-918427-2023,PRIS-UP-01,Dasna District Jail (Ghaziabad),Uttar Pradesh,Ghaziabad,1706,2150,126.0,Overcrowded,Moderate,444,0,Barrack-04 (General),100,131,131.0,True,0.76,Male,57,Sec 324(2) BNS / 427 IPC,Mischief Causing Damage,False,24.0,False,False,1,2025-09-22,0,334,1/3_first_timer,243.0,Eligible,DLSA-UP-GZB,PBL-UP-203,Adv. Akhilesh Yadav,2026-03-04,Assigned,Bail Granted,2026-07-26,2026-09-03,2026-07-18,,35.0,Property Guarantee,True,Petition_Drafted_Sec483,Chronic Diabetes (Level 1 Dispensary),Low
UTP-2026-0250,UTGH01-243960-2023,PRIS-UP-01,Dasna District Jail (Ghaziabad),Uttar Pradesh,Ghaziabad,1706,2150,126.0,Overcrowded,Moderate,444,0,Barrack-04 (General),100,130,130.0,True,0.82,Male,24,Sec 309(4) BNS / 392 IPC,Robbery,True,120.0,False,False,1,2024-09-27,150,544,1/3_first_timer,1217.0,Ineligible_Under_Time,DLSA-UP-GZB,,Private Counsel Engaged,,Private_Counsel,Pending_Hearing,2026-08-11,2026-08-25,,,,,False,Not_Applicable,,Low
UTP-2026-0251,UTGH01-535457-2024,PRIS-UP-01,Dasna District Jail (Ghaziabad),Uttar Pradesh,Ghaziabad,1706,2150,126.0,Overcrowded,Moderate,444,0,Barrack-04 (General),100,124,124.0,True,0.69,Male,24,Sec 303(2) BNS / 379 IPC,Theft,True,36.0,False,False,1,2026-05-06,0,108,1/3_first_timer,365.0,Ineligible_Under_Time,DLSA-UP-GZB,PBL-UP-203,Adv. Akhilesh Yadav,2026-05-13,Assigned,Not_Applied,2026-08-13,2026-09-25,,,,,False,Not_Applicable,,Low
UTP-2026-0252,UTGH01-623502-2025,PRIS-UP-01,Dasna District Jail (Ghaziabad),Uttar Pradesh,Ghaziabad,1706,2150,126.0,Overcrowded,Moderate,444,0,Barrack-04 (General),100,125,125.0,True,0.66,Male,36,Sec 189(2) BNS / 147 IPC,Rioting / Unlawful Assembly,True,24.0,False,False,1,2026-08-07,0,15,1/3_first_timer,243.0,Ineligible_Under_Time,DLSA-UP-GZB,PBL-UP-201,Adv. Suresh Chandra Tiwari,2026-08-09,Assigned,Pending_Hearing,2026-07-23,2026-09-24,,,,,False,Not_Applicable,,Low
UTP-2026-0253,UTGH01-658339-2024,PRIS-UP-01,Dasna District Jail (Ghaziabad),Uttar Pradesh,Ghaziabad,1706,2150,126.0,Overcrowded,Moderate,444,0,Barrack-04 (General),100,130,130.0,True,0.76,Male,23,Sec 316(2) BNS / 406 IPC,Criminal Breach of Trust,False,36.0,False,True,1,2025-08-30,0,357,1/2_repeat_offender,547.0,Ineligible_Under_Time,DLSA-UP-GZB,,Private Counsel Engaged,,Private_Counsel,Not_Applied,2026-07-28,2026-08-25,,,,,False,Not_Applicable,,Low
UTP-2026-0254,UTGH01-545339-2025,PRIS-UP-01,Dasna District Jail (Ghaziabad),Uttar Pradesh,Ghaziabad,1706,2150,126.0,Overcrowded,Moderate,444,0,Barrack-04 (General),100,124,124.0,True,0.67,Male,34,Sec 115(2) BNS / 323 IPC,Voluntarily Causing Hurt (Assault),True,12.0,False,False,1,2026-07-18,0,35,1/3_first_timer,122.0,Ineligible_Under_Time,DLSA-UP-GZB,,Private Counsel Engaged,,Private_Counsel,Hearing_Scheduled,2026-08-16,2026-08-25,,,,,False,Not_Applicable,,Low
UTP-2026-0255,UTGH01-681074-2025,PRIS-UP-01,Dasna District Jail (Ghaziabad),Uttar Pradesh,Ghaziabad,1706,2150,126.0,Overcrowded,Moderate,444,0,Barrack-04 (General),100,123,123.0,True,0.66,Male,25,Sec 115(2) BNS / 323 IPC,Voluntarily Causing Hurt (Assault),True,12.0,False,False,1,2026-07-27,0,26,1/3_first_timer,122.0,Ineligible_Under_Time,DLSA-UP-GZB,PBL-UP-203,Adv. Akhilesh Yadav,2026-08-11,Assigned,Not_Applied,2026-08-06,2026-09-19,,,,,False,Not_Applicable,Chronic Kidney Disease (Requires Dialysis / Level 3),Low
UTP-2026-0256,UTGH01-111510-2025,PRIS-UP-01,Dasna District Jail (Ghaziabad),Uttar Pradesh,Ghaziabad,1706,2150,126.0,Overcrowded,Moderate,444,0,Barrack-04 (General),100,127,127.0,True,0.67,Male,21,Sec 303(2) BNS / 379 IPC,Theft,True,36.0,False,False,1,2026-07-04,0,49,1/3_first_timer,365.0,Ineligible_Under_Time,DLSA-UP-GZB,,Private Counsel Engaged,,Private_Counsel,Pending_Hearing,2026-07-21,2026-08-27,,,,,False,Not_Applicable,,Low
UTP-2026-0257,UTGH01-139225-2025,PRIS-UP-01,Dasna District Jail (Ghaziabad),Uttar Pradesh,Ghaziabad,1706,2150,126.0,Overcrowded,Moderate,444,0,Barrack-04 (General),100,130,130.0,True,0.9,Male,25,Sec 316(2) BNS / 406 IPC,Criminal Breach of Trust,True,36.0,False,True,1,2024-05-19,0,825,1/2_repeat_offender,547.0,Eligible,DLSA-UP-GZB,PBL-UP-201,Adv. Suresh Chandra Tiwari,2026-01-28,Assigned,Released_On_Personal_Bond,2026-08-10,2026-09-26,2026-06-06,2026-06-10,4.0,Personal Recognizance Bond,False,Order_Modified_And_Executed,,Low
UTP-2026-0258,UTGH01-428957-2024,PRIS-UP-01,Dasna District Jail (Ghaziabad),Uttar Pradesh,Ghaziabad,1706,2150,126.0,Overcrowded,Moderate,444,0,Barrack-04 (General),100,128,128.0,True,0.54,Male,59,Sec 303(2) BNS / 379 IPC,Theft,True,36.0,False,True,1,2026-05-13,0,101,1/2_repeat_offender,547.0,Ineligible_Under_Time,DLSA-UP-GZB,,,,Unassigned,Not_Applied,2026-08-04,2026-09-22,,,,,False,Not_Applicable,,Medium
UTP-2026-0259,UTGH01-210412-2025,PRIS-UP-01,Dasna District Jail (Ghaziabad),Uttar Pradesh,Ghaziabad,1706,2150,126.0,Overcrowded,Moderate,444,0,Barrack-04 (General),100,127,127.0,True,0.67,Male,40,Sec 318(2) BNS / 420 IPC,Cheating & Dishonesty,False,36.0,False,True,1,2026-06-19,0,64,1/2_repeat_offender,547.0,Ineligible_Under_Time,DLSA-UP-GZB,PBL-UP-203,Adv. Akhilesh Yadav,2026-06-21,Assigned,Pending_Hearing,2026-07-22,2026-08-31,,,,,False,Not_Applicable,,Low
UTP-2026-0260,UTGH01-479052-2026,PRIS-UP-01,Dasna District Jail (Ghaziabad),Uttar Pradesh,Ghaziabad,1706,2150,126.0,Overcrowded,Moderate,444,0,Barrack-04 (General),100,122,122.0,True,0.68,Male,24,Sec 309(4) BNS / 392 IPC,Robbery,False,120.0,False,False,1,2026-06-14,0,69,1/3_first_timer,1217.0,Ineligible_Under_Time,DLSA-UP-GZB,,Private Counsel Engaged,,Private_Counsel,Hearing_Scheduled,2026-08-16,2026-09-11,,,,,False,Not_Applicable,,Low
UTP-2026-0261,UTGH01-508040-2023,PRIS-UP-01,Dasna District Jail (Ghaziabad),Uttar Pradesh,Ghaziabad,1706,2150,126.0,Overcrowded,Moderate,444,0,Barrack-04 (General),100,127,127.0,True,0.73,Male,25,Sec 309(4) BNS / 392 IPC,Robbery,True,120.0,False,True,1,2025-12-03,0,262,1/2_repeat_offender,1825.0,Ineligible_Under_Time,DLSA-UP-GZB,PBL-UP-203,Adv. Akhilesh Yadav,2026-05-23,Assigned,Hearing_Scheduled,2026-08-20,2026-09-03,,,,,False,Not_Applicable,,Low
UTP-2026-0262,UTGH01-319952-2024,PRIS-UP-01,Dasna District Jail (Ghaziabad),Uttar Pradesh,Ghaziabad,1706,2150,126.0,Overcrowded,Moderate,444,0,Ward-F (Female Barrack),60,79,131.7,True,0.69,Female,41,Sec 115(2) BNS / 323 IPC,Voluntarily Causing Hurt (Assault),True,12.0,False,False,1,2026-04-15,0,129,1/3_first_timer,122.0,Eligible,DLSA-UP-GZB,PBL-UP-202,Adv. Vandana Rajput,2026-06-21,Assigned,Bail Granted,2026-07-25,2026-09-16,2026-07-11,,42.0,Two Local Solvent Sureties,True,Order_Modified_Awaiting_Warrant,,Low
UTP-2026-0263,UTGH01-204545-2026,PRIS-UP-01,Dasna District Jail (Ghaziabad),Uttar Pradesh,Ghaziabad,1706,2150,126.0,Overcrowded,Moderate,444,0,Barrack-04 (General),100,122,122.0,True,0.66,Male,23,Sec 117(2) BNS / 325 IPC,Voluntarily Causing Grievous Hurt,True,84.0,False,False,2,2026-06-10,150,1,1/3_first_timer,852.0,Blocked_Multiple_FIRs,DLSA-UP-GZB,PBL-UP-202,Adv. Vandana Rajput,2026-06-21,Assigned,Bail_Pending,2026-07-10,2026-09-19,,,,,False,Multi_Case_Verification_Pending,,Low
UTP-2026-0264,UTGH01-510373-2024,PRIS-UP-01,Dasna District Jail (Ghaziabad),Uttar Pradesh,Ghaziabad,1706,2150,126.0,Overcrowded,Moderate,444,0,Barrack-04 (General),100,126,126.0,True,0.72,Male,24,Sec 309(4) BNS / 392 IPC,Robbery,False,120.0,False,False,2,2026-01-22,0,212,1/3_first_timer,1217.0,Blocked_Multiple_FIRs,DLSA-UP-GZB,PBL-UP-202,Adv. Vandana Rajput,2026-04-02,Assigned,Bail_Pending,2026-08-10,2026-09-21,,,,,False,Multi_Case_Verification_Pending,,Low
UTP-2026-0265,UTGH01-878399-2024,PRIS-UP-01,Dasna District Jail (Ghaziabad),Uttar Pradesh,Ghaziabad,1706,2150,126.0,Overcrowded,Moderate,444,0,Barrack-04 (General),100,130,130.0,True,0.52,Male,42,Sec 303(2) BNS / 379 IPC,Theft,False,36.0,False,False,1,2026-07-10,0,43,1/3_first_timer,365.0,Ineligible_Under_Time,DLSA-UP-GZB,PBL-UP-202,Adv. Vandana Rajput,2026-07-27,Assigned,Pending_Trial,2026-07-09,2026-08-28,,,,,False,Not_Applicable,,Medium
UTP-2026-0266,UTGH01-180019-2024,PRIS-UP-01,Dasna District Jail (Ghaziabad),Uttar Pradesh,Ghaziabad,1706,2150,126.0,Overcrowded,Moderate,444,0,Barrack-04 (General),100,128,128.0,True,0.91,Male,31,Sec 303(2) BNS / 379 IPC,Theft,False,36.0,False,False,1,2024-03-11,30,864,1/3_first_timer,365.0,Eligible,DLSA-UP-GZB,PBL-UP-201,Adv. Suresh Chandra Tiwari,2026-07-13,Assigned,Released_On_Personal_Bond,2026-07-30,2026-09-16,2026-07-13,2026-07-15,2.0,Personal Recognizance Bond,False,Order_Modified_And_Executed,Chronic Kidney Disease (Requires Dialysis / Level 3),Low
UTP-2026-0267,UTGH01-783592-2025,PRIS-UP-01,Dasna District Jail (Ghaziabad),Uttar Pradesh,Ghaziabad,1706,2150,126.0,Overcrowded,Moderate,444,0,Barrack-04 (General),100,128,128.0,True,0.74,Male,21,Sec 303(2) BNS / 379 IPC,Theft,False,36.0,False,False,1,2025-11-13,0,282,1/3_first_timer,365.0,Ineligible_Under_Time,DLSA-UP-GZB,PBL-UP-203,Adv. Akhilesh Yadav,2026-06-02,Assigned,Pending_Trial,2026-07-26,2026-08-31,,,,,False,Not_Applicable,,Low
UTP-2026-0268,UTGH01-776434-2025,PRIS-UP-01,Dasna District Jail (Ghaziabad),Uttar Pradesh,Ghaziabad,1706,2150,126.0,Overcrowded,Moderate,444,0,Barrack-04 (General),100,128,128.0,True,0.66,Male,39,Sec 305 BNS / 380 IPC,Theft in Dwelling House / Burglary,False,84.0,False,True,1,2026-05-01,120,1,1/2_repeat_offender,1277.0,Ineligible_Under_Time,DLSA-UP-GZB,PBL-UP-202,Adv. Vandana Rajput,2026-07-28,Assigned,Pending_Hearing,2026-08-20,2026-09-14,,,,,False,Not_Applicable,,Low
UTP-2026-0269,UTGH01-387745-2026,PRIS-UP-01,Dasna District Jail (Ghaziabad),Uttar Pradesh,Ghaziabad,1706,2150,126.0,Overcrowded,Moderate,444,0,Barrack-04 (General),100,125,125.0,True,0.54,Male,21,Sec 117(2) BNS / 325 IPC,Voluntarily Causing Grievous Hurt,True,84.0,False,True,1,2026-04-05,15,124,1/2_repeat_offender,1277.0,Ineligible_Under_Time,DLSA-UP-GZB,PBL-UP-201,Adv. Suresh Chandra Tiwari,2026-04-16,Assigned,Hearing_Scheduled,2026-08-02,2026-09-02,,,,,False,Not_Applicable,,Medium
UTP-2026-0270,UTGH01-227310-2025,PRIS-UP-01,Dasna District Jail (Ghaziabad),Uttar Pradesh,Ghaziabad,1706,2150,126.0,Overcrowded,Moderate,444,0,Barrack-04 (General),100,124,124.0,True,0.66,Male,38,Sec 189(2) BNS / 147 IPC,Rioting / Unlawful Assembly,True,24.0,False,True,1,2026-07-25,0,28,1/2_repeat_offender,365.0,Ineligible_Under_Time,DLSA-UP-GZB,PBL-UP-201,Adv. Suresh Chandra Tiwari,2026-08-06,Assigned,Pending_Hearing,2026-07-28,2026-09-28,,,,,False,Not_Applicable,,Low
UTP-2026-0271,UTGH01-352207-2026,PRIS-UP-01,Dasna District Jail (Ghaziabad),Uttar Pradesh,Ghaziabad,1706,2150,126.0,Overcrowded,Moderate,444,0,Barrack-04 (General),100,129,129.0,True,0.8,Male,40,Sec 115(2) BNS / 323 IPC,Voluntarily Causing Hurt (Assault),False,12.0,False,False,1,2025-04-29,0,480,1/3_first_timer,122.0,Eligible,DLSA-UP-GZB,PBL-UP-201,Adv. Suresh Chandra Tiwari,2026-02-25,Assigned,Released_On_Bail,2026-07-10,2026-09-07,2026-06-05,2026-06-06,1.0,Solvency Certificate (Property),False,Executed_With_Surety,,Low
UTP-2026-0272,UTGH01-171973-2025,PRIS-UP-01,Dasna District Jail (Ghaziabad),Uttar Pradesh,Ghaziabad,1706,2150,126.0,Overcrowded,Moderate,444,0,Barrack-04 (General),100,129,129.0,True,0.91,Male,24,Sec 303(2) BNS / 379 IPC,Theft,False,36.0,False,True,1,2024-05-10,0,834,1/2_repeat_offender,547.0,Eligible,DLSA-UP-GZB,PBL-UP-202,Adv. Vandana Rajput,2026-06-26,Assigned,Released_On_Personal_Bond,2026-08-03,2026-08-26,2026-06-18,2026-06-23,5.0,Personal Recognizance Bond,False,Order_Modified_And_Executed,,Low
UTP-2026-0273,UTGH01-814248-2023,PRIS-UP-01,Dasna District Jail (Ghaziabad),Uttar Pradesh,Ghaziabad,1706,2150,126.0,Overcrowded,Moderate,444,0,Barrack-04 (General),100,130,130.0,True,0.66,Male,39,Sec 316(2) BNS / 406 IPC,Criminal Breach of Trust,True,36.0,False,False,1,2026-08-03,0,19,1/3_first_timer,365.0,Ineligible_Under_Time,DLSA-UP-GZB,PBL-UP-203,Adv. Akhilesh Yadav,2026-08-06,Assigned,Pending_Hearing,2026-07-26,2026-09-19,,,,,False,Not_Applicable,,Low
UTP-2026-0274,UTGH01-597654-2026,PRIS-UP-01,Dasna District Jail (Ghaziabad),Uttar Pradesh,Ghaziabad,1706,2150,126.0,Overcrowded,Moderate,444,0,Barrack-04 (General),100,130,130.0,True,0.93,Male,26,sec 303(2) bns / 379 ipc,Theft,True,36.0,False,True,3,2024-03-01,0,904,1/2_repeat_offender,547.0,Blocked_Multiple_FIRs,DLSA-UP-GZB,,,,Unassigned,Pending_Hearing,2026-07-14,2026-08-25,,,,,False,Multi_Case_Verification_Pending,,Low
UTP-2026-0275,UTGH01-642985-2026,PRIS-UP-01,Dasna District Jail (Ghaziabad),Uttar Pradesh,Ghaziabad,1706,2150,126.0,Overcrowded,Moderate,444,0,Barrack-04 (General),100,126,126.0,True,0.72,Male,18,Sec 309(4) BNS / 392 IPC,Robbery,True,120.0,False,False,1,2026-01-17,0,217,1/3_first_timer,1217.0,Ineligible_Under_Time,DLSA-UP-GZB,PBL-UP-202,Adv. Vandana Rajput,2026-08-05,Assigned,Hearing_Scheduled,2026-08-05,2026-09-30,,,,,False,Not_Applicable,,Low
UTP-2026-0276,UTGH01-554515-2026,PRIS-UP-01,Dasna District Jail (Ghaziabad),Uttar Pradesh,Ghaziabad,1706,2150,126.0,Overcrowded,Moderate,444,0,Barrack-04 (General),100,126,126.0,True,0.76,Male,24,Sec 305 BNS / 380 IPC,Theft in Dwelling House / Burglary,True,84.0,False,False,3,2025-09-01,0,355,1/3_first_timer,852.0,Blocked_Multiple_FIRs,DLSA-UP-GZB,PBL-UP-203,Adv. Akhilesh Yadav,2026-02-23,Assigned,Pending_Hearing,2026-08-10,2026-09-13,,,,,False,Multi_Case_Verification_Pending,,Low
UTP-2026-0277,UTGH01-383816-2024,PRIS-UP-01,Dasna District Jail (Ghaziabad),Uttar Pradesh,Ghaziabad,1706,2150,126.0,Overcrowded,Moderate,444,0,Barrack-04 (General),100,129,129.0,True,0.66,Male,41,Sec 303(2) BNS / 379 IPC,Theft,True,36.0,False,False,2,2026-08-03,0,19,1/3_first_timer,365.0,Blocked_Multiple_FIRs,DLSA-UP-GZB,PBL-UP-202,Adv. Vandana Rajput,2026-08-06,Assigned,Pending_Hearing,2026-08-14,2026-09-10,,,,,False,Multi_Case_Verification_Pending,Severe Cardiac / Requires Level 3 Hospital Care,Low
UTP-2026-0278,UTGH01-628288-2025,PRIS-UP-01,Dasna District Jail (Ghaziabad),Uttar Pradesh,Ghaziabad,1706,2150,126.0,Overcrowded,Moderate,444,0,Barrack-04 (General),100,128,128.0,True,0.96,Male,33,Sec 318(2) BNS / 420 IPC,Cheating & Dishonesty,False,36.0,False,False,1,2023-05-08 ,0,1202,1/3_first_timer,365.0,Eligible,DLSA-UP-GZB,PBL-UP-201,Adv. Suresh Chandra Tiwari,2026-03-08,Assigned,Released_On_Personal_Bond,2026-08-01,2026-09-09,2026-07-17,2026-07-21,4.0,Personal Recognizance Bond,False,Order_Modified_And_Executed,Severe Cardiac / Requires Level 3 Hospital Care,Low
UTP-2026-0279,UTGH01-635634-2023,PRIS-UP-01,Dasna District Jail (Ghaziabad),Uttar Pradesh,Ghaziabad,1706,2150,126.0,Overcrowded,Moderate,444,0,Barrack-04 (General),100,128,128.0,True,0.92,Male,41,Sec 303(2) BNS / 379 IPC,Theft,True,36.0,False,False,1,2024-04-05,0,869,1/3_first_timer,365.0,Eligible,DLSA-UP-GZB,PBL-UP-202,Adv. Vandana Rajput,2026-02-09,Assigned,Released_On_Personal_Bond,2026-08-20,2026-09-25,2026-07-19,2026-07-22,3.0,Personal Recognizance Bond,False,Order_Modified_And_Executed,,Low
UTP-2026-0280,UTGH01-229180-2026,PRIS-UP-01,Dasna District Jail (Ghaziabad),Uttar Pradesh,Ghaziabad,1706,2150,126.0,Overcrowded,Moderate,444,0,Barrack-04 (General),100,129,129.0,True,0.87,Male,24,Sec 309(4) BNS / 392 IPC,Robbery,True,120.0,False,False,1,2024-09-20,0,701,1/3_first_timer,1217.0,Ineligible_Under_Time,DLSA-UP-GZB,PBL-UP-202,Adv. Vandana Rajput,2026-05-30,Assigned,Hearing_Scheduled,2026-08-02,2026-08-31,,,,,False,Not_Applicable,,Low
UTP-2026-0281,UTGH01-266004-2025,PRIS-UP-01,Dasna District Jail (Ghaziabad),Uttar Pradesh,Ghaziabad,1706,2150,126.0,Overcrowded,Moderate,444,0,Barrack-04 (General),100,130,130.0,True,0.51,Male,57,Sec 115(2) BNS / 323 IPC,Voluntarily Causing Hurt (Assault),True,12.0,False,False,1,2026-05-16,120,1,1/3_first_timer,122.0,Ineligible_Under_Time,DLSA-UP-GZB,PBL-UP-203,Adv. Akhilesh Yadav,2026-07-26,Assigned,Hearing_Scheduled,2026-08-03,2026-09-13,,,,,False,Not_Applicable,,Medium
UTP-2026-0282,UTGH01-599555-2025,PRIS-UP-01,Dasna District Jail (Ghaziabad),Uttar Pradesh,Ghaziabad,1706,2150,126.0,Overcrowded,Moderate,444,0,Barrack-04 (General),100,124,124.0,True,0.8,Male,20,Sec 303(2) BNS / 379 IPC,Theft,True,36.0,False,False,2,2025-04-23,0,486,1/3_first_timer,365.0,Blocked_Multiple_FIRs,DLSA-UP-GZB,PBL-UP-202,Adv. Vandana Rajput,2025-12-19,Assigned,Verification_Required,2026-08-16,2026-08-28,,,,,False,Multi_Case_Verification_Pending,,Low
UTP-2026-0283,UTGH01-928379-2024,PRIS-UP-01,Dasna District Jail (Ghaziabad),Uttar Pradesh,Ghaziabad,1706,2150,126.0,Overcrowded,Moderate,444,0,Barrack-04 (General),100,125,125.0,True,0.72,Male,25,Sec 309(4) BNS / 392 IPC,Robbery,True,120.0,False,False,1,2026-01-02,15,217,1/3_first_timer,1217.0,Ineligible_Under_Time,DLSA-UP-GZB,PBL-UP-203,Adv. Akhilesh Yadav,2026-01-03,Assigned,Not_Applied,2026-08-16,2026-09-15,,,,,False,Not_Applicable,Tuberculosis (Isolation / Level 2 Inpatient),Low
UTP-2026-0284,UTGH01-123637-2024,PRIS-UP-01,Dasna District Jail (Ghaziabad),Uttar Pradesh,Ghaziabad,1706,2150,126.0,Overcrowded,Moderate,444,0,Barrack-04 (General),100,122,122.0,True,0.76,Male,23,Sec 303(2) BNS / 379 IPC,Theft,True,36.0,False,False,1,2025-07-19,45,354,1/3_first_timer,365.0,Approaching_Threshold_11d,DLSA-UP-GZB,,Private Counsel Engaged,,Private_Counsel,Pending_Trial,2026-07-15,2026-09-09,,,,,False,Not_Applicable,Hypertension (Level 1),Low
UTP-2026-0285,UTGH01-617530-2023,PRIS-UP-01,Dasna District Jail (Ghaziabad),Uttar Pradesh,Ghaziabad,1706,2150,126.0,Overcrowded,Moderate,444,0,Ward-HS (High Security),50,63,126.0,False,0.56,Male,25,Sec 103(1) BNS / 302 IPC,Murder (Life/Death Excluded from Sec 479),True,,True,False,1,2026-03-07,0,168,Not_Applicable,,Excluded_Life_Or_Death,DLSA-UP-GZB,,Private Counsel Engaged,,Private_Counsel,Pending_Trial,2026-08-12,2026-09-11,,,,,False,Barred_By_Statute,,High
UTP-2026-0286,UTGH01-495552-2024,PRIS-UP-01,Dasna District Jail (Ghaziabad),Uttar Pradesh,Ghaziabad,1706,2150,126.0,Overcrowded,Moderate,444,0,Barrack-04 (General),100,121,121.0,True,0.66,Male,31,Sec 316(2) BNS / 406 IPC,Criminal Breach of Trust,False,36.0,False,False,1,2026-07-23,0,30,1/3_first_timer,365.0,Ineligible_Under_Time,DLSA-UP-GZB,PBL-UP-202,Adv. Vandana Rajput,2026-08-11,Assigned,Pending_Hearing,2026-08-05,2026-09-08,,,,,False,Not_Applicable,Severe Cardiac / Requires Level 3 Hospital Care,Low
UTP-2026-0287,UTGH01-228320-2023,PRIS-UP-01,Dasna District Jail (Ghaziabad),Uttar Pradesh,Ghaziabad,1706,2150,126.0,Overcrowded,Moderate,444,0,Barrack-04 (General),100,126,126.0,True,0.59,Male,22,Sec 115(2) BNS / 323 IPC,Voluntarily Causing Hurt (Assault),True,12.0,False,False,1,2025-11-24,0,271,1/3_first_timer,122.0,Eligible,DLSA-UP-GZB,PBL-UP-202,Adv. Vandana Rajput,2026-01-25,Assigned,Application_Drafted,2026-07-16,2026-09-12,,,,,False,Pre_Draft_Generated,Chronic Kidney Disease (Requires Dialysis / Level 3),Medium
UTP-2026-0288,UTGH01-901313-2026,PRIS-UP-01,Dasna District Jail (Ghaziabad),Uttar Pradesh,Ghaziabad,1706,2150,126.0,Overcrowded,Moderate,444,0,Barrack-04 (General),100,126,126.0,True,0.52,Male,32,Sec 303(2) BNS / 379 IPC,Theft,True,36.0,False,True,2,2026-06-19,0,64,1/2_repeat_offender,547.0,Blocked_Multiple_FIRs,DLSA-UP-GZB,,Private Counsel Engaged,,Private_Counsel,Pending_Hearing,2026-07-12,2026-09-18,,,,,False,Multi_Case_Verification_Pending,,Medium
UTP-2026-0289,UTGH01-751721-2026,PRIS-UP-01,Dasna District Jail (Ghaziabad),Uttar Pradesh,Ghaziabad,1706,2150,126.0,Overcrowded,Moderate,444,0,Barrack-04 (General),100,124,124.0,True,0.78,Male,35,Sec 303(2) BNS / 379 IPC,Theft,False,36.0,False,False,2,2025-06-28,0,420,1/3_first_timer,365.0,Blocked_Multiple_FIRs,DLSA-UP-GZB,PBL-UP-203,Adv. Akhilesh Yadav,2026-04-16,Assigned,Verification_Required,2026-07-24,2026-09-30,,,,,False,Multi_Case_Verification_Pending,Severe Cardiac / Requires Level 3 Hospital Care,Low
UTP-2026-0290,UTGH01-909043-2023,PRIS-UP-01,Dasna District Jail (Ghaziabad),Uttar Pradesh,Ghaziabad,1706,2150,126.0,Overcrowded,Moderate,444,0,Barrack-04 (General),100,127,127.0,True,0.79,Male,22,Sec 305 BNS / 380 IPC,Theft in Dwelling House / Burglary,True,84.0,False,False,1,2025-05-23,15,441,1/3_first_timer,852.0,Ineligible_Under_Time,DLSA-UP-GZB,,,,Unassigned,Not_Applied,2026-07-21,2026-09-29,,,,,False,Not_Applicable,Hypertension (Level 1),Low
UTP-2026-0291,UTGH01-708059-2025,PRIS-UP-01,Dasna District Jail (Ghaziabad),Uttar Pradesh,Ghaziabad,1706,2150,126.0,Overcrowded,Moderate,444,0,Barrack-04 (General),100,121,121.0,True,0.91,Male,19,Sec 115(2) BNS / 323 IPC,Voluntarily Causing Hurt (Assault),True,12.0,False,False,1,2023-12-01,150,845,1/3_first_timer,122.0,Eligible,DLSA-UP-GZB,PBL-UP-203,Adv. Akhilesh Yadav,2026-08-01,Assigned,Bail Granted,2026-07-13,2026-09-09,2026-08-10,,12.0,Two Local Solvent Sureties,True,Petition_Drafted_Sec483,Chronic Kidney Disease (Requires Dialysis / Level 3),Low
UTP-2026-0292,UTGH01-719946-2023,PRIS-UP-01,Dasna District Jail (Ghaziabad),Uttar Pradesh,Ghaziabad,1706,2150,126.0,Overcrowded,Moderate,444,0,Barrack-04 (General),100,121,121.0,True,0.75,Male,23,Sec 305 BNS / 380 IPC,Theft in Dwelling House / Burglary,True,84.0,False,False,2,2025-10-16,0,310,1/3_first_timer,852.0,Blocked_Multiple_FIRs,DLSA-UP-GZB,PBL-UP-203,Adv. Akhilesh Yadav,2026-08-04,Assigned,Pending_Hearing,2026-07-09,2026-09-03,,,,,False,Multi_Case_Verification_Pending,Tuberculosis (Isolation / Level 2 Inpatient),Low
UTP-2026-0293,UTGH01-479547-2024,PRIS-UP-01,Dasna District Jail (Ghaziabad),Uttar Pradesh,Ghaziabad,1706,2150,126.0,Overcrowded,Moderate,444,0,Barrack-04 (General),100,129,129.0,True,0.74,Male,42,Sec 305 BNS / 380 IPC,Theft in Dwelling House / Burglary,False,84.0,False,False,3,2025-11-02,0,293,1/3_first_timer,852.0,Blocked_Multiple_FIRs,DLSA-UP-GZB,PBL-UP-203,Adv. Akhilesh Yadav,2026-07-24,Assigned,Verification_Required,2026-07-28,2026-09-24,,,,,False,Multi_Case_Verification_Pending,,Low
UTP-2026-0294,UTGH01-910176-2024,PRIS-UP-01,Dasna District Jail (Ghaziabad),Uttar Pradesh,Ghaziabad,1706,2150,126.0,Overcrowded,Moderate,444,0,Barrack-04 (General),100,125,125.0,True,0.67,Male,26,Sec 318(2) BNS / 420 IPC,Cheating & Dishonesty,True,36.0,False,False,1,2026-07-05,0,48,1/3_first_timer,365.0,Ineligible_Under_Time,DLSA-UP-GZB,PBL-UP-201,Adv. Suresh Chandra Tiwari,2026-07-16,Assigned,Pending_Hearing,2026-08-19,2026-09-04,,,,,False,Not_Applicable,,Low
UTP-2026-0295,UTGH01-975356-2026,PRIS-UP-01,Dasna District Jail (Ghaziabad),Uttar Pradesh,Ghaziabad,1706,2150,126.0,Overcrowded,Moderate,444,0,Barrack-04 (General),100,122,122.0,True,0.86,Male,23,Sec 309(4) BNS / 392 IPC,Robbery,True,120.0,False,False,1,2024-10-25,0,666,1/3_first_timer,1217.0,Ineligible_Under_Time,DLSA-UP-GZB,,Private Counsel Engaged,,Private_Counsel,Pending_Trial,2026-08-20,2026-10-01,,,,,False,Not_Applicable,Tuberculosis (Isolation / Level 2 Inpatient),Low
UTP-2026-0296,UTGH01-866493-2024,PRIS-UP-01,Dasna District Jail (Ghaziabad),Uttar Pradesh,Ghaziabad,1706,2150,126.0,Overcrowded,Moderate,444,0,Barrack-04 (General),100,126,126.0,True,0.72,Male,21,Sec 189(2) BNS / 147 IPC,Rioting / Unlawful Assembly,False,24.0,False,False,1,2026-01-29,0,205,1/3_first_timer,243.0,Ineligible_Under_Time,DLSA-UP-GZB,PBL-UP-201,Adv. Suresh Chandra Tiwari,2026-06-30,Assigned,Pending_Hearing,2026-08-02,2026-09-10,,,,,False,Not_Applicable,,Low
UTP-2026-0297,UTGH01-985778-2023,PRIS-UP-01,Dasna District Jail (Ghaziabad),Uttar Pradesh,Ghaziabad,1706,2150,126.0,Overcrowded,Moderate,444,0,Barrack-04 (General),100,129,129.0,True,0.66,Male,36,Sec 303(2) BNS / 379 IPC,Theft,False,36.0,False,False,1,2026-07-21,0,32,1/3_first_timer,365.0,Ineligible_Under_Time,DLSA-UP-GZB,PBL-UP-201,Adv. Suresh Chandra Tiwari,2026-08-05,Assigned,Not_Applied,2026-08-16,2026-09-14,,,,,False,Not_Applicable,Chronic Kidney Disease (Requires Dialysis / Level 3),Low
UTP-2026-0298,UTGH01-330906-2024,PRIS-UP-01,Dasna District Jail (Ghaziabad),Uttar Pradesh,Ghaziabad,1706,2150,126.0,Overcrowded,Moderate,444,0,Barrack-04 (General),100,123,123.0,True,0.68,Male,58,Sec 305 BNS / 380 IPC,Theft in Dwelling House / Burglary,True,84.0,False,False,1,2026-06-05,0,78,1/3_first_timer,852.0,Ineligible_Under_Time,DLSA-UP-GZB,,,,Unassigned,Hearing_Scheduled,2026-08-07,2026-08-25,,,,,False,Not_Applicable,,Low
UTP-2026-0299,UTGH01-604322-2025,PRIS-UP-01,Dasna District Jail (Ghaziabad),Uttar Pradesh,Ghaziabad,1706,2150,126.0,Overcrowded,Moderate,444,0,Barrack-04 (General),100,127,127.0,True,0.96,Male,25,Sec 309(4) BNS / 392 IPC,Robbery,True,120.0,False,False,3,2023-11-02,0,1024,1/3_first_timer,1217.0,Blocked_Multiple_FIRs,DLSA-UP-GZB,PBL-UP-201,Adv. Suresh Chandra Tiwari,2026-04-16,Assigned,Pending_Hearing,2026-07-31,2026-09-01,,,,,False,Multi_Case_Verification_Pending,Hypertension (Level 1),Low
UTP-2026-0300,UTGH01-767173-2023,PRIS-UP-01,Dasna District Jail (Ghaziabad),Uttar Pradesh,Ghaziabad,1706,2150,126.0,Overcrowded,Moderate,444,0,Barrack-04 (General),100,122,122.0,True,0.91,Male,19,Sec 316(2) BNS / 406 IPC,Criminal Breach of Trust,True,36.0,False,False,1,2024-01-24,90,851,1/3_first_timer,365.0,Eligible,DLSA-UP-GZB,PBL-UP-203,Adv. Akhilesh Yadav,2026-08-07,Assigned,Bail Granted,2026-08-19,2026-09-18,2026-08-16,,6.0,"Local Surety Bond ₹15,000",False,Monitoring,,Low
UTP-2026-0301,UTGH01-517267-2026,PRIS-UP-01,Dasna District Jail (Ghaziabad),Uttar Pradesh,Ghaziabad,1706,2150,126.0,Overcrowded,Moderate,444,0,Ward-HS (High Security),50,61,122.0,False,0.52,Male,19,Sec 103(1) BNS / 302 IPC,Murder (Life/Death Excluded from Sec 479),True,,True,True,1,2026-07-07,0,46,Not_Applicable,,Excluded_Life_Or_Death,DLSA-UP-GZB,,Private Counsel Engaged,,Private_Counsel,Rejected_Sessions,2026-07-27,2026-09-19,,,,,False,Barred_By_Statute,,High
UTP-2026-0302,UTGH01-377107-2026,PRIS-UP-01,Dasna District Jail (Ghaziabad),Uttar Pradesh,Ghaziabad,1706,2150,126.0,Overcrowded,Moderate,444,0,Barrack-04 (General),100,126,126.0,True,0.81,Male,31,Sec 305 BNS / 380 IPC,Theft in Dwelling House / Burglary,False,84.0,False,False,1,2023-11-11,0,1015,1/3_first_timer,852.0,Eligible,DLSA-UP-GZB,PBL-UP-201,Adv. Suresh Chandra Tiwari,2026-04-07,Assigned,Released_On_Bail,2026-07-26,2026-09-17,2026-06-11,2026-06-12,1.0,Solvency Certificate (Property),False,Executed_With_Surety,Severe Cardiac / Requires Level 3 Hospital Care,Medium
UTP-2026-0303,UTGH01-617386-2025,PRIS-UP-01,Dasna District Jail (Ghaziabad),Uttar Pradesh,Ghaziabad,1706,2150,126.0,Overcrowded,Moderate,444,0,Barrack-04 (General),100,126,126.0,True,0.52,Male,41,Sec 117(2) BNS / 325 IPC,Voluntarily Causing Grievous Hurt,False,84.0,False,False,1,2026-06-27,0,56,1/3_first_timer,852.0,Ineligible_Under_Time,DLSA-UP-GZB,PBL-UP-201,Adv. Suresh Chandra Tiwari,2026-07-08,Assigned,Hearing_Scheduled,2026-07-20,2026-09-28,,,,,False,Not_Applicable,,Medium
UTP-2026-0304,UTGH01-650071-2026,PRIS-UP-01,Dasna District Jail (Ghaziabad),Uttar Pradesh,Ghaziabad,1706,2150,126.0,Overcrowded,Moderate,444,0,Barrack-04 (General),100,127,127.0,True,0.69,Male,25,Sec 316(2) BNS / 406 IPC,Criminal Breach of Trust,True,36.0,False,False,1,2026-04-17,0,127,1/3_first_timer,365.0,Ineligible_Under_Time,DLSA-UP-GZB,PBL-UP-202,Adv. Vandana Rajput,2026-06-07,Assigned,Not_Applied,2026-07-31,2026-09-17,,,,,False,Not_Applicable,,Low
UTP-2026-0305,UTGH01-308947-2023,PRIS-UP-01,Dasna District Jail (Ghaziabad),Uttar Pradesh,Ghaziabad,1706,2150,126.0,Overcrowded,Moderate,444,0,Barrack-04 (General),100,128,128.0,True,0.69,Male,26,Sec 303(2) BNS / 379 IPC,Theft,False,36.0,False,False,1,2026-05-04,0,110,1/3_first_timer,365.0,Ineligible_Under_Time,DLSA-UP-GZB,PBL-UP-201,Adv. Suresh Chandra Tiwari,2026-07-19,Assigned,Hearing_Scheduled,2026-08-03,2026-09-12,,,,,False,Not_Applicable,Severe Cardiac / Requires Level 3 Hospital Care,Low
UTP-2026-0306,UTGH01-390704-2026,PRIS-UP-01,Dasna District Jail (Ghaziabad),Uttar Pradesh,Ghaziabad,1706,2150,126.0,Overcrowded,Moderate,444,0,Barrack-04 (General),100,131,131.0,True,0.75,Male,37,Sec 117(2) BNS / 325 IPC,Voluntarily Causing Grievous Hurt,True,84.0,False,True,1,2024-05-21,0,823,1/2_repeat_offender,1277.0,Ineligible_Under_Time,DLSA-UP-GZB,PBL-UP-201,Adv. Suresh Chandra Tiwari,2026-05-22,Assigned,Not_Applied,2026-08-16,2026-08-28,,,,,False,Not_Applicable,Chronic Kidney Disease (Requires Dialysis / Level 3),Medium
UTP-2026-0307,UTGH01-558482-2026,PRIS-UP-01,Dasna District Jail (Ghaziabad),Uttar Pradesh,Ghaziabad,1706,2150,126.0,Overcrowded,Moderate,444,0,Barrack-04 (General),100,126,126.0,True,0.68,Male,24,Sec 305 BNS / 380 IPC,Theft in Dwelling House / Burglary,False,84.0,False,False,1,2026-06-13,0,70,1/3_first_timer,852.0,Ineligible_Under_Time,DLSA-UP-GZB,PBL-UP-203,Adv. Akhilesh Yadav,2026-07-21,Assigned,Not_Applied,2026-07-24,2026-09-07,,,,,False,Not_Applicable,Hypertension (Level 1),Low
UTP-2026-0308,UTGH01-963319-2023,PRIS-UP-01,Dasna District Jail (Ghaziabad),Uttar Pradesh,Ghaziabad,1706,2150,126.0,Overcrowded,Moderate,444,0,Barrack-04 (General),100,124,124.0,True,0.6,Male,36,Sec 115(2) BNS / 323 IPC,Voluntarily Causing Hurt (Assault),False,12.0,False,False,1,2025-10-25,0,301,1/3_first_timer,122.0,Eligible,DLSA-UP-GZB,PBL-UP-202,Adv. Vandana Rajput,2026-08-05,Assigned,Released_On_Bail,2026-07-12,2026-09-03,2026-07-22,2026-07-24,2.0,Solvency Certificate (Property),False,Executed_With_Surety,Hypertension (Level 1),Medium
UTP-2026-0309,UTGH01-522757-2026,PRIS-UP-01,Dasna District Jail (Ghaziabad),Uttar Pradesh,Ghaziabad,1706,2150,126.0,Overcrowded,Moderate,444,0,Barrack-04 (General),100,129,129.0,True,0.73,Male,42,Sec 318(2) BNS / 420 IPC,Cheating & Dishonesty,True,36.0,False,True,2,2025-12-17,0,248,1/2_repeat_offender,547.0,Blocked_Multiple_FIRs,DLSA-UP-GZB,PBL-UP-203,Adv. Akhilesh Yadav,2026-04-30,Assigned,Pending_Hearing,2026-08-09,2026-08-25,,,,,False,Multi_Case_Verification_Pending,,Low
UTP-2026-0310,UTGH01-422733-2024,PRIS-UP-01,Dasna District Jail (Ghaziabad),Uttar Pradesh,Ghaziabad,1706,2150,126.0,Overcrowded,Moderate,444,0,Barrack-04 (General),100,124,124.0,True,0.67,Male,38,Sec 189(2) BNS / 147 IPC,Rioting / Unlawful Assembly,True,24.0,False,False,1,2026-07-03,0,50,1/3_first_timer,243.0,Ineligible_Under_Time,DLSA-UP-GZB,PBL-UP-201,Adv. Suresh Chandra Tiwari,2026-08-01,Assigned,Hearing_Scheduled,2026-08-02,2026-09-10,,,,,False,Not_Applicable,,Low
UTP-2026-0311,UTGH01-320958-2025,PRIS-UP-01,Dasna District Jail (Ghaziabad),Uttar Pradesh,Ghaziabad,1706,2150,126.0,Overcrowded,Moderate,444,0,Barrack-04 (General),100,125,125.0,True,0.67,Male,40,Sec 305 BNS / 380 IPC,Theft in Dwelling House / Burglary,True,84.0,False,False,1,2026-07-15,0,38,1/3_first_timer,852.0,Ineligible_Under_Time,DLSA-UP-GZB,PBL-UP-203,Adv. Akhilesh Yadav,2026-07-25,Assigned,Pending_Hearing,2026-08-18,2026-09-14,,,,,False,Not_Applicable,Tuberculosis (Isolation / Level 2 Inpatient),Low
UTP-2026-0312,UTGH01-730133-2025,PRIS-UP-01,Dasna District Jail (Ghaziabad),Uttar Pradesh,Ghaziabad,1706,2150,126.0,Overcrowded,Moderate,444,0,Barrack-04 (General),100,122,122.0,True,0.8,Male,38,Sec 305 BNS / 380 IPC,Theft in Dwelling House / Burglary,False,84.0,False,False,1,2023-12-27,0,969,1/3_first_timer,852.0,Eligible,DLSA-UP-GZB,PBL-UP-202,Adv. Vandana Rajput,2026-03-18,Assigned,Bail Granted,2026-07-26,2026-10-01,2026-08-17,,5.0,Solvency Certificate (Land),False,Monitoring,,Medium
UTP-2026-0313,UTGH01-347656-2024,PRIS-UP-01,Dasna District Jail (Ghaziabad),Uttar Pradesh,Ghaziabad,1706,2150,126.0,Overcrowded,Moderate,444,0,Barrack-04 (General),100,121,121.0,True,0.73,Male,25,Sec 305 BNS / 380 IPC,Theft in Dwelling House / Burglary,False,84.0,False,True,1,2025-11-20 ,15,260,1/2_repeat_offender,1277.0,Ineligible_Under_Time,DLSA-UP-GZB,PBL-UP-203,Adv. Akhilesh Yadav,2026-06-19,Assigned,Hearing_Scheduled,2026-07-21,2026-09-18,,,,,False,Not_Applicable,,Low
UTP-2026-0314,UTGH01-740225-2026,PRIS-UP-01,Dasna District Jail (Ghaziabad),Uttar Pradesh,Ghaziabad,1706,2150,126.0,Overcrowded,Moderate,444,0,Barrack-04 (General),100,131,131.0,True,0.51,Male,37,Sec 305 BNS / 380 IPC,Theft in Dwelling House / Burglary,True,84.0,False,False,1,2026-07-11,60,1,1/3_first_timer,852.0,Ineligible_Under_Time,DLSA-UP-GZB,PBL-UP-202,Adv. Vandana Rajput,2026-07-24,Assigned,Pending_Hearing,2026-07-27,2026-09-24,,,,,False,Not_Applicable,,Medium
UTP-2026-0315,UTGH01-417670-2026,PRIS-UP-01,Dasna District Jail (Ghaziabad),Uttar Pradesh,Ghaziabad,1706,2150,126.0,Overcrowded,Moderate,444,0,Barrack-04 (General),100,129,129.0,True,0.83,Male,26,Sec 309(4) BNS / 392 IPC,Robbery,True,120.0,False,False,1,2025-01-04,0,595,1/3_first_timer,1217.0,Ineligible_Under_Time,DLSA-UP-GZB,PBL-UP-202,Adv. Vandana Rajput,2026-07-15,Assigned,Hearing_Scheduled,2026-08-09,2026-09-21,,,,,False,Not_Applicable,Tuberculosis (Isolation / Level 2 Inpatient),Low
UTP-2026-0316,UTGH01-407484-2025,PRIS-UP-01,Dasna District Jail (Ghaziabad),Uttar Pradesh,Ghaziabad,1706,2150,126.0,Overcrowded,Moderate,444,0,Barrack-04 (General),100,128,128.0,True,0.75,Male,41,Sec 303(2) BNS / 379 IPC,Theft,False,36.0,False,True,1,2025-09-24,0,332,1/2_repeat_offender,547.0,Ineligible_Under_Time,DLSA-UP-GZB,PBL-UP-201,Adv. Suresh Chandra Tiwari,2026-07-22,Assigned,Not_Applied,2026-07-17,2026-08-31,,,,,False,Not_Applicable,,Low
UTP-2026-0317,UTGH01-292864-2025,PRIS-UP-01,Dasna District Jail (Ghaziabad),Uttar Pradesh,Ghaziabad,1706,2150,126.0,Overcrowded,Moderate,444,0,Barrack-04 (General),100,125,125.0,True,0.67,Male,24,Sec 305 BNS / 380 IPC,Theft in Dwelling House / Burglary,True,84.0,False,False,1,2026-07-14,0,39,1/3_first_timer,852.0,Ineligible_Under_Time,DLSA-UP-GZB,PBL-UP-201,Adv. Suresh Chandra Tiwari,2026-07-21,Assigned,Hearing_Scheduled,2026-08-17,2026-09-17,,,,,False,Not_Applicable,,Low
UTP-2026-0318,UTGH01-118950-2025,PRIS-UP-01,Dasna District Jail (Ghaziabad),Uttar Pradesh,Ghaziabad,1706,2150,126.0,Overcrowded,Moderate,444,0,Barrack-04 (General),100,123,123.0,True,0.69,Male,42,Sec 305 BNS / 380 IPC,Theft in Dwelling House / Burglary,True,84.0,False,True,1,2024-12-30,0,600,1/2_repeat_offender,1277.0,Ineligible_Under_Time,DLSA-UP-GZB,PBL-UP-203,Adv. Akhilesh Yadav,2026-08-09,Assigned,Pending_Trial,2026-07-30,2026-09-15,,,,,False,Not_Applicable,,Medium
UTP-2026-0319,UTGH01-131000-2024,PRIS-UP-01,Dasna District Jail (Ghaziabad),Uttar Pradesh,Ghaziabad,1706,2150,126.0,Overcrowded,Moderate,444,0,Barrack-04 (General),100,123,123.0,True,0.68,Male,22,Sec 305 BNS / 380 IPC,Theft in Dwelling House / Burglary,True,84.0,False,False,1,2026-05-22,0,92,1/3_first_timer,852.0,Ineligible_Under_Time,DLSA-UP-GZB,,,,Unassigned,Not_Applied,2026-07-27,2026-09-28,,,,,False,Not_Applicable,Hypertension (Level 1),Low
UTP-2026-0320,UTGH01-626704-2026,PRIS-UP-01,Dasna District Jail (Ghaziabad),Uttar Pradesh,Ghaziabad,1706,2150,126.0,Overcrowded,Moderate,444,0,Barrack-04 (General),100,123,123.0,True,0.7,Male,40,Sec 115(2) BNS / 323 IPC,Voluntarily Causing Hurt (Assault),True,12.0,False,False,1,2026-03-28,0,147,1/3_first_timer,122.0,Eligible,DLSA-UP-GZB,PBL-UP-202,Adv. Vandana Rajput,2026-04-16,Assigned,Released_On_Bail,2026-07-10,2026-09-05,2026-06-19,2026-06-20,1.0,"Local Surety Bond ₹10,000",False,Executed_With_Surety,Hypertension (Level 1),Low
UTP-2026-0321,UTGH01-991613-2024,PRIS-UP-01,Dasna District Jail (Ghaziabad),Uttar Pradesh,Ghaziabad,1706,2150,126.0,Overcrowded,Moderate,444,0,Barrack-04 (General),100,126,126.0,True,0.52,Male,40,Sec 318(2) BNS / 420 IPC,Cheating & Dishonesty,False,36.0,False,False,2,2026-07-13,0,40,1/3_first_timer,365.0,Blocked_Multiple_FIRs,DLSA-UP-GZB,PBL-UP-202,Adv. Vandana Rajput,2026-07-29,Assigned,Bail_Pending,2026-08-05,2026-09-22,,,,,False,Multi_Case_Verification_Pending,,Medium
UTP-2026-0322,UTGH01-660118-2023,PRIS-UP-01,Dasna District Jail (Ghaziabad),Uttar Pradesh,Ghaziabad,1706,2150,126.0,Overcrowded,Moderate,444,0,Barrack-04 (General),100,128,128.0,True,0.67,Male,39,Sec 115(2) BNS / 323 IPC,Voluntarily Causing Hurt (Assault),False,12.0,False,False,1,2026-06-18,0,65,1/3_first_timer,122.0,Ineligible_Under_Time,DLSA-UP-GZB,,Private Counsel Engaged,,Private_Counsel,Hearing_Scheduled,2026-07-26,2026-09-26,,,,,False,Not_Applicable,Hypertension (Level 1),Low
UTP-2026-0323,UTGH01-372629-2025,PRIS-UP-01,Dasna District Jail (Ghaziabad),Uttar Pradesh,Ghaziabad,1706,2150,126.0,Overcrowded,Moderate,444,0,Barrack-04 (General),100,128,128.0,True,0.69,Male,26,Sec 316(2) BNS / 406 IPC,Criminal Breach of Trust,True,36.0,False,False,1,2026-04-21,0,123,1/3_first_timer,365.0,Ineligible_Under_Time,DLSA-UP-GZB,PBL-UP-202,Adv. Vandana Rajput,2026-08-09,Assigned,Pending_Trial,2026-08-06,2026-09-17,,,,,False,Not_Applicable,,Low
UTP-2026-0324,UTGH01-641922-2026,PRIS-UP-01,Dasna District Jail (Ghaziabad),Uttar Pradesh,Ghaziabad,1706,2150,126.0,Overcrowded,Moderate,444,0,Barrack-04 (General),100,124,124.0,True,0.69,Male,36,Sec 115(2) BNS / 323 IPC,Voluntarily Causing Hurt (Assault),False,12.0,False,False,1,2026-05-05,0,109,1/3_first_timer,122.0,Approaching_Threshold_13d,DLSA-UP-GZB,PBL-UP-202,Adv. Vandana Rajput,2026-05-22,Assigned,Hearing_Scheduled,2026-08-10,2026-09-27,,,,,False,Not_Applicable,,Low
UTP-2026-0325,UTGH01-134435-2026,PRIS-UP-01,Dasna District Jail (Ghaziabad),Uttar Pradesh,Ghaziabad,1706,2150,126.0,Overcrowded,Moderate,444,0,Barrack-04 (General),100,131,131.0,True,0.68,Male,41,Sec 117(2) BNS / 325 IPC,Voluntarily Causing Grievous Hurt,True,84.0,False,False,1,2026-05-31,0,83,1/3_first_timer,852.0,Ineligible_Under_Time,DLSA-UP-GZB,,Private Counsel Engaged,,Private_Counsel,Not_Applied,2026-08-17,2026-09-22,,,,,False,Not_Applicable,,Low
UTP-2026-0326,UTGH01-919370-2023,PRIS-UP-01,Dasna District Jail (Ghaziabad),Uttar Pradesh,Ghaziabad,1706,2150,126.0,Overcrowded,Moderate,444,0,Barrack-04 (General),100,128,128.0,True,0.7,Male,25,Sec 316(2) BNS / 406 IPC,Criminal Breach of Trust,True,36.0,False,False,1,2026-03-29,0,146,1/3_first_timer,365.0,Ineligible_Under_Time,DLSA-UP-GZB,PBL-UP-202,Adv. Vandana Rajput,2026-05-28,Assigned,Hearing_Scheduled,2026-07-15,2026-08-25,,,,,False,Not_Applicable,,Low
UTP-2026-0327,UTGH01-688528-2025,PRIS-UP-01,Dasna District Jail (Ghaziabad),Uttar Pradesh,Ghaziabad,1706,2150,126.0,Overcrowded,Moderate,444,0,Barrack-04 (General),100,127,127.0,True,0.66,Male,25,Sec 305 BNS / 380 IPC,Theft in Dwelling House / Burglary,False,84.0,False,True,1,2026-08-07,0,15,1/2_repeat_offender,1277.0,Ineligible_Under_Time,DLSA-UP-GZB,PBL-UP-201,Adv. Suresh Chandra Tiwari,2026-08-09,Assigned,Pending_Hearing,2026-07-08,2026-09-13,,,,,False,Not_Applicable,Chronic Diabetes (Level 1 Dispensary),Low
UTP-2026-0328,UTGH01-641554-2026,PRIS-UP-01,Dasna District Jail (Ghaziabad),Uttar Pradesh,Ghaziabad,1706,2150,126.0,Overcrowded,Moderate,444,0,Barrack-04 (General),100,127,127.0,True,0.96,Male,41,Sec 115(2) BNS / 323 IPC,Voluntarily Causing Hurt (Assault),False,12.0,False,False,1,2023-04-27,0,1213,1/3_first_timer,122.0,Eligible,DLSA-UP-GZB,PBL-UP-203,Adv. Akhilesh Yadav,2026-05-14,Assigned,Bail Granted,2026-07-31,2026-09-22,2026-07-20,,33.0,Two Local Solvent Sureties,True,Petition_Drafted_Sec483,Hypertension (Level 1),Low
UTP-2026-0329,UTGH01-561481-2025,PRIS-UP-01,Dasna District Jail (Ghaziabad),Uttar Pradesh,Ghaziabad,1706,2150,126.0,Overcrowded,Moderate,444,0,Barrack-04 (General),100,125,125.0,True,0.86,Male,40,Sec 117(2) BNS / 325 IPC,Voluntarily Causing Grievous Hurt,True,84.0,False,True,1,2024-10-23,0,668,1/2_repeat_offender,1277.0,Ineligible_Under_Time,DLSA-UP-GZB,,Private Counsel Engaged,,Private_Counsel,Hearing_Scheduled,2026-07-09,2026-09-18,,,,,False,Not_Applicable,,Low
UTP-2026-0330,UTGH01-700554-2025,PRIS-UP-01,Dasna District Jail (Ghaziabad),Uttar Pradesh,Ghaziabad,1706,2150,126.0,Overcrowded,Moderate,444,0,Barrack-04 (General),100,123,123.0,True,0.87,Male,21,Sec 303(2) BNS / 379 IPC,Theft,True,36.0,False,False,1,2024-08-29,0,723,1/3_first_timer,365.0,Eligible,DLSA-UP-GZB,,,,Unassigned,Bail Granted,2026-07-23,2026-09-07,2026-08-18,,4.0,Solvency Certificate (Land),False,Monitoring,Chronic Diabetes (Level 1 Dispensary),Low
UTP-2026-0331,UTGH01-442957-2026,PRIS-UP-01,Dasna District Jail (Ghaziabad),Uttar Pradesh,Ghaziabad,1706,2150,126.0,Overcrowded,Moderate,444,0,Barrack-04 (General),100,125,125.0,True,0.7,Male,42,Sec 324(2) BNS / 427 IPC,Mischief Causing Damage,True,24.0,False,False,1,2024-11-06,0,654,1/3_first_timer,243.0,Eligible,DLSA-UP-GZB,PBL-UP-203,Adv. Akhilesh Yadav,2026-01-08,Assigned,Pending_Hearing,2026-08-15,2026-09-30,,,,,False,Pre_Draft_Generated,Tuberculosis (Isolation / Level 2 Inpatient),Medium
UTP-2026-0332,UTGH01-336170-2025,PRIS-UP-01,Dasna District Jail (Ghaziabad),Uttar Pradesh,Ghaziabad,1706,2150,126.0,Overcrowded,Moderate,444,0,Barrack-04 (General),100,129,129.0,True,0.73,Male,31,sec 189(2) bns / 147 ipc,Rioting / Unlawful Assembly,False,24.0,False,True,2,2025-12-02,0,263,1/2_repeat_offender,365.0,Blocked_Multiple_FIRs,DLSA-UP-GZB,PBL-UP-202,Adv. Vandana Rajput,2025-12-27,Assigned,Bail_Pending,2026-07-15,2026-09-03,,,,,False,Multi_Case_Verification_Pending,,Low
UTP-2026-0333,UTGH01-560996-2023,PRIS-UP-01,Dasna District Jail (Ghaziabad),Uttar Pradesh,Ghaziabad,1706,2150,126.0,Overcrowded,Moderate,444,0,Barrack-04 (General),100,121,121.0,True,0.65,Male,54,Sec 309(4) BNS / 392 IPC,Robbery,False,120.0,False,True,2,2025-05-08,0,471,1/2_repeat_offender,1825.0,Blocked_Multiple_FIRs,DLSA-UP-GZB,PBL-UP-202,Adv. Vandana Rajput,2026-03-14,Assigned,Bail_Pending,2026-08-13,2026-08-30,,,,,False,Multi_Case_Verification_Pending,Chronic Kidney Disease (Requires Dialysis / Level 3),Medium
UTP-2026-0334,UTGH01-471910-2025,PRIS-UP-01,Dasna District Jail (Ghaziabad),Uttar Pradesh,Ghaziabad,1706,2150,126.0,Overcrowded,Moderate,444,0,Barrack-04 (General),100,122,122.0,True,0.66,Male,25,Sec 309(4) BNS / 392 IPC,Robbery,True,120.0,False,False,1,2025-03-22,0,518,1/3_first_timer,1217.0,Ineligible_Under_Time,DLSA-UP-GZB,PBL-UP-202,Adv. Vandana Rajput,2026-08-08,Assigned,Pending_Hearing,2026-08-03,2026-09-14,,,,,False,Not_Applicable,,Medium
UTP-2026-0335,UTGH01-214705-2024,PRIS-UP-01,Dasna District Jail (Ghaziabad),Uttar Pradesh,Ghaziabad,1706,2150,126.0,Overcrowded,Moderate,444,0,Barrack-04 (General),100,121,121.0,True,0.72,Male,58,Sec 189(2) BNS / 147 IPC,Rioting / Unlawful Assembly,True,24.0,False,False,1,2025-12-18,15,232,1/3_first_timer,243.0,Approaching_Threshold_11d,DLSA-UP-GZB,PBL-UP-201,Adv. Suresh Chandra Tiwari,2026-02-05,Assigned,Pending_Hearing,2026-08-11,2026-09-20,,,,,False,Not_Applicable,Chronic Kidney Disease (Requires Dialysis / Level 3),Low
UTP-2026-0336,UTGH01-234425-2025,PRIS-UP-01,Dasna District Jail (Ghaziabad),Uttar Pradesh,Ghaziabad,1706,2150,126.0,Overcrowded,Moderate,444,0,Barrack-04 (General),100,121,121.0,True,0.68,Male,37,Sec 316(2) BNS / 406 IPC,Criminal Breach of Trust,True,36.0,False,False,1,2026-06-05,0,78,1/3_first_timer,365.0,Ineligible_Under_Time,DLSA-UP-GZB,PBL-UP-201,Adv. Suresh Chandra Tiwari,2026-07-25,Assigned,Pending_Hearing,2026-08-06,2026-08-30,,,,,False,Not_Applicable,Hypertension (Level 1),Low
UTP-2026-0337,UTGH01-884267-2026,PRIS-UP-01,Dasna District Jail (Ghaziabad),Uttar Pradesh,Ghaziabad,1706,2150,126.0,Overcrowded,Moderate,444,0,Barrack-04 (General),100,130,130.0,True,0.66,Male,21,Sec 115(2) BNS / 323 IPC,Voluntarily Causing Hurt (Assault),True,12.0,False,False,3,2026-08-03,0,19,1/3_first_timer,122.0,Blocked_Multiple_FIRs,DLSA-UP-GZB,PBL-UP-202,Adv. Vandana Rajput,2026-08-05,Assigned,Verification_Required,2026-07-29,2026-09-06,,,,,False,Multi_Case_Verification_Pending,Severe Cardiac / Requires Level 3 Hospital Care,Low
UTP-2026-0338,UTGH01-669711-2024,PRIS-UP-01,Dasna District Jail (Ghaziabad),Uttar Pradesh,Ghaziabad,1706,2150,126.0,Overcrowded,Moderate,444,0,Barrack-04 (General),100,128,128.0,True,0.52,Male,25,sec 309(4) bns / 392 ipc,Robbery,True,120.0,False,False,1,2026-05-29,45,40,1/3_first_timer,1217.0,Ineligible_Under_Time,DLSA-UP-GZB,PBL-UP-201,Adv. Suresh Chandra Tiwari,2026-06-09,Assigned,Not_Applied,2026-08-09,2026-09-19,,,,,False,Not_Applicable,,Medium
UTP-2026-0339,UTGH01-667092-2026,PRIS-UP-01,Dasna District Jail (Ghaziabad),Uttar Pradesh,Ghaziabad,1706,2150,126.0,Overcrowded,Moderate,444,0,Ward-HS (High Security),50,63,126.0,False,0.81,Male,36,Sec 103(1) BNS / 302 IPC,Murder (Life/Death Excluded from Sec 479),True,,True,False,3,2023-10-24,0,1033,Not_Applicable,,Excluded_Life_Or_Death,DLSA-UP-GZB,,Private Counsel Engaged,,Private_Counsel,Rejected_High_Court,2026-07-21,2026-09-23,,,,,False,Barred_By_Statute,,High
UTP-2026-0340,UTGH01-720145-2024,PRIS-UP-01,Dasna District Jail (Ghaziabad),Uttar Pradesh,Ghaziabad,1706,2150,126.0,Overcrowded,Moderate,444,0,Barrack-04 (General),100,122,122.0,True,0.96,Male,56,Sec 303(2) BNS / 379 IPC,Theft,True,36.0,False,False,1,2023-11-14,0,1012,1/3_first_timer,365.0,Eligible,DLSA-UP-GZB,PBL-UP-203,Adv. Akhilesh Yadav,2026-07-05,Assigned,Bail Granted,2026-08-07,2026-09-22,2026-08-19,,3.0,"Local Surety Bond ₹15,000",False,Monitoring,,Low
UTP-2026-0341,UTGH01-713394-2024,PRIS-UP-01,Dasna District Jail (Ghaziabad),Uttar Pradesh,Ghaziabad,1706,2150,126.0,Overcrowded,Moderate,444,0,Barrack-04 (General),100,126,126.0,True,0.52,Male,26,Sec 303(2) BNS / 379 IPC,Theft,False,36.0,False,False,1,2026-06-22,0,61,1/3_first_timer,365.0,Ineligible_Under_Time,DLSA-UP-GZB,PBL-UP-202,Adv. Vandana Rajput,2026-07-17,Assigned,Pending_Trial,2026-08-17,2026-08-31,,,,,False,Not_Applicable,,Medium
UTP-2026-0342,UTGH01-799984-2026,PRIS-UP-01,Dasna District Jail (Ghaziabad),Uttar Pradesh,Ghaziabad,1706,2150,126.0,Overcrowded,Moderate,444,0,Barrack-04 (General),100,126,126.0,True,0.73,Male,24,Sec 318(2) BNS / 420 IPC,Cheating & Dishonesty,True,36.0,False,False,1,2025-07-03,150,265,1/3_first_timer,365.0,Ineligible_Due_To_Accused_Delay,DLSA-UP-GZB,PBL-UP-203,Adv. Akhilesh Yadav,2025-12-24,Assigned,Hearing_Scheduled,2026-07-13,2026-09-20,,,,,False,Not_Applicable,,Low
UTP-2026-0343,UTGH01-460762-2025,PRIS-UP-01,Dasna District Jail (Ghaziabad),Uttar Pradesh,Ghaziabad,1706,2150,126.0,Overcrowded,Moderate,444,0,Barrack-04 (General),100,123,123.0,True,0.56,Male,41,Sec 305 BNS / 380 IPC,Theft in Dwelling House / Burglary,True,84.0,False,False,1,2026-02-24,0,179,1/3_first_timer,852.0,Ineligible_Under_Time,DLSA-UP-GZB,PBL-UP-203,Adv. Akhilesh Yadav,2026-02-28,Assigned,Pending_Trial,2026-07-31,2026-09-19,,,,,False,Not_Applicable,,Medium
UTP-2026-0344,UTGH01-559034-2025,PRIS-UP-01,Dasna District Jail (Ghaziabad),Uttar Pradesh,Ghaziabad,1706,2150,126.0,Overcrowded,Moderate,444,0,Barrack-04 (General),100,125,125.0,True,0.68,Male,25,Sec 316(2) BNS / 406 IPC,Criminal Breach of Trust,True,36.0,False,False,1,2026-05-25,0,89,1/3_first_timer,365.0,Ineligible_Under_Time,DLSA-UP-GZB,PBL-UP-203,Adv. Akhilesh Yadav,2026-06-05,Assigned,Pending_Hearing,2026-08-09,2026-09-19,,,,,False,Not_Applicable,,Low
UTP-2026-0345,UTGH01-618513-2024,PRIS-UP-01,Dasna District Jail (Ghaziabad),Uttar Pradesh,Ghaziabad,1706,2150,126.0,Overcrowded,Moderate,444,0,Barrack-04 (General),100,125,125.0,True,0.58,Male,24,Sec 115(2) BNS / 323 IPC,Voluntarily Causing Hurt (Assault),True,12.0,False,False,1,2025-12-30,0,235,1/3_first_timer,122.0,Eligible,DLSA-UP-GZB,PBL-UP-202,Adv. Vandana Rajput,2026-01-10,Assigned,Released_On_Personal_Bond,2026-07-23,2026-09-20,2026-06-11,2026-06-14,3.0,Personal Recognizance Bond,False,Order_Modified_And_Executed,,Medium
UTP-2026-0346,UTGH01-235019-2023,PRIS-UP-01,Dasna District Jail (Ghaziabad),Uttar Pradesh,Ghaziabad,1706,2150,126.0,Overcrowded,Moderate,444,0,Barrack-04 (General),100,127,127.0,True,0.8,Male,42,Sec 305 BNS / 380 IPC,Theft in Dwelling House / Burglary,False,84.0,False,False,1,2025-04-28,0,481,1/3_first_timer,852.0,Ineligible_Under_Time,DLSA-UP-GZB,PBL-UP-201,Adv. Suresh Chandra Tiwari,2026-04-15,Assigned,Pending_Hearing,2026-08-03,2026-09-30,,,,,False,Not_Applicable,Chronic Diabetes (Level 1 Dispensary),Low
UTP-2026-0347,UTGH01-838425-2024,PRIS-UP-01,Dasna District Jail (Ghaziabad),Uttar Pradesh,Ghaziabad,1706,2150,126.0,Overcrowded,Moderate,444,0,Barrack-04 (General),100,127,127.0,True,0.76,Male,58,Sec 115(2) BNS / 323 IPC,Voluntarily Causing Hurt (Assault),False,12.0,False,False,1,2025-09-04,0,352,1/3_first_timer,122.0,Eligible,DLSA-UP-GZB,PBL-UP-202,Adv. Vandana Rajput,2026-07-07,Assigned,Bail Granted,2026-07-17,2026-10-01,2026-08-14,,8.0,Solvency Certificate (Land),True,Order_Modified_Awaiting_Warrant,,Low
UTP-2026-0348,UTGH01-988422-2025,PRIS-UP-01,Dasna District Jail (Ghaziabad),Uttar Pradesh,Ghaziabad,1706,2150,126.0,Overcrowded,Moderate,444,0,Barrack-04 (General),100,121,121.0,True,0.8,Male,41,Sec 309(4) BNS / 392 IPC,Robbery,True,120.0,False,True,1,2025-04-15,0,494,1/2_repeat_offender,1825.0,Ineligible_Under_Time,DLSA-UP-GZB,PBL-UP-203,Adv. Akhilesh Yadav,2026-03-03,Assigned,Hearing_Scheduled,2026-08-15,2026-09-15,,,,,False,Not_Applicable,,Low
UTP-2026-0349,UTGH01-462018-2023,PRIS-UP-01,Dasna District Jail (Ghaziabad),Uttar Pradesh,Ghaziabad,1706,2150,126.0,Overcrowded,Moderate,444,0,Barrack-04 (General),100,125,125.0,True,0.93,Male,24,Sec 316(2) BNS / 406 IPC,Criminal Breach of Trust,True,36.0,False,False,1,2024-02-23,0,911,1/3_first_timer,365.0,Eligible,DLSA-UP-GZB,PBL-UP-203,Adv. Akhilesh Yadav,2025-12-28,Assigned,Application_Drafted,2026-08-13,2026-09-13,,,,,False,Pre_Draft_Generated,,Low
UTP-2026-0350,UTGH01-603760-2023,PRIS-UP-01,Dasna District Jail (Ghaziabad),Uttar Pradesh,Ghaziabad,1706,2150,126.0,Overcrowded,Moderate,444,0,Barrack-04 (General),100,127,127.0,True,0.6,Male,41,Sec 303(2) BNS / 379 IPC,Theft,True,36.0,False,False,1,2025-09-29,0,327,1/3_first_timer,365.0,Ineligible_Under_Time,DLSA-UP-GZB,PBL-UP-202,Adv. Vandana Rajput,2026-05-22,Assigned,Not_Applied,2026-08-12,2026-09-22,,,,,False,Not_Applicable,,Medium
UTP-2026-0351,UTGH01-875167-2023,PRIS-UP-01,Dasna District Jail (Ghaziabad),Uttar Pradesh,Ghaziabad,1706,2150,126.0,Overcrowded,Moderate,444,0,Barrack-04 (General),100,126,126.0,True,0.68,Male,42,Sec 318(2) BNS / 420 IPC,Cheating & Dishonesty,True,36.0,False,True,1,2026-05-31,0,83,1/2_repeat_offender,547.0,Ineligible_Under_Time,DLSA-UP-GZB,PBL-UP-203,Adv. Akhilesh Yadav,2026-07-21,Assigned,Pending_Hearing,2026-07-19,2026-09-17,,,,,False,Not_Applicable,,Low
UTP-2026-0352,UTGH01-489843-2026,PRIS-UP-01,Dasna District Jail (Ghaziabad),Uttar Pradesh,Ghaziabad,1706,2150,126.0,Overcrowded,Moderate,444,0,Barrack-04 (General),100,130,130.0,True,0.73,Male,42,Sec 324(2) BNS / 427 IPC,Mischief Causing Damage,True,24.0,False,True,1,2025-12-19,0,246,1/2_repeat_offender,365.0,Ineligible_Under_Time,DLSA-UP-GZB,PBL-UP-203,Adv. Akhilesh Yadav,2026-05-25,Assigned,Hearing_Scheduled,2026-08-07,2026-09-11,,,,,False,Not_Applicable,,Low
UTP-2026-0353,UTGH01-876043-2025,PRIS-UP-01,Dasna District Jail (Ghaziabad),Uttar Pradesh,Ghaziabad,1706,2150,126.0,Overcrowded,Moderate,444,0,Barrack-04 (General),100,128,128.0,True,0.61,Male,57,Sec 303(2) BNS / 379 IPC,Theft,False,36.0,False,False,1,2025-04-11,150,348,1/3_first_timer,365.0,Approaching_Threshold_17d,DLSA-UP-GZB,PBL-UP-201,Adv. Suresh Chandra Tiwari,2026-03-23,Assigned,Not_Applied,2026-07-20,2026-09-06,,,,,False,Not_Applicable,Chronic Kidney Disease (Requires Dialysis / Level 3),Medium
UTP-2026-0354,UTGH01-145883-2023,PRIS-UP-01,Dasna District Jail (Ghaziabad),Uttar Pradesh,Ghaziabad,1706,2150,126.0,Overcrowded,Moderate,444,0,Barrack-04 (General),100,123,123.0,True,0.96,Male,42,Sec 117(2) BNS / 325 IPC,Voluntarily Causing Grievous Hurt,True,84.0,False,False,3,2023-08-30,0,1088,1/3_first_timer,852.0,Blocked_Multiple_FIRs,DLSA-UP-GZB,,Private Counsel Engaged,,Private_Counsel,Pending_Hearing,2026-07-27,2026-09-03,,,,,False,Multi_Case_Verification_Pending,Chronic Kidney Disease (Requires Dialysis / Level 3),Low
UTP-2026-0355,UTGH01-437281-2025,PRIS-UP-01,Dasna District Jail (Ghaziabad),Uttar Pradesh,Ghaziabad,1706,2150,126.0,Overcrowded,Moderate,444,0,Barrack-04 (General),100,122,122.0,True,0.66,Male,31,Sec 115(2) BNS / 323 IPC,Voluntarily Causing Hurt (Assault),True,12.0,False,True,1,2026-06-20 ,60,3,1/2_repeat_offender,182.0,Ineligible_Under_Time,DLSA-UP-GZB,PBL-UP-201,Adv. Suresh Chandra Tiwari,2026-06-25,Assigned,Pending_Hearing,2026-07-11,2026-08-27,,,,,False,Not_Applicable,,Low
UTP-2026-0356,UTGH01-282822-2026,PRIS-UP-01,Dasna District Jail (Ghaziabad),Uttar Pradesh,Ghaziabad,1706,2150,126.0,Overcrowded,Moderate,444,0,Barrack-04 (General),100,127,127.0,True,0.67,Male,37,Sec 303(2) BNS / 379 IPC,Theft,True,36.0,False,False,1,2026-06-30,0,53,1/3_first_timer,365.0,Ineligible_Under_Time,DLSA-UP-GZB,PBL-UP-201,Adv. Suresh Chandra Tiwari,2026-07-18,Assigned,Not_Applied,2026-08-12,2026-09-16,,,,,False,Not_Applicable,Hypertension (Level 1),Low
UTP-2026-0357,UTGH01-901087-2026,PRIS-UP-01,Dasna District Jail (Ghaziabad),Uttar Pradesh,Ghaziabad,1706,2150,126.0,Overcrowded,Moderate,444,0,Ward-HS (High Security),50,61,122.0,False,0.51,Male,39,Sec 103(1) BNS / 302 IPC,Murder (Life/Death Excluded from Sec 479),True,,True,False,1,2026-07-25,0,28,Not_Applicable,,Excluded_Life_Or_Death,DLSA-UP-GZB,,Private Counsel Engaged,,Private_Counsel,Rejected_Sessions,2026-07-12,2026-09-20,,,,,False,Barred_By_Statute,,High
UTP-2026-0358,UTGH01-258002-2026,PRIS-UP-01,Dasna District Jail (Ghaziabad),Uttar Pradesh,Ghaziabad,1706,2150,126.0,Overcrowded,Moderate,444,0,Barrack-04 (General),100,127,127.0,True,0.53,Male,40,Sec 318(2) BNS / 420 IPC,Cheating & Dishonesty,True,36.0,False,False,2,2026-06-06,0,77,1/3_first_timer,365.0,Blocked_Multiple_FIRs,DLSA-UP-GZB,PBL-UP-201,Adv. Suresh Chandra Tiwari,2026-07-31,Assigned,Bail_Pending,2026-08-16,2026-08-30,,,,,False,Multi_Case_Verification_Pending,,Medium
UTP-2026-0359,UTGH01-271187-2026,PRIS-UP-01,Dasna District Jail (Ghaziabad),Uttar Pradesh,Ghaziabad,1706,2150,126.0,Overcrowded,Moderate,444,0,Barrack-04 (General),100,130,130.0,True,0.68,Male,25,Sec 303(2) BNS / 379 IPC,Theft,True,36.0,False,False,1,2026-05-29,0,85,1/3_first_timer,365.0,Ineligible_Under_Time,DLSA-UP-GZB,PBL-UP-201,Adv. Suresh Chandra Tiwari,2026-07-29,Assigned,Hearing_Scheduled,2026-07-09,2026-09-03,,,,,False,Not_Applicable,,Low
UTP-2026-0360,UTGH01-929389-2024,PRIS-UP-01,Dasna District Jail (Ghaziabad),Uttar Pradesh,Ghaziabad,1706,2150,126.0,Overcrowded,Moderate,444,0,Barrack-04 (General),100,127,127.0,True,0.67,Male,22,Sec 309(4) BNS / 392 IPC,Robbery,True,120.0,False,False,1,2025-02-22,0,546,1/3_first_timer,1217.0,Ineligible_Under_Time,DLSA-UP-GZB,,Private Counsel Engaged,,Private_Counsel,Not_Applied,2026-07-14,2026-09-20,,,,,False,Not_Applicable,,Medium
UTP-2026-0361,MANA01-236996-2023,PRIS-MH-05,Nashik Road Central Prison,Maharashtra,Nashik,3178,2640,83.1,Under Capacity,Normal,0,538,Barrack-01 (General),100,82,82.0,False,0.44,Male,38,Sec 303(2) BNS / 379 IPC,Theft,True,36.0,False,False,1,2026-04-05,0,139,1/3_first_timer,365.0,Ineligible_Under_Time,DLSA-MH-NAS,PBL-MH-083,Adv. Rahul M. Sonawane,2026-04-26,Assigned,Not_Applied,2026-07-25,2026-09-15,,,,,False,Not_Applicable,,Low
UTP-2026-0362,MANA01-110113-2023,PRIS-MH-05,Nashik Road Central Prison,Maharashtra,Nashik,3178,2640,83.1,Under Capacity,Normal,0,538,Barrack-01 (General),100,84,84.0,False,0.42,Male,25,Sec 117(2) BNS / 325 IPC,Voluntarily Causing Grievous Hurt,True,84.0,False,False,1,2026-06-10,0,73,1/3_first_timer,852.0,Ineligible_Under_Time,DLSA-MH-NAS,PBL-MH-081,Adv. Deepak G. Patil,2026-07-26,Assigned,Not_Applied,2026-08-08,2026-08-30,,,,,False,Not_Applicable,,Low
UTP-2026-0363,MANA01-307324-2025,PRIS-MH-05,Nashik Road Central Prison,Maharashtra,Nashik,3178,2640,83.1,Under Capacity,Normal,0,538,Barrack-01 (General),100,83,83.0,False,0.4,Male,38,Sec 316(2) BNS / 406 IPC,Criminal Breach of Trust,True,36.0,False,False,1,2026-07-23,30,1,1/3_first_timer,365.0,Ineligible_Under_Time,DLSA-MH-NAS,PBL-MH-081,Adv. Deepak G. Patil,2026-08-07,Assigned,Pending_Trial,2026-07-26,2026-10-01,,,,,False,Not_Applicable,Severe Cardiac / Requires Level 3 Hospital Care,Low
UTP-2026-0364,MANA01-112581-2023,PRIS-MH-05,Nashik Road Central Prison,Maharashtra,Nashik,3178,2640,83.1,Under Capacity,Normal,0,538,Barrack-01 (General),100,83,83.0,False,0.45,Male,33,Sec 117(2) BNS / 325 IPC,Voluntarily Causing Grievous Hurt,True,84.0,False,False,2,2026-02-26,0,177,1/3_first_timer,852.0,Blocked_Multiple_FIRs,DLSA-MH-NAS,PBL-MH-082,Adv. Sneha K. Deshpande,2026-04-19,Assigned,Pending_Hearing,2026-07-29,2026-09-24,,,,,False,Multi_Case_Verification_Pending,Chronic Diabetes (Level 1 Dispensary),Low
UTP-2026-0365,MANA01-499987-2024,PRIS-MH-05,Nashik Road Central Prison,Maharashtra,Nashik,3178,2640,83.1,Under Capacity,Normal,0,538,Barrack-01 (General),100,86,86.0,False,0.53,Male,26,Sec 189(2) BNS / 147 IPC,Rioting / Unlawful Assembly,False,24.0,False,False,1,2025-05-26,0,453,1/3_first_timer,243.0,Eligible,DLSA-MH-NAS,PBL-MH-082,Adv. Sneha K. Deshpande,2026-07-05,Assigned,Bail Granted,2026-08-03,2026-09-15,2026-08-18,,4.0,"Local Surety Bond ₹15,000",False,Monitoring,,Low
UTP-2026-0366,MANA01-536569-2026,PRIS-MH-05,Nashik Road Central Prison,Maharashtra,Nashik,3178,2640,83.1,Under Capacity,Normal,0,538,Ward-HS (High Security),50,41,82.0,False,0.28,Male,22,Sec 103(1) BNS / 302 IPC,Murder (Life/Death Excluded from Sec 479),True,,True,False,1,2026-04-15,0,129,Not_Applicable,,Excluded_Life_Or_Death,DLSA-MH-NAS,,Private Counsel Engaged,,Private_Counsel,Rejected_High_Court,2026-08-12,2026-09-27,,,,,False,Barred_By_Statute,,High
UTP-2026-0367,MANA01-705258-2025,PRIS-MH-05,Nashik Road Central Prison,Maharashtra,Nashik,3178,2640,83.1,Under Capacity,Normal,0,538,Barrack-01 (General),100,86,86.0,False,0.59,Male,60,Sec 117(2) BNS / 325 IPC,Voluntarily Causing Grievous Hurt,True,84.0,False,False,3,2024-11-02,0,658,1/3_first_timer,852.0,Blocked_Multiple_FIRs,DLSA-MH-NAS,PBL-MH-081,Adv. Deepak G. Patil,2026-04-09,Assigned,Bail_Pending,2026-07-15,2026-09-24,,,,,False,Multi_Case_Verification_Pending,,Low
UTP-2026-0368,MANA01-689171-2024,PRIS-MH-05,Nashik Road Central Prison,Maharashtra,Nashik,3178,2640,83.1,Under Capacity,Normal,0,538,Barrack-01 (General),100,86,86.0,False,0.44,Male,18,Sec 309(4) BNS / 392 IPC,Robbery,True,120.0,False,False,1,2026-03-17,0,158,1/3_first_timer,1217.0,Ineligible_Under_Time,DLSA-MH-NAS,,,,Unassigned,Pending_Trial,2026-07-13,2026-09-01,,,,,False,Not_Applicable,,Low
UTP-2026-0369,MANA01-565713-2025,PRIS-MH-05,Nashik Road Central Prison,Maharashtra,Nashik,3178,2640,83.1,Under Capacity,Normal,0,538,Barrack-01 (General),100,81,81.0,False,0.42,Male,56,Sec 309(4) BNS / 392 IPC,Robbery,True,120.0,False,False,1,2026-06-10,0,73,1/3_first_timer,1217.0,Ineligible_Under_Time,DLSA-MH-NAS,PBL-MH-081,Adv. Deepak G. Patil,2026-07-02,Assigned,Pending_Trial,2026-07-16,2026-09-24,,,,,False,Not_Applicable,,Low
UTP-2026-0370,MANA01-246707-2024,PRIS-MH-05,Nashik Road Central Prison,Maharashtra,Nashik,3178,2640,83.1,Under Capacity,Normal,0,538,Ward-F (Female Barrack),60,48,80.0,False,0.41,Female,40,Sec 316(2) BNS / 406 IPC,Criminal Breach of Trust,True,36.0,False,False,3,2026-06-22,0,61,1/3_first_timer,365.0,Blocked_Multiple_FIRs,DLSA-MH-NAS,PBL-MH-082,Adv. Sneha K. Deshpande,2026-07-18,Assigned,Verification_Required,2026-07-17,2026-08-28,,,,,False,Multi_Case_Verification_Pending,Hypertension (Level 1),Low
UTP-2026-0371,MANA01-244360-2025,PRIS-MH-05,Nashik Road Central Prison,Maharashtra,Nashik,3178,2640,83.1,Under Capacity,Normal,0,538,Ward-F (Female Barrack),60,48,80.0,False,0.44,Female,21,Sec 303(2) BNS / 379 IPC,Theft,True,36.0,False,False,1,2026-03-20,0,155,1/3_first_timer,365.0,Ineligible_Under_Time,DLSA-MH-NAS,PBL-MH-083,Adv. Rahul M. Sonawane,2026-07-26,Assigned,Pending_Hearing,2026-08-18,2026-09-06,,,,,False,Not_Applicable,,Low
UTP-2026-0372,MANA01-372988-2026,PRIS-MH-05,Nashik Road Central Prison,Maharashtra,Nashik,3178,2640,83.1,Under Capacity,Normal,0,538,Barrack-01 (General),100,80,80.0,False,0.45,Male,24,Sec 305 BNS / 380 IPC,Theft in Dwelling House / Burglary,True,84.0,False,False,1,2026-03-02,0,173,1/3_first_timer,852.0,Ineligible_Under_Time,DLSA-MH-NAS,PBL-MH-082,Adv. Sneha K. Deshpande,2026-07-16,Assigned,Pending_Trial,2026-08-07,2026-09-06,,,,,False,Not_Applicable,Tuberculosis (Isolation / Level 2 Inpatient),Low
UTP-2026-0373,MANA01-399203-2024,PRIS-MH-05,Nashik Road Central Prison,Maharashtra,Nashik,3178,2640,83.1,Under Capacity,Normal,0,538,Barrack-01 (General),100,80,80.0,False,0.59,Male,35,Sec 316(2) BNS / 406 IPC,Criminal Breach of Trust,True,36.0,False,False,2,2024-10-09,45,637,1/3_first_timer,365.0,Blocked_Multiple_FIRs,DLSA-MH-NAS,PBL-MH-082,Adv. Sneha K. Deshpande,2026-02-07,Assigned,Bail_Pending,2026-07-15,2026-09-04,,,,,False,Multi_Case_Verification_Pending,,Low
UTP-2026-0374,MANA01-115040-2023,PRIS-MH-05,Nashik Road Central Prison,Maharashtra,Nashik,3178,2640,83.1,Under Capacity,Normal,0,538,Ward-HS (High Security),50,42,84.0,False,0.55,Male,32,Sec 103(1) BNS / 302 IPC,Murder (Life/Death Excluded from Sec 479),True,,True,False,1,2023-11-17,0,1009,Not_Applicable,,Excluded_Life_Or_Death,DLSA-MH-NAS,,Private Counsel Engaged,,Private_Counsel,Rejected_Sessions,2026-08-11,2026-09-07,,,,,False,Barred_By_Statute,Hypertension (Level 1),High
UTP-2026-0375,MANA01-102043-2023,PRIS-MH-05,Nashik Road Central Prison,Maharashtra,Nashik,3178,2640,83.1,Under Capacity,Normal,0,538,Barrack-01 (General),100,80,80.0,False,0.5,Male,25,Sec 303(2) BNS / 379 IPC,Theft,False,36.0,False,False,1,2025-07-29,45,344,1/3_first_timer,365.0,Approaching_Threshold_21d,DLSA-MH-NAS,PBL-MH-081,Adv. Deepak G. Patil,2026-05-09,Assigned,Not_Applied,2026-07-09,2026-09-17,,,,,False,Not_Applicable,,Low
UTP-2026-0376,MANA01-144832-2025,PRIS-MH-05,Nashik Road Central Prison,Maharashtra,Nashik,3178,2640,83.1,Under Capacity,Normal,0,538,Barrack-01 (General),100,82,82.0,False,0.53,Male,38,Sec 318(2) BNS / 420 IPC,Cheating & Dishonesty,True,36.0,False,False,1,2025-06-02,0,446,1/3_first_timer,365.0,Eligible,DLSA-MH-NAS,PBL-MH-083,Adv. Rahul M. Sonawane,2026-05-03,Assigned,Pending_Hearing,2026-08-15,2026-09-20,,,,,False,Pre_Draft_Generated,Chronic Kidney Disease (Requires Dialysis / Level 3),Low
UTP-2026-0377,MANA01-771580-2026,PRIS-MH-05,Nashik Road Central Prison,Maharashtra,Nashik,3178,2640,83.1,Under Capacity,Normal,0,538,Barrack-01 (General),100,85,85.0,False,0.25,Male,23,Sec 117(2) BNS / 325 IPC,Voluntarily Causing Grievous Hurt,True,84.0,False,False,2,2026-08-07,0,15,1/3_first_timer,852.0,Blocked_Multiple_FIRs,DLSA-MH-NAS,PBL-MH-081,Adv. Deepak G. Patil,2026-08-07,Assigned,Pending_Hearing,2026-08-01,2026-09-09,,,,,False,Multi_Case_Verification_Pending,,Medium
UTP-2026-0378,MANA01-549339-2026,PRIS-MH-05,Nashik Road Central Prison,Maharashtra,Nashik,3178,2640,83.1,Under Capacity,Normal,0,538,Barrack-01 (General),100,80,80.0,False,0.48,Male,36,Sec 309(4) BNS / 392 IPC,Robbery,True,120.0,False,False,3,2025-11-26,0,269,1/3_first_timer,1217.0,Blocked_Multiple_FIRs,DLSA-MH-NAS,PBL-MH-083,Adv. Rahul M. Sonawane,2026-01-27,Assigned,Verification_Required,2026-08-14,2026-09-21,,,,,False,Multi_Case_Verification_Pending,Severe Cardiac / Requires Level 3 Hospital Care,Low
UTP-2026-0379,MANA01-838239-2026,PRIS-MH-05,Nashik Road Central Prison,Maharashtra,Nashik,3178,2640,83.1,Under Capacity,Normal,0,538,Barrack-01 (General),100,85,85.0,False,0.5,Male,38,Sec 305 BNS / 380 IPC,Theft in Dwelling House / Burglary,True,84.0,False,False,1,2025-09-25,0,331,1/3_first_timer,852.0,Ineligible_Under_Time,DLSA-MH-NAS,PBL-MH-083,Adv. Rahul M. Sonawane,2026-06-27,Assigned,Hearing_Scheduled,2026-07-22,2026-09-11,,,,,False,Not_Applicable,Chronic Kidney Disease (Requires Dialysis / Level 3),Low
UTP-2026-0380,MANA01-285211-2026,PRIS-MH-05,Nashik Road Central Prison,Maharashtra,Nashik,3178,2640,83.1,Under Capacity,Normal,0,538,Barrack-01 (General),100,82,82.0,False,0.7,Male,18,Sec 117(2) BNS / 325 IPC,Voluntarily Causing Grievous Hurt,True,84.0,False,False,1,2023-04-05,0,1235,1/3_first_timer,852.0,Eligible,DLSA-MH-NAS,,,,Unassigned,Bail Granted,2026-08-14,2026-09-04,2026-08-16,,6.0,Property Card (7/12 Extract),False,Monitoring,Severe Cardiac / Requires Level 3 Hospital Care,Low
UTP-2026-0381,MANA01-244207-2023,PRIS-MH-05,Nashik Road Central Prison,Maharashtra,Nashik,3178,2640,83.1,Under Capacity,Normal,0,538,Barrack-01 (General),100,81,81.0,False,0.48,Male,56,Sec 309(4) BNS / 392 IPC,Robbery,True,120.0,False,True,1,2025-11-01,0,294,1/2_repeat_offender,1825.0,Ineligible_Under_Time,DLSA-MH-NAS,PBL-MH-083,Adv. Rahul M. Sonawane,2026-06-26,Assigned,Pending_Hearing,2026-07-14,2026-09-20,,,,,False,Not_Applicable,Chronic Kidney Disease (Requires Dialysis / Level 3),Low
UTP-2026-0382,MANA01-601508-2026,PRIS-MH-05,Nashik Road Central Prison,Maharashtra,Nashik,3178,2640,83.1,Under Capacity,Normal,0,538,Barrack-01 (General),100,84,84.0,False,0.46,Male,23,Sec 303(2) BNS / 379 IPC,Theft,True,36.0,False,True,1,2025-10-08,120,198,1/2_repeat_offender,547.0,Ineligible_Under_Time,DLSA-MH-NAS,PBL-MH-081,Adv. Deepak G. Patil,2026-04-12,Assigned,Not_Applied,2026-07-19,2026-08-29,,,,,False,Not_Applicable,,Low
UTP-2026-0383,MANA01-634299-2026,PRIS-MH-05,Nashik Road Central Prison,Maharashtra,Nashik,3178,2640,83.1,Under Capacity,Normal,0,538,Barrack-01 (General),100,84,84.0,False,0.45,Male,26,Sec 316(2) BNS / 406 IPC,Criminal Breach of Trust,True,36.0,False,False,1,2026-02-04,15,184,1/3_first_timer,365.0,Ineligible_Under_Time,DLSA-MH-NAS,PBL-MH-081,Adv. Deepak G. Patil,2026-03-01,Assigned,Pending_Trial,2026-08-18,2026-09-17,,,,,False,Not_Applicable,Hypertension (Level 1),Low
UTP-2026-0384,MANA01-363814-2025,PRIS-MH-05,Nashik Road Central Prison,Maharashtra,Nashik,3178,2640,83.1,Under Capacity,Normal,0,538,Barrack-01 (General),100,86,86.0,False,0.41,Male,22,Sec 318(2) BNS / 420 IPC,Cheating & Dishonesty,True,36.0,False,False,1,2026-06-27,0,56,1/3_first_timer,365.0,Ineligible_Under_Time,DLSA-MH-NAS,PBL-MH-082,Adv. Sneha K. Deshpande,2026-07-10,Assigned,Pending_Trial,2026-07-08,2026-09-20,,,,,False,Not_Applicable,,Low
UTP-2026-0385,MANA01-970726-2025,PRIS-MH-05,Nashik Road Central Prison,Maharashtra,Nashik,3178,2640,83.1,Under Capacity,Normal,0,538,Barrack-01 (General),100,85,85.0,False,0.29,Male,40,Sec 303(2) BNS / 379 IPC,Theft,True,36.0,False,False,2,2026-04-04,0,140,1/3_first_timer,365.0,Blocked_Multiple_FIRs,DLSA-MH-NAS,PBL-MH-081,Adv. Deepak G. Patil,2026-06-08,Assigned,Pending_Hearing,2026-07-13,2026-08-29,,,,,False,Multi_Case_Verification_Pending,,Medium
UTP-2026-0386,MANA01-478887-2023,PRIS-MH-05,Nashik Road Central Prison,Maharashtra,Nashik,3178,2640,83.1,Under Capacity,Normal,0,538,Barrack-01 (General),100,85,85.0,False,0.28,Male,23,Sec 303(2) BNS / 379 IPC,Theft,True,36.0,False,False,1,2025-12-17,120,128,1/3_first_timer,365.0,Ineligible_Under_Time,DLSA-MH-NAS,PBL-MH-083,Adv. Rahul M. Sonawane,2026-03-20,Assigned,Pending_Hearing,2026-08-17,2026-08-25,,,,,False,Not_Applicable,,Medium
UTP-2026-0387,MANA01-876424-2025,PRIS-MH-05,Nashik Road Central Prison,Maharashtra,Nashik,3178,2640,83.1,Under Capacity,Normal,0,538,Barrack-01 (General),100,82,82.0,False,0.28,Male,24,Sec 324(2) BNS / 427 IPC,Mischief Causing Damage,False,24.0,False,True,1,2026-04-24,0,120,1/2_repeat_offender,365.0,Ineligible_Under_Time,DLSA-MH-NAS,PBL-MH-081,Adv. Deepak G. Patil,2026-08-12,Assigned,Hearing_Scheduled,2026-08-05,2026-09-13,,,,,False,Not_Applicable,Severe Cardiac / Requires Level 3 Hospital Care,Medium
UTP-2026-0388,MANA01-506743-2026,PRIS-MH-05,Nashik Road Central Prison,Maharashtra,Nashik,3178,2640,83.1,Under Capacity,Normal,0,538,Barrack-01 (General),100,81,81.0,False,0.5,Male,37,Sec 303(2) BNS / 379 IPC,Theft,True,36.0,False,False,1,2025-08-29,0,358,1/3_first_timer,365.0,Approaching_Threshold_7d,DLSA-MH-NAS,PBL-MH-082,Adv. Sneha K. Deshpande,2026-05-01,Assigned,Pending_Trial,2026-08-03,2026-09-09,,,,,False,Not_Applicable,,Low
UTP-2026-0389,MANA01-382194-2025,PRIS-MH-05,Nashik Road Central Prison,Maharashtra,Nashik,3178,2640,83.1,Under Capacity,Normal,0,538,Ward-F (Female Barrack),60,51,85.0,False,0.6,Female,23,Sec 309(4) BNS / 392 IPC,Robbery,True,120.0,False,False,1,2024-09-26,0,695,1/3_first_timer,1217.0,Ineligible_Under_Time,DLSA-MH-NAS,PBL-MH-082,Adv. Sneha K. Deshpande,2026-05-11,Assigned,Pending_Hearing,2026-08-17,2026-09-08,,,,,False,Not_Applicable,,Low
UTP-2026-0390,MANA01-877094-2024,PRIS-MH-05,Nashik Road Central Prison,Maharashtra,Nashik,3178,2640,83.1,Under Capacity,Normal,0,538,Barrack-01 (General),100,85,85.0,False,0.69,Male,39,Sec 117(2) BNS / 325 IPC,Voluntarily Causing Grievous Hurt,True,84.0,False,False,3,2023-12-25 ,0,971,1/3_first_timer,852.0,Blocked_Multiple_FIRs,DLSA-MH-NAS,PBL-MH-081,Adv. Deepak G. Patil,2026-06-05,Assigned,Bail_Pending,2026-08-09,2026-09-28,,,,,False,Multi_Case_Verification_Pending,Chronic Diabetes (Level 1 Dispensary),Low
UTP-2026-0391,MANA01-701740-2025,PRIS-MH-05,Nashik Road Central Prison,Maharashtra,Nashik,3178,2640,83.1,Under Capacity,Normal,0,538,Barrack-01 (General),100,86,86.0,False,0.41,Male,21,Sec 189(2) BNS / 147 IPC,Rioting / Unlawful Assembly,False,24.0,False,False,1,2026-07-07,0,46,1/3_first_timer,243.0,Ineligible_Under_Time,DLSA-MH-NAS,,Private Counsel Engaged,,Private_Counsel,Pending_Hearing,2026-07-27,2026-09-02,,,,,False,Not_Applicable,,Low
UTP-2026-0392,MANA01-412939-2023,PRIS-MH-05,Nashik Road Central Prison,Maharashtra,Nashik,3178,2640,83.1,Under Capacity,Normal,0,538,Barrack-01 (General),100,83,83.0,False,0.4,Male,35,Sec 318(2) BNS / 420 IPC,Cheating & Dishonesty,False,36.0,False,False,1,2026-06-06,60,17,1/3_first_timer,365.0,Ineligible_Under_Time,DLSA-MH-NAS,PBL-MH-082,Adv. Sneha K. Deshpande,2026-07-26,Assigned,Hearing_Scheduled,2026-07-10,2026-09-13,,,,,False,Not_Applicable,,Low
UTP-2026-0393,MANA01-408230-2025,PRIS-MH-05,Nashik Road Central Prison,Maharashtra,Nashik,3178,2640,83.1,Under Capacity,Normal,0,538,Barrack-01 (General),100,82,82.0,False,0.52,Male,59,Sec 189(2) BNS / 147 IPC,Rioting / Unlawful Assembly,False,24.0,False,True,4,2025-07-19,0,399,1/2_repeat_offender,365.0,Blocked_Multiple_FIRs,DLSA-MH-NAS,PBL-MH-081,Adv. Deepak G. Patil,2026-07-06,Assigned,Bail_Pending,2026-07-16,2026-09-11,,,,,False,Multi_Case_Verification_Pending,,Low
UTP-2026-0394,MANA01-170557-2024,PRIS-MH-05,Nashik Road Central Prison,Maharashtra,Nashik,3178,2640,83.1,Under Capacity,Normal,0,538,Barrack-01 (General),100,85,85.0,False,0.44,Male,25,Sec 115(2) BNS / 323 IPC,Voluntarily Causing Hurt (Assault),False,12.0,False,False,1,2024-10-01,30,660,1/3_first_timer,122.0,Eligible,DLSA-MH-NAS,,Private Counsel Engaged,,Private_Counsel,Bail Granted,2026-07-27,2026-09-11,2026-08-12,,10.0,Solvency Certificate (Land),True,Hearing_Scheduled_For_Relaxation,,Medium
UTP-2026-0395,MANA01-183854-2026,PRIS-MH-05,Nashik Road Central Prison,Maharashtra,Nashik,3178,2640,83.1,Under Capacity,Normal,0,538,Ward-HS (High Security),50,41,82.0,False,0.4,Male,26,Sec 103(1) BNS / 302 IPC,Murder (Life/Death Excluded from Sec 479),True,,True,False,3,2025-04-12,0,497,Not_Applicable,,Excluded_Life_Or_Death,DLSA-MH-NAS,,Private Counsel Engaged,,Private_Counsel,Pending_Trial,2026-07-30,2026-09-14,,,,,False,Barred_By_Statute,,High
UTP-2026-0396,MANA01-964098-2024,PRIS-MH-05,Nashik Road Central Prison,Maharashtra,Nashik,3178,2640,83.1,Under Capacity,Normal,0,538,Barrack-01 (General),100,86,86.0,False,0.7,Male,24,Sec 117(2) BNS / 325 IPC,Voluntarily Causing Grievous Hurt,True,84.0,False,False,1,2023-05-05,0,1205,1/3_first_timer,852.0,Eligible,DLSA-MH-NAS,PBL-MH-082,Adv. Sneha K. Deshpande,2026-02-03,Assigned,Released_On_Personal_Bond,2026-07-26,2026-09-20,2026-07-23,2026-07-27,4.0,Personal Recognizance Bond,False,Order_Modified_And_Executed,,Low
UTP-2026-0397,MANA01-990712-2024,PRIS-MH-05,Nashik Road Central Prison,Maharashtra,Nashik,3178,2640,83.1,Under Capacity,Normal,0,538,Barrack-01 (General),100,85,85.0,False,0.45,Male,42,Sec 318(2) BNS / 420 IPC,Cheating & Dishonesty,True,36.0,False,False,2,2026-03-09,0,166,1/3_first_timer,365.0,Blocked_Multiple_FIRs,DLSA-MH-NAS,,Private Counsel Engaged,,Private_Counsel,Verification_Required,2026-08-15,2026-08-30,,,,,False,Multi_Case_Verification_Pending,,Low
UTP-2026-0398,MANA01-446178-2023,PRIS-MH-05,Nashik Road Central Prison,Maharashtra,Nashik,3178,2640,83.1,Under Capacity,Normal,0,538,Barrack-01 (General),100,83,83.0,False,0.25,Male,24,Sec 303(2) BNS / 379 IPC,Theft,True,36.0,False,False,1,2026-08-07,0,15,1/3_first_timer,365.0,Ineligible_Under_Time,DLSA-MH-NAS,PBL-MH-082,Adv. Sneha K. Deshpande,2026-08-12,Assigned,Pending_Trial,2026-08-03,2026-10-01,,,,,False,Not_Applicable,Severe Cardiac / Requires Level 3 Hospital Care,Medium
UTP-2026-0399,MANA01-954209-2026,PRIS-MH-05,Nashik Road Central Prison,Maharashtra,Nashik,3178,2640,83.1,Under Capacity,Normal,0,538,Barrack-01 (General),100,85,85.0,False,0.55,Male,26,Sec 305 BNS / 380 IPC,Theft in Dwelling House / Burglary,False,84.0,False,False,1,2023-10-11,0,1046,1/3_first_timer,852.0,Eligible,DLSA-MH-NAS,PBL-MH-081,Adv. Deepak G. Patil,2026-07-23,Assigned,Application_Drafted,2026-08-17,2026-10-01,,,,,False,Pre_Draft_Generated,,Medium
UTP-2026-0400,MANA01-300790-2025,PRIS-MH-05,Nashik Road Central Prison,Maharashtra,Nashik,3178,2640,83.1,Under Capacity,Normal,0,538,Barrack-01 (General),100,85,85.0,False,0.57,Male,23,Sec 303(2) BNS / 379 IPC,Theft,True,36.0,False,True,2,2025-02-04,0,564,1/2_repeat_offender,547.0,Blocked_Multiple_FIRs,DLSA-MH-NAS,PBL-MH-083,Adv. Rahul M. Sonawane,2026-01-04,Assigned,Bail_Pending,2026-07-31,2026-09-22,,,,,False,Multi_Case_Verification_Pending,,Low
UTP-2026-0401,MANA01-109673-2025,PRIS-MH-05,Nashik Road Central Prison,Maharashtra,Nashik,3178,2640,83.1,Under Capacity,Normal,0,538,Barrack-01 (General),100,80,80.0,False,0.27,Male,21,Sec 303(2) BNS / 379 IPC,Theft,True,36.0,False,False,1,2026-06-07,0,76,1/3_first_timer,365.0,Ineligible_Under_Time,DLSA-MH-NAS,PBL-MH-083,Adv. Rahul M. Sonawane,2026-06-09,Assigned,Hearing_Scheduled,2026-08-03,2026-09-27,,,,,False,Not_Applicable,Chronic Kidney Disease (Requires Dialysis / Level 3),Medium
UTP-2026-0402,MANA01-738331-2024,PRIS-MH-05,Nashik Road Central Prison,Maharashtra,Nashik,3178,2640,83.1,Under Capacity,Normal,0,538,Barrack-01 (General),100,86,86.0,False,0.4,Male,25,Sec 309(4) BNS / 392 IPC,Robbery,True,120.0,False,False,1,2026-08-03,0,19,1/3_first_timer,1217.0,Ineligible_Under_Time,DLSA-MH-NAS,PBL-MH-081,Adv. Deepak G. Patil,2026-08-04,Assigned,Not_Applied,2026-08-06,2026-08-27,,,,,False,Not_Applicable,Chronic Diabetes (Level 1 Dispensary),Low
UTP-2026-0403,MANA01-787973-2024,PRIS-MH-05,Nashik Road Central Prison,Maharashtra,Nashik,3178,2640,83.1,Under Capacity,Normal,0,538,Barrack-01 (General),100,83,83.0,False,0.45,Male,56,Sec 115(2) BNS / 323 IPC,Voluntarily Causing Hurt (Assault),True,12.0,False,False,1,2025-10-24 ,120,182,1/3_first_timer,122.0,Eligible,DLSA-MH-NAS,PBL-MH-082,Adv. Sneha K. Deshpande,2026-02-22,Assigned,Bail Granted,2026-08-04,2026-09-20,2026-08-18,,4.0,Solvency Certificate (Land),False,Monitoring,,Low
UTP-2026-0404,MANA01-391819-2023,PRIS-MH-05,Nashik Road Central Prison,Maharashtra,Nashik,3178,2640,83.1,Under Capacity,Normal,0,538,Barrack-01 (General),100,85,85.0,False,0.43,Male,38,Sec 303(2) BNS / 379 IPC,Theft,True,36.0,False,False,1,2026-04-30,0,114,1/3_first_timer,365.0,Ineligible_Under_Time,DLSA-MH-NAS,,Private Counsel Engaged,,Private_Counsel,Pending_Hearing,2026-07-12,2026-08-30,,,,,False,Not_Applicable,,Low
UTP-2026-0405,MANA01-788941-2026,PRIS-MH-05,Nashik Road Central Prison,Maharashtra,Nashik,3178,2640,83.1,Under Capacity,Normal,0,538,Barrack-01 (General),100,82,82.0,False,0.25,Male,33,Sec 324(2) BNS / 427 IPC,Mischief Causing Damage,False,24.0,False,False,1,2026-08-02,0,20,1/3_first_timer,243.0,Ineligible_Under_Time,DLSA-MH-NAS,PBL-MH-083,Adv. Rahul M. Sonawane,2026-08-07,Assigned,Hearing_Scheduled,2026-07-10,2026-09-15,,,,,False,Not_Applicable,,Medium
UTP-2026-0406,MANA01-157580-2025,PRIS-MH-05,Nashik Road Central Prison,Maharashtra,Nashik,3178,2640,83.1,Under Capacity,Normal,0,538,Barrack-01 (General),100,86,86.0,False,0.7,Male,25,Sec 305 BNS / 380 IPC,Theft in Dwelling House / Burglary,True,84.0,False,False,2,2023-11-09,0,1017,1/3_first_timer,852.0,Blocked_Multiple_FIRs,DLSA-MH-NAS,,Private Counsel Engaged,,Private_Counsel,Bail_Pending,2026-07-18,2026-09-17,,,,,False,Multi_Case_Verification_Pending,Chronic Diabetes (Level 1 Dispensary),Low
UTP-2026-0407,MANA01-891507-2023,PRIS-MH-05,Nashik Road Central Prison,Maharashtra,Nashik,3178,2640,83.1,Under Capacity,Normal,0,538,Barrack-01 (General),100,82,82.0,False,0.4,Male,19,Sec 305 BNS / 380 IPC,Theft in Dwelling House / Burglary,True,84.0,False,False,1,2026-06-17,60,6,1/3_first_timer,852.0,Ineligible_Under_Time,DLSA-MH-NAS,,Private Counsel Engaged,,Private_Counsel,Pending_Hearing,2026-07-30,2026-09-11,,,,,False,Not_Applicable,,Low
UTP-2026-0408,MANA01-842561-2024,PRIS-MH-05,Nashik Road Central Prison,Maharashtra,Nashik,3178,2640,83.1,Under Capacity,Normal,0,538,Barrack-01 (General),100,80,80.0,False,0.44,Male,40,Sec 303(2) BNS / 379 IPC,Theft,True,36.0,False,False,2,2025-12-24,90,151,1/3_first_timer,365.0,Blocked_Multiple_FIRs,DLSA-MH-NAS,PBL-MH-083,Adv. Rahul M. Sonawane,2026-01-26,Assigned,Verification_Required,2026-08-08,2026-09-25,,,,,False,Multi_Case_Verification_Pending,,Low
UTP-2026-0409,MANA01-365222-2024,PRIS-MH-05,Nashik Road Central Prison,Maharashtra,Nashik,3178,2640,83.1,Under Capacity,Normal,0,538,Barrack-01 (General),100,86,86.0,False,0.68,Male,42,Sec 309(4) BNS / 392 IPC,Robbery,True,120.0,False,False,1,2023-12-12,30,954,1/3_first_timer,1217.0,Ineligible_Under_Time,DLSA-MH-NAS,PBL-MH-083,Adv. Rahul M. Sonawane,2026-05-03,Assigned,Pending_Trial,2026-08-12,2026-09-07,,,,,False,Not_Applicable,,Low
UTP-2026-0410,MANA01-470334-2024,PRIS-MH-05,Nashik Road Central Prison,Maharashtra,Nashik,3178,2640,83.1,Under Capacity,Normal,0,538,Barrack-01 (General),100,80,80.0,False,0.43,Male,21,Sec 115(2) BNS / 323 IPC,Voluntarily Causing Hurt (Assault),True,12.0,False,False,3,2026-04-22 ,0,122,1/3_first_timer,122.0,Blocked_Multiple_FIRs,DLSA-MH-NAS,,Private Counsel Engaged,,Private_Counsel,Verification_Required,2026-08-17,2026-09-23,,,,,False,Multi_Case_Verification_Pending,,Low
UTP-2026-0411,MANA01-239970-2023,PRIS-MH-05,Nashik Road Central Prison,Maharashtra,Nashik,3178,2640,83.1,Under Capacity,Normal,0,538,Barrack-01 (General),100,82,82.0,False,0.51,Male,55,Sec 316(2) BNS / 406 IPC,Criminal Breach of Trust,True,36.0,False,False,1,2024-03-27,0,878,1/3_first_timer,365.0,Eligible,DLSA-MH-NAS,PBL-MH-082,Adv. Sneha K. Deshpande,2026-01-04,Assigned,Released_On_Bail,2026-07-09,2026-09-27,2026-08-05,2026-08-09,4.0,Solvency Certificate (Property),False,Executed_With_Surety,Severe Cardiac / Requires Level 3 Hospital Care,Medium
UTP-2026-0412,MANA01-385151-2024,PRIS-MH-05,Nashik Road Central Prison,Maharashtra,Nashik,3178,2640,83.1,Under Capacity,Normal,0,538,Barrack-01 (General),100,86,86.0,False,0.48,Male,40,Sec 309(4) BNS / 392 IPC,Robbery,False,120.0,False,False,3,2025-11-24,0,271,1/3_first_timer,1217.0,Blocked_Multiple_FIRs,DLSA-MH-NAS,PBL-MH-081,Adv. Deepak G. Patil,2026-01-05,Assigned,Pending_Hearing,2026-07-30,2026-09-16,,,,,False,Multi_Case_Verification_Pending,,Low
UTP-2026-0413,MANA01-716038-2026,PRIS-MH-05,Nashik Road Central Prison,Maharashtra,Nashik,3178,2640,83.1,Under Capacity,Normal,0,538,Barrack-01 (General),100,86,86.0,False,0.68,Male,23,sec 303(2) bns / 379 ipc,Theft,True,36.0,False,False,1,2024-01-21,0,944,1/3_first_timer,365.0,Eligible,DLSA-MH-NAS,PBL-MH-082,Adv. Sneha K. Deshpande,2026-01-22,Assigned,Released_On_Bail,2026-07-13,2026-09-28,2026-08-02,2026-08-04,2.0,"Local Surety Bond ₹10,000",False,Executed_With_Surety,,Low
UTP-2026-0414,MANA01-280426-2024,PRIS-MH-05,Nashik Road Central Prison,Maharashtra,Nashik,3178,2640,83.1,Under Capacity,Normal,0,538,Barrack-01 (General),100,84,84.0,False,0.41,Male,24,Sec 303(2) BNS / 379 IPC,Theft,True,36.0,False,False,1,2026-07-12,0,41,1/3_first_timer,365.0,Ineligible_Under_Time,DLSA-MH-NAS,,Private Counsel Engaged,,Private_Counsel,Not_Applied,2026-07-23,2026-09-08,,,,,False,Not_Applicable,,Low
UTP-2026-0415,MANA01-213707-2026,PRIS-MH-05,Nashik Road Central Prison,Maharashtra,Nashik,3178,2640,83.1,Under Capacity,Normal,0,538,Barrack-01 (General),100,84,84.0,False,0.59,Male,25,Sec 303(2) BNS / 379 IPC,Theft,True,36.0,False,False,1,2024-11-11,0,649,1/3_first_timer,365.0,Eligible,DLSA-MH-NAS,PBL-MH-083,Adv. Rahul M. Sonawane,2026-05-20,Assigned,Pending_Hearing,2026-07-23,2026-09-04,,,,,False,Pre_Draft_Generated,Chronic Kidney Disease (Requires Dialysis / Level 3),Low
UTP-2026-0416,MANA01-340897-2023,PRIS-MH-05,Nashik Road Central Prison,Maharashtra,Nashik,3178,2640,83.1,Under Capacity,Normal,0,538,Barrack-01 (General),100,83,83.0,False,0.53,Male,34,Sec 115(2) BNS / 323 IPC,Voluntarily Causing Hurt (Assault),False,12.0,False,False,1,2025-06-14,0,434,1/3_first_timer,122.0,Eligible,DLSA-MH-NAS,PBL-MH-081,Adv. Deepak G. Patil,2025-12-23,Assigned,Pending_Hearing,2026-08-17,2026-09-26,,,,,False,Pre_Draft_Generated,,Low
UTP-2026-0417,MANA01-873577-2025,PRIS-MH-05,Nashik Road Central Prison,Maharashtra,Nashik,3178,2640,83.1,Under Capacity,Normal,0,538,Barrack-01 (General),100,82,82.0,False,0.51,Male,33,Sec 115(2) BNS / 323 IPC,Voluntarily Causing Hurt (Assault),False,12.0,False,True,1,2025-08-07,15,365,1/2_repeat_offender,182.0,Eligible,DLSA-MH-NAS,PBL-MH-083,Adv. Rahul M. Sonawane,2026-08-05,Assigned,Bail Granted,2026-08-15,2026-09-14,2026-08-16,,6.0,Property Card (7/12 Extract),False,Monitoring,Severe Cardiac / Requires Level 3 Hospital Care,Low
UTP-2026-0418,MANA01-729510-2026,PRIS-MH-05,Nashik Road Central Prison,Maharashtra,Nashik,3178,2640,83.1,Under Capacity,Normal,0,538,Barrack-01 (General),100,82,82.0,False,0.41,Male,36,Sec 303(2) BNS / 379 IPC,Theft,True,36.0,False,False,2,2026-07-16,0,37,1/3_first_timer,365.0,Blocked_Multiple_FIRs,DLSA-MH-NAS,PBL-MH-082,Adv. Sneha K. Deshpande,2026-07-28,Assigned,Pending_Hearing,2026-08-18,2026-09-26,,,,,False,Multi_Case_Verification_Pending,Chronic Diabetes (Level 1 Dispensary),Low
UTP-2026-0419,MANA01-278505-2026,PRIS-MH-05,Nashik Road Central Prison,Maharashtra,Nashik,3178,2640,83.1,Under Capacity,Normal,0,538,Barrack-01 (General),100,84,84.0,False,0.44,Male,56,Sec 303(2) BNS / 379 IPC,Theft,True,36.0,False,False,1,2026-04-02,0,142,1/3_first_timer,365.0,Ineligible_Under_Time,DLSA-MH-NAS,PBL-MH-083,Adv. Rahul M. Sonawane,2026-05-14,Assigned,Not_Applied,2026-08-19,2026-09-27,,,,,False,Not_Applicable,,Low
UTP-2026-0420,MANA01-519124-2025,PRIS-MH-05,Nashik Road Central Prison,Maharashtra,Nashik,3178,2640,83.1,Under Capacity,Normal,0,538,Barrack-01 (General),100,85,85.0,False,0.5,Male,25,Sec 303(2) BNS / 379 IPC,Theft,True,36.0,False,True,1,2025-09-18,0,338,1/2_repeat_offender,547.0,Ineligible_Under_Time,DLSA-MH-NAS,PBL-MH-083,Adv. Rahul M. Sonawane,2026-02-06,Assigned,Pending_Trial,2026-08-01,2026-09-20,,,,,False,Not_Applicable,,Low
UTP-2026-0421,MANA01-340206-2025,PRIS-MH-05,Nashik Road Central Prison,Maharashtra,Nashik,3178,2640,83.1,Under Capacity,Normal,0,538,Barrack-01 (General),100,85,85.0,False,0.4,Male,41,Sec 303(2) BNS / 379 IPC,Theft,True,36.0,False,False,1,2026-08-05,0,17,1/3_first_timer,365.0,Ineligible_Under_Time,DLSA-MH-NAS,PBL-MH-082,Adv. Sneha K. Deshpande,2026-08-12,Assigned,Pending_Trial,2026-08-06,2026-08-31,,,,,False,Not_Applicable,,Low
UTP-2026-0422,MANA01-651773-2025,PRIS-MH-05,Nashik Road Central Prison,Maharashtra,Nashik,3178,2640,83.1,Under Capacity,Normal,0,538,Barrack-01 (General),100,85,85.0,False,0.49,Male,26,Sec 189(2) BNS / 147 IPC,Rioting / Unlawful Assembly,True,24.0,False,False,1,2025-06-11,120,317,1/3_first_timer,243.0,Eligible,DLSA-MH-NAS,PBL-MH-083,Adv. Rahul M. Sonawane,2025-12-31,Assigned,Bail Granted,2026-08-13,2026-09-28,2026-08-20,,2.0,Solvency Certificate (Land),False,Monitoring,Severe Cardiac / Requires Level 3 Hospital Care,Low
UTP-2026-0423,MANA01-855274-2023,PRIS-MH-05,Nashik Road Central Prison,Maharashtra,Nashik,3178,2640,83.1,Under Capacity,Normal,0,538,Barrack-01 (General),100,80,80.0,False,0.4,Male,26,Sec 189(2) BNS / 147 IPC,Rioting / Unlawful Assembly,True,24.0,False,False,1,2026-08-04,0,18,1/3_first_timer,243.0,Ineligible_Under_Time,DLSA-MH-NAS,PBL-MH-083,Adv. Rahul M. Sonawane,2026-08-04,Assigned,Hearing_Scheduled,2026-08-20,2026-09-09,,,,,False,Not_Applicable,,Low
UTP-2026-0424,MANA01-406439-2024,PRIS-MH-05,Nashik Road Central Prison,Maharashtra,Nashik,3178,2640,83.1,Under Capacity,Normal,0,538,Barrack-01 (General),100,83,83.0,False,0.6,Male,40,Sec 318(2) BNS / 420 IPC,Cheating & Dishonesty,True,36.0,False,False,1,2024-10-26,0,665,1/3_first_timer,365.0,Eligible,DLSA-MH-NAS,PBL-MH-081,Adv. Deepak G. Patil,2026-06-18,Assigned,Bail Granted,2026-07-13,2026-09-26,2026-08-20,,2.0,"Local Surety Bond ₹15,000",False,Monitoring,,Low
UTP-2026-0425,MANA01-148610-2023,PRIS-MH-05,Nashik Road Central Prison,Maharashtra,Nashik,3178,2640,83.1,Under Capacity,Normal,0,538,Ward-F (Female Barrack),60,48,80.0,False,0.36,Female,37,Sec 309(4) BNS / 392 IPC,Robbery,True,120.0,False,False,1,2025-08-01,0,386,1/3_first_timer,1217.0,Ineligible_Under_Time,DLSA-MH-NAS,,Private Counsel Engaged,,Private_Counsel,Hearing_Scheduled,2026-08-07,2026-09-17,,,,,False,Not_Applicable,Hypertension (Level 1),Medium
UTP-2026-0426,MANA01-545092-2024,PRIS-MH-05,Nashik Road Central Prison,Maharashtra,Nashik,3178,2640,83.1,Under Capacity,Normal,0,538,Barrack-01 (General),100,83,83.0,False,0.25,Male,24,Sec 316(2) BNS / 406 IPC,Criminal Breach of Trust,True,36.0,False,False,2,2026-08-02,0,20,1/3_first_timer,365.0,Blocked_Multiple_FIRs,DLSA-MH-NAS,PBL-MH-082,Adv. Sneha K. Deshpande,2026-08-09,Assigned,Bail_Pending,2026-07-30,2026-09-13,,,,,False,Multi_Case_Verification_Pending,Chronic Diabetes (Level 1 Dispensary),Medium
UTP-2026-0427,MANA01-701974-2024,PRIS-MH-05,Nashik Road Central Prison,Maharashtra,Nashik,3178,2640,83.1,Under Capacity,Normal,0,538,Barrack-01 (General),100,83,83.0,False,0.41,Male,57,Sec 303(2) BNS / 379 IPC,Theft,True,36.0,False,False,1,2026-07-17,0,36,1/3_first_timer,365.0,Ineligible_Under_Time,DLSA-MH-NAS,,,,Unassigned,Hearing_Scheduled,2026-07-25,2026-09-30,,,,,False,Not_Applicable,Tuberculosis (Isolation / Level 2 Inpatient),Low
UTP-2026-0428,MANA01-930785-2024,PRIS-MH-05,Nashik Road Central Prison,Maharashtra,Nashik,3178,2640,83.1,Under Capacity,Normal,0,538,Ward-HS (High Security),50,43,86.0,False,0.37,Male,25,Sec 103(1) BNS / 302 IPC,Murder (Life/Death Excluded from Sec 479),True,,True,False,1,2025-04-30,60,419,Not_Applicable,,Excluded_Life_Or_Death,DLSA-MH-NAS,,Private Counsel Engaged,,Private_Counsel,Rejected_High_Court,2026-07-16,2026-08-28,,,,,False,Barred_By_Statute,Severe Cardiac / Requires Level 3 Hospital Care,High
UTP-2026-0429,MANA01-479376-2024,PRIS-MH-05,Nashik Road Central Prison,Maharashtra,Nashik,3178,2640,83.1,Under Capacity,Normal,0,538,Barrack-01 (General),100,82,82.0,False,0.41,Male,35,Sec 115(2) BNS / 323 IPC,Voluntarily Causing Hurt (Assault),True,12.0,False,False,1,2026-07-02,0,51,1/3_first_timer,122.0,Ineligible_Under_Time,DLSA-MH-NAS,PBL-MH-081,Adv. Deepak G. Patil,2026-08-03,Assigned,Pending_Trial,2026-07-15,2026-09-21,,,,,False,Not_Applicable,,Low
UTP-2026-0430,MANA01-946444-2025,PRIS-MH-05,Nashik Road Central Prison,Maharashtra,Nashik,3178,2640,83.1,Under Capacity,Normal,0,538,Ward-HS (High Security),50,40,80.0,False,0.26,Male,25,Sec 103(1) BNS / 302 IPC,Murder (Life/Death Excluded from Sec 479),True,,True,False,1,2026-07-14,0,39,Not_Applicable,,Excluded_Life_Or_Death,DLSA-MH-NAS,,Private Counsel Engaged,,Private_Counsel,Pending_Trial,2026-07-14,2026-09-13,,,,,False,Barred_By_Statute,,High
UTP-2026-0431,MANA01-451106-2023,PRIS-MH-05,Nashik Road Central Prison,Maharashtra,Nashik,3178,2640,83.1,Under Capacity,Normal,0,538,Barrack-01 (General),100,81,81.0,False,0.41,Male,33,Sec 115(2) BNS / 323 IPC,Voluntarily Causing Hurt (Assault),True,12.0,False,False,1,2026-07-03,0,50,1/3_first_timer,122.0,Ineligible_Under_Time,DLSA-MH-NAS,,Private Counsel Engaged,,Private_Counsel,Hearing_Scheduled,2026-07-31,2026-08-28,,,,,False,Not_Applicable,Hypertension (Level 1),Low
UTP-2026-0432,MANA01-900028-2026,PRIS-MH-05,Nashik Road Central Prison,Maharashtra,Nashik,3178,2640,83.1,Under Capacity,Normal,0,538,Ward-HS (High Security),50,42,84.0,False,0.31,Male,26,Sec 103(1) BNS / 302 IPC,Murder (Life/Death Excluded from Sec 479),True,,True,False,1,2026-01-31,0,203,Not_Applicable,,Excluded_Life_Or_Death,DLSA-MH-NAS,,Private Counsel Engaged,,Private_Counsel,Rejected_Sessions,2026-07-21,2026-09-18,,,,,False,Barred_By_Statute,,High
UTP-2026-0433,MANA01-520806-2023,PRIS-MH-05,Nashik Road Central Prison,Maharashtra,Nashik,3178,2640,83.1,Under Capacity,Normal,0,538,Barrack-01 (General),100,84,84.0,False,0.25,Male,25,Sec 303(2) BNS / 379 IPC,Theft,False,36.0,False,False,1,2026-07-17,30,6,1/3_first_timer,365.0,Ineligible_Under_Time,DLSA-MH-NAS,,Private Counsel Engaged,,Private_Counsel,Hearing_Scheduled,2026-08-13,2026-09-08,,,,,False,Not_Applicable,,Medium
UTP-2026-0434,MANA01-145090-2023,PRIS-MH-05,Nashik Road Central Prison,Maharashtra,Nashik,3178,2640,83.1,Under Capacity,Normal,0,538,Barrack-01 (General),100,80,80.0,False,0.41,Male,32,Sec 189(2) BNS / 147 IPC,Rioting / Unlawful Assembly,False,24.0,False,False,4,2026-07-12,0,41,1/3_first_timer,243.0,Blocked_Multiple_FIRs,DLSA-MH-NAS,PBL-MH-081,Adv. Deepak G. Patil,2026-07-14,Assigned,Bail_Pending,2026-07-20,2026-09-26,,,,,False,Multi_Case_Verification_Pending,,Low
UTP-2026-0435,MANA01-342880-2024,PRIS-MH-05,Nashik Road Central Prison,Maharashtra,Nashik,3178,2640,83.1,Under Capacity,Normal,0,538,Barrack-01 (General),100,80,80.0,False,0.47,Male,38,Sec 117(2) BNS / 325 IPC,Voluntarily Causing Grievous Hurt,True,84.0,False,False,1,2025-12-04,0,261,1/3_first_timer,852.0,Ineligible_Under_Time,DLSA-MH-NAS,PBL-MH-083,Adv. Rahul M. Sonawane,2026-08-07,Assigned,Hearing_Scheduled,2026-07-20,2026-10-01,,,,,False,Not_Applicable,Hypertension (Level 1),Low
UTP-2026-0436,MANA01-811717-2025,PRIS-MH-05,Nashik Road Central Prison,Maharashtra,Nashik,3178,2640,83.1,Under Capacity,Normal,0,538,Barrack-01 (General),100,84,84.0,False,0.43,Male,37,Sec 303(2) BNS / 379 IPC,Theft,True,36.0,False,False,1,2026-05-11,0,103,1/3_first_timer,365.0,Ineligible_Under_Time,DLSA-MH-NAS,PBL-MH-083,Adv. Rahul M. Sonawane,2026-07-21,Assigned,Not_Applied,2026-08-16,2026-09-30,,,,,False,Not_Applicable,,Low
UTP-2026-0437,MANA01-854124-2025,PRIS-MH-05,Nashik Road Central Prison,Maharashtra,Nashik,3178,2640,83.1,Under Capacity,Normal,0,538,Barrack-01 (General),100,80,80.0,False,0.35,Male,40,Sec 115(2) BNS / 323 IPC,Voluntarily Causing Hurt (Assault),True,12.0,False,False,1,2025-09-20,0,336,1/3_first_timer,122.0,Eligible,DLSA-MH-NAS,PBL-MH-082,Adv. Sneha K. Deshpande,2026-03-05,Assigned,Bail Granted,2026-07-17,2026-09-26,2026-08-12,,10.0,Two Local Solvent Sureties,True,Petition_Drafted_Sec483,,Medium
UTP-2026-0438,MANA01-621379-2024,PRIS-MH-05,Nashik Road Central Prison,Maharashtra,Nashik,3178,2640,83.1,Under Capacity,Normal,0,538,Barrack-01 (General),100,85,85.0,False,0.45,Male,41,Sec 318(2) BNS / 420 IPC,Cheating & Dishonesty,True,36.0,False,False,1,2026-02-14,0,189,1/3_first_timer,365.0,Ineligible_Under_Time,DLSA-MH-NAS,PBL-MH-083,Adv. Rahul M. Sonawane,2026-06-26,Assigned,Pending_Trial,2026-07-08,2026-09-09,,,,,False,Not_Applicable,,Low
UTP-2026-0439,MANA01-513209-2024,PRIS-MH-05,Nashik Road Central Prison,Maharashtra,Nashik,3178,2640,83.1,Under Capacity,Normal,0,538,Barrack-01 (General),100,84,84.0,False,0.4,Male,21,Sec 318(2) BNS / 420 IPC,Cheating & Dishonesty,True,36.0,False,False,2,2026-07-07,90,1,1/3_first_timer,365.0,Blocked_Multiple_FIRs,DLSA-MH-NAS,PBL-MH-082,Adv. Sneha K. Deshpande,2026-07-29,Assigned,Verification_Required,2026-08-08,2026-09-28,,,,,False,Multi_Case_Verification_Pending,,Low
UTP-2026-0440,MANA01-488027-2023,PRIS-MH-05,Nashik Road Central Prison,Maharashtra,Nashik,3178,2640,83.1,Under Capacity,Normal,0,538,Barrack-01 (General),100,80,80.0,False,0.4,Male,35,Sec 318(2) BNS / 420 IPC,Cheating & Dishonesty,True,36.0,False,False,3,2026-06-18,120,1,1/3_first_timer,365.0,Blocked_Multiple_FIRs,DLSA-MH-NAS,PBL-MH-082,Adv. Sneha K. Deshpande,2026-06-19,Assigned,Bail_Pending,2026-07-16,2026-09-14,,,,,False,Multi_Case_Verification_Pending,Severe Cardiac / Requires Level 3 Hospital Care,Low
UTP-2026-0441,MANA01-382207-2023,PRIS-MH-05,Nashik Road Central Prison,Maharashtra,Nashik,3178,2640,83.1,Under Capacity,Normal,0,538,Barrack-01 (General),100,80,80.0,False,0.4,Male,24,Sec 115(2) BNS / 323 IPC,Voluntarily Causing Hurt (Assault),True,12.0,False,False,1,2026-04-13,150,1,1/3_first_timer,122.0,Ineligible_Due_To_Accused_Delay,DLSA-MH-NAS,PBL-MH-083,Adv. Rahul M. Sonawane,2026-07-21,Assigned,Hearing_Scheduled,2026-07-28,2026-09-07,,,,,False,Not_Applicable,Chronic Diabetes (Level 1 Dispensary),Low
UTP-2026-0442,MANA01-649161-2026,PRIS-MH-05,Nashik Road Central Prison,Maharashtra,Nashik,3178,2640,83.1,Under Capacity,Normal,0,538,Barrack-01 (General),100,86,86.0,False,0.31,Male,24,Sec 324(2) BNS / 427 IPC,Mischief Causing Damage,True,24.0,False,False,2,2025-08-19,150,218,1/3_first_timer,243.0,Blocked_Multiple_FIRs,DLSA-MH-NAS,PBL-MH-082,Adv. Sneha K. Deshpande,2026-05-02,Assigned,Pending_Hearing,2026-08-10,2026-09-02,,,,,False,Multi_Case_Verification_Pending,Chronic Kidney Disease (Requires Dialysis / Level 3),Medium
UTP-2026-0443,MANA01-481377-2025,PRIS-MH-05,Nashik Road Central Prison,Maharashtra,Nashik,3178,2640,83.1,Under Capacity,Normal,0,538,Barrack-01 (General),100,82,82.0,False,0.5,Male,39,Sec 305 BNS / 380 IPC,Theft in Dwelling House / Burglary,True,84.0,False,True,1,2024-04-23,0,851,1/2_repeat_offender,1277.0,Ineligible_Under_Time,DLSA-MH-NAS,PBL-MH-081,Adv. Deepak G. Patil,2025-12-17,Assigned,Pending_Hearing,2026-08-20,2026-08-27,,,,,False,Not_Applicable,,Medium
UTP-2026-0444,MANA01-290997-2023,PRIS-MH-05,Nashik Road Central Prison,Maharashtra,Nashik,3178,2640,83.1,Under Capacity,Normal,0,538,Ward-F (Female Barrack),60,49,81.7,False,0.48,Female,21,Sec 115(2) BNS / 323 IPC,Voluntarily Causing Hurt (Assault),True,12.0,False,False,2,2025-11-17,0,278,1/3_first_timer,122.0,Blocked_Multiple_FIRs,DLSA-MH-NAS,PBL-MH-083,Adv. Rahul M. Sonawane,2025-12-16,Assigned,Pending_Hearing,2026-08-06,2026-09-21,,,,,False,Multi_Case_Verification_Pending,Tuberculosis (Isolation / Level 2 Inpatient),Low
UTP-2026-0445,MANA01-250169-2023,PRIS-MH-05,Nashik Road Central Prison,Maharashtra,Nashik,3178,2640,83.1,Under Capacity,Normal,0,538,Barrack-01 (General),100,85,85.0,False,0.52,Male,35,Sec 303(2) BNS / 379 IPC,Theft,True,36.0,False,False,1,2025-07-07,0,411,1/3_first_timer,365.0,Eligible,DLSA-MH-NAS,PBL-MH-083,Adv. Rahul M. Sonawane,2026-04-16,Assigned,Released_On_Personal_Bond,2026-07-29,2026-08-26,2026-06-12,2026-06-17,5.0,Personal Recognizance Bond,False,Order_Modified_And_Executed,Chronic Kidney Disease (Requires Dialysis / Level 3),Low
UTP-2026-0446,MANA01-877939-2026,PRIS-MH-05,Nashik Road Central Prison,Maharashtra,Nashik,3178,2640,83.1,Under Capacity,Normal,0,538,Barrack-01 (General),100,86,86.0,False,0.57,Male,20,Sec 189(2) BNS / 147 IPC,Rioting / Unlawful Assembly,False,24.0,False,False,1,2025-02-03,0,565,1/3_first_timer,243.0,Eligible,DLSA-MH-NAS,,,,Unassigned,Bail Granted,2026-07-10,2026-09-24,2026-08-18,,4.0,Property Card (7/12 Extract),False,Monitoring,,Low
UTP-2026-0447,MANA01-417926-2024,PRIS-MH-05,Nashik Road Central Prison,Maharashtra,Nashik,3178,2640,83.1,Under Capacity,Normal,0,538,Barrack-01 (General),100,86,86.0,False,0.5,Male,22,Sec 189(2) BNS / 147 IPC,Rioting / Unlawful Assembly,True,24.0,False,False,1,2025-08-28,0,359,1/3_first_timer,243.0,Eligible,DLSA-MH-NAS,PBL-MH-082,Adv. Sneha K. Deshpande,2026-03-23,Assigned,Bail Granted,2026-08-01,2026-09-11,2026-07-14,,39.0,Two Local Solvent Sureties,True,Order_Modified_Awaiting_Warrant,Chronic Diabetes (Level 1 Dispensary),Low
UTP-2026-0448,MANA01-447193-2024,PRIS-MH-05,Nashik Road Central Prison,Maharashtra,Nashik,3178,2640,83.1,Under Capacity,Normal,0,538,Barrack-01 (General),100,85,85.0,False,0.54,Male,24,Sec 316(2) BNS / 406 IPC,Criminal Breach of Trust,False,36.0,False,False,2,2025-05-05,0,474,1/3_first_timer,365.0,Blocked_Multiple_FIRs,DLSA-MH-NAS,PBL-MH-083,Adv. Rahul M. Sonawane,2025-12-21,Assigned,Bail_Pending,2026-07-18,2026-09-09,,,,,False,Multi_Case_Verification_Pending,,Low
UTP-2026-0449,MANA01-490272-2025,PRIS-MH-05,Nashik Road Central Prison,Maharashtra,Nashik,3178,2640,83.1,Under Capacity,Normal,0,538,Barrack-01 (General),100,82,82.0,False,0.63,Male,25,Sec 115(2) BNS / 323 IPC,Voluntarily Causing Hurt (Assault),True,12.0,False,False,1,2024-07-12,0,771,1/3_first_timer,122.0,Eligible,DLSA-MH-NAS,,,,Unassigned,Pending_Hearing,2026-07-10,2026-08-30,,,,,False,Pre_Draft_Generated,,Low
UTP-2026-0450,MANA01-105151-2026,PRIS-MH-05,Nashik Road Central Prison,Maharashtra,Nashik,3178,2640,83.1,Under Capacity,Normal,0,538,Barrack-01 (General),100,80,80.0,False,0.49,Male,39,Sec 303(2) BNS / 379 IPC,Theft,False,36.0,False,True,1,2025-09-21,15,320,1/2_repeat_offender,547.0,Ineligible_Under_Time,DLSA-MH-NAS,PBL-MH-081,Adv. Deepak G. Patil,2026-06-20,Assigned,Hearing_Scheduled,2026-08-10,2026-09-01,,,,,False,Not_Applicable,Hypertension (Level 1),Low
UTP-2026-0451,MANA01-753235-2024,PRIS-MH-05,Nashik Road Central Prison,Maharashtra,Nashik,3178,2640,83.1,Under Capacity,Normal,0,538,Barrack-01 (General),100,85,85.0,False,0.43,Male,39,Sec 309(4) BNS / 392 IPC,Robbery,True,120.0,False,False,1,2026-04-28,0,116,1/3_first_timer,1217.0,Ineligible_Under_Time,DLSA-MH-NAS,PBL-MH-082,Adv. Sneha K. Deshpande,2026-05-05,Assigned,Not_Applied,2026-07-18,2026-08-31,,,,,False,Not_Applicable,,Low
UTP-2026-0452,MANA01-466975-2026,PRIS-MH-05,Nashik Road Central Prison,Maharashtra,Nashik,3178,2640,83.1,Under Capacity,Normal,0,538,Barrack-01 (General),100,83,83.0,False,0.41,Male,35,Sec 189(2) BNS / 147 IPC,Rioting / Unlawful Assembly,True,24.0,False,False,1,2026-07-11,0,42,1/3_first_timer,243.0,Ineligible_Under_Time,DLSA-MH-NAS,PBL-MH-083,Adv. Rahul M. Sonawane,2026-07-12,Assigned,Not_Applied,2026-08-19,2026-08-31,,,,,False,Not_Applicable,Chronic Diabetes (Level 1 Dispensary),Low
UTP-2026-0453,MANA01-684610-2026,PRIS-MH-05,Nashik Road Central Prison,Maharashtra,Nashik,3178,2640,83.1,Under Capacity,Normal,0,538,Barrack-01 (General),100,83,83.0,False,0.4,Male,20,Sec 115(2) BNS / 323 IPC,Voluntarily Causing Hurt (Assault),True,12.0,False,True,1,2026-07-28,0,25,1/2_repeat_offender,182.0,Ineligible_Under_Time,DLSA-MH-NAS,,Private Counsel Engaged,,Private_Counsel,Not_Applied,2026-08-06,2026-09-02,,,,,False,Not_Applicable,,Low
UTP-2026-0454,MANA01-168034-2025,PRIS-MH-05,Nashik Road Central Prison,Maharashtra,Nashik,3178,2640,83.1,Under Capacity,Normal,0,538,Ward-HS (High Security),50,43,86.0,False,0.28,Male,37,Sec 103(1) BNS / 302 IPC,Murder (Life/Death Excluded from Sec 479),False,,True,False,1,2026-04-18,0,126,Not_Applicable,,Excluded_Life_Or_Death,DLSA-MH-NAS,,Private Counsel Engaged,,Private_Counsel,Rejected_Sessions,2026-07-21,2026-08-31,,,,,False,Barred_By_Statute,,High
UTP-2026-0455,MANA01-202161-2025,PRIS-MH-05,Nashik Road Central Prison,Maharashtra,Nashik,3178,2640,83.1,Under Capacity,Normal,0,538,Barrack-01 (General),100,81,81.0,False,0.5,Male,23,sec 303(2) bns / 379 ipc,Theft,False,36.0,False,True,1,2024-05-04,0,840,1/2_repeat_offender,547.0,Eligible,DLSA-MH-NAS,PBL-MH-081,Adv. Deepak G. Patil,2026-04-30,Assigned,Bail Granted,2026-07-23,2026-08-31,2026-07-16,,37.0,"Cash Surety ₹25,000",True,Hearing_Scheduled_For_Relaxation,,Medium
UTP-2026-0456,MANA01-105732-2025,PRIS-MH-05,Nashik Road Central Prison,Maharashtra,Nashik,3178,2640,83.1,Under Capacity,Normal,0,538,Barrack-01 (General),100,83,83.0,False,0.6,Male,22,Sec 303(2) BNS / 379 IPC,Theft,True,36.0,False,False,2,2024-10-16,0,675,1/3_first_timer,365.0,Blocked_Multiple_FIRs,DLSA-MH-NAS,PBL-MH-082,Adv. Sneha K. Deshpande,2026-01-10,Assigned,Pending_Hearing,2026-07-24,2026-09-19,,,,,False,Multi_Case_Verification_Pending,,Low
UTP-2026-0457,MANA01-364573-2023,PRIS-MH-05,Nashik Road Central Prison,Maharashtra,Nashik,3178,2640,83.1,Under Capacity,Normal,0,538,Barrack-01 (General),100,80,80.0,False,0.42,Male,24,Sec 115(2) BNS / 323 IPC,Voluntarily Causing Hurt (Assault),True,12.0,False,False,1,2026-05-29,0,85,1/3_first_timer,122.0,Ineligible_Under_Time,DLSA-MH-NAS,PBL-MH-083,Adv. Rahul M. Sonawane,2026-07-09,Assigned,Pending_Trial,2026-07-15,2026-08-25,,,,,False,Not_Applicable,,Low
UTP-2026-0458,MANA01-500788-2025,PRIS-MH-05,Nashik Road Central Prison,Maharashtra,Nashik,3178,2640,83.1,Under Capacity,Normal,0,538,Barrack-01 (General),100,83,83.0,False,0.41,Male,24,Sec 115(2) BNS / 323 IPC,Voluntarily Causing Hurt (Assault),True,12.0,False,False,1,2026-07-11,0,42,1/3_first_timer,122.0,Ineligible_Under_Time,DLSA-MH-NAS,PBL-MH-081,Adv. Deepak G. Patil,2026-07-29,Assigned,Hearing_Scheduled,2026-08-09,2026-09-14,,,,,False,Not_Applicable,,Low
UTP-2026-0459,MANA01-530694-2023,PRIS-MH-05,Nashik Road Central Prison,Maharashtra,Nashik,3178,2640,83.1,Under Capacity,Normal,0,538,Barrack-01 (General),100,80,80.0,False,0.47,Male,26,Sec 189(2) BNS / 147 IPC,Rioting / Unlawful Assembly,True,24.0,False,False,1,2025-09-07,90,259,1/3_first_timer,243.0,Eligible,DLSA-MH-NAS,PBL-MH-081,Adv. Deepak G. Patil,2026-05-10,Assigned,Released_On_Personal_Bond,2026-07-08,2026-09-30,2026-07-15,2026-07-20,5.0,Personal Recognizance Bond,False,Order_Modified_And_Executed,,Low
UTP-2026-0460,MANA01-698828-2026,PRIS-MH-05,Nashik Road Central Prison,Maharashtra,Nashik,3178,2640,83.1,Under Capacity,Normal,0,538,Barrack-01 (General),100,81,81.0,False,0.4,Male,37,Sec 318(2) BNS / 420 IPC,Cheating & Dishonesty,True,36.0,False,False,1,2026-08-04,60,1,1/3_first_timer,365.0,Ineligible_Under_Time,DLSA-MH-NAS,PBL-MH-081,Adv. Deepak G. Patil,2026-08-09,Assigned,Pending_Hearing,2026-07-27,2026-09-30,,,,,False,Not_Applicable,,Low
UTP-2026-0461,MANA01-152455-2025,PRIS-MH-05,Nashik Road Central Prison,Maharashtra,Nashik,3178,2640,83.1,Under Capacity,Normal,0,538,Barrack-01 (General),100,81,81.0,False,0.25,Male,58,Sec 189(2) BNS / 147 IPC,Rioting / Unlawful Assembly,True,24.0,False,False,1,2026-07-27,0,26,1/3_first_timer,243.0,Ineligible_Under_Time,DLSA-MH-NAS,PBL-MH-083,Adv. Rahul M. Sonawane,2026-08-05,Assigned,Pending_Trial,2026-08-09,2026-09-25,,,,,False,Not_Applicable,Tuberculosis (Isolation / Level 2 Inpatient),Medium
UTP-2026-0462,MANA01-575067-2025,PRIS-MH-05,Nashik Road Central Prison,Maharashtra,Nashik,3178,2640,83.1,Under Capacity,Normal,0,538,Barrack-01 (General),100,84,84.0,False,0.44,Male,22,sec 115(2) bns / 323 ipc,Voluntarily Causing Hurt (Assault),True,12.0,False,True,1,2026-01-28,45,161,1/2_repeat_offender,182.0,Approaching_Threshold_21d,DLSA-MH-NAS,PBL-MH-083,Adv. Rahul M. Sonawane,2026-04-30,Assigned,Not_Applied,2026-08-03,2026-09-28,,,,,False,Not_Applicable,,Low
UTP-2026-0463,MANA01-969999-2023,PRIS-MH-05,Nashik Road Central Prison,Maharashtra,Nashik,3178,2640,83.1,Under Capacity,Normal,0,538,Barrack-01 (General),100,85,85.0,False,0.31,Male,25,Sec 303(2) BNS / 379 IPC,Theft,True,36.0,False,False,1,2026-01-13,0,221,1/3_first_timer,365.0,Ineligible_Under_Time,DLSA-MH-NAS,PBL-MH-081,Adv. Deepak G. Patil,2026-04-13,Assigned,Pending_Trial,2026-07-25,2026-08-25,,,,,False,Not_Applicable,,Medium
UTP-2026-0464,MANA01-536617-2026,PRIS-MH-05,Nashik Road Central Prison,Maharashtra,Nashik,3178,2640,83.1,Under Capacity,Normal,0,538,Barrack-01 (General),100,84,84.0,False,0.62,Male,40,Sec 305 BNS / 380 IPC,Theft in Dwelling House / Burglary,True,84.0,False,False,1,2024-06-17,45,751,1/3_first_timer,852.0,Ineligible_Under_Time,DLSA-MH-NAS,PBL-MH-083,Adv. Rahul M. Sonawane,2026-03-04,Assigned,Pending_Hearing,2026-08-18,2026-09-28,,,,,False,Not_Applicable,Hypertension (Level 1),Low
UTP-2026-0465,MANA01-830311-2026,PRIS-MH-05,Nashik Road Central Prison,Maharashtra,Nashik,3178,2640,83.1,Under Capacity,Normal,0,538,Barrack-01 (General),100,86,86.0,False,0.28,Male,42,Sec 115(2) BNS / 323 IPC,Voluntarily Causing Hurt (Assault),True,12.0,False,False,1,2026-05-13,0,101,1/3_first_timer,122.0,Approaching_Threshold_21d,DLSA-MH-NAS,PBL-MH-081,Adv. Deepak G. Patil,2026-07-29,Assigned,Not_Applied,2026-08-13,2026-09-02,,,,,False,Not_Applicable,,Medium
UTP-2026-0466,MANA01-231872-2023,PRIS-MH-05,Nashik Road Central Prison,Maharashtra,Nashik,3178,2640,83.1,Under Capacity,Normal,0,538,Barrack-01 (General),100,82,82.0,False,0.42,Male,22,Sec 309(4) BNS / 392 IPC,Robbery,True,120.0,False,False,1,2026-05-24,0,90,1/3_first_timer,1217.0,Ineligible_Under_Time,DLSA-MH-NAS,PBL-MH-081,Adv. Deepak G. Patil,2026-07-05,Assigned,Pending_Trial,2026-07-18,2026-10-01,,,,,False,Not_Applicable,,Low
UTP-2026-0467,MANA01-920528-2025,PRIS-MH-05,Nashik Road Central Prison,Maharashtra,Nashik,3178,2640,83.1,Under Capacity,Normal,0,538,Ward-HS (High Security),50,41,82.0,False,0.3,Male,37,Sec 103(1) BNS / 302 IPC,Murder (Life/Death Excluded from Sec 479),True,,True,False,1,2025-09-21 ,150,185,Not_Applicable,,Excluded_Life_Or_Death,DLSA-MH-NAS,,Private Counsel Engaged,,Private_Counsel,Rejected_High_Court,2026-08-04,2026-09-19,,,,,False,Barred_By_Statute,,High
UTP-2026-0468,MANA01-601601-2026,PRIS-MH-05,Nashik Road Central Prison,Maharashtra,Nashik,3178,2640,83.1,Under Capacity,Normal,0,538,Barrack-01 (General),100,86,86.0,False,0.47,Male,21,Sec 117(2) BNS / 325 IPC,Voluntarily Causing Grievous Hurt,True,84.0,False,False,1,2025-11-16 ,45,234,1/3_first_timer,852.0,Ineligible_Under_Time,DLSA-MH-NAS,PBL-MH-082,Adv. Sneha K. Deshpande,2025-12-22,Assigned,Hearing_Scheduled,2026-07-19,2026-09-10,,,,,False,Not_Applicable,,Low
UTP-2026-0469,MANA01-931026-2025,PRIS-MH-05,Nashik Road Central Prison,Maharashtra,Nashik,3178,2640,83.1,Under Capacity,Normal,0,538,Barrack-01 (General),100,81,81.0,False,0.4,Male,55,Sec 303(2) BNS / 379 IPC,Theft,True,36.0,False,False,1,2026-07-24,90,1,1/3_first_timer,365.0,Ineligible_Under_Time,DLSA-MH-NAS,PBL-MH-082,Adv. Sneha K. Deshpande,2026-08-02,Assigned,Pending_Trial,2026-08-06,2026-09-21,,,,,False,Not_Applicable,Severe Cardiac / Requires Level 3 Hospital Care,Low
UTP-2026-0470,MANA01-784532-2025,PRIS-MH-05,Nashik Road Central Prison,Maharashtra,Nashik,3178,2640,83.1,Under Capacity,Normal,0,538,Ward-HS (High Security),50,43,86.0,False,0.25,Male,19,Sec 103(1) BNS / 302 IPC,Murder (Life/Death Excluded from Sec 479),True,,True,False,1,2026-07-13,30,10,Not_Applicable,,Excluded_Life_Or_Death,DLSA-MH-NAS,,Private Counsel Engaged,,Private_Counsel,Rejected_High_Court,2026-08-11,2026-09-22,,,,,False,Barred_By_Statute,Chronic Kidney Disease (Requires Dialysis / Level 3),High
UTP-2026-0471,MANA01-597793-2025,PRIS-MH-05,Nashik Road Central Prison,Maharashtra,Nashik,3178,2640,83.1,Under Capacity,Normal,0,538,Barrack-01 (General),100,80,80.0,False,0.6,Male,39,Sec 115(2) BNS / 323 IPC,Voluntarily Causing Hurt (Assault),True,12.0,False,False,1,2024-10-16,0,675,1/3_first_timer,122.0,Eligible,DLSA-MH-NAS,PBL-MH-083,Adv. Rahul M. Sonawane,2026-03-03,Assigned,Bail Granted,2026-08-08,2026-08-27,2026-07-31,,22.0,Property Guarantee,True,Order_Modified_Awaiting_Warrant,Chronic Kidney Disease (Requires Dialysis / Level 3),Low
UTP-2026-0472,MANA01-476925-2025,PRIS-MH-05,Nashik Road Central Prison,Maharashtra,Nashik,3178,2640,83.1,Under Capacity,Normal,0,538,Barrack-01 (General),100,86,86.0,False,0.42,Male,21,Sec 305 BNS / 380 IPC,Theft in Dwelling House / Burglary,True,84.0,False,False,2,2026-05-31,0,83,1/3_first_timer,852.0,Blocked_Multiple_FIRs,DLSA-MH-NAS,PBL-MH-082,Adv. Sneha K. Deshpande,2026-06-03,Assigned,Verification_Required,2026-08-14,2026-08-25,,,,,False,Multi_Case_Verification_Pending,Tuberculosis (Isolation / Level 2 Inpatient),Low
UTP-2026-0473,MANA01-239297-2026,PRIS-MH-05,Nashik Road Central Prison,Maharashtra,Nashik,3178,2640,83.1,Under Capacity,Normal,0,538,Barrack-01 (General),100,80,80.0,False,0.41,Male,26,Sec 305 BNS / 380 IPC,Theft in Dwelling House / Burglary,True,84.0,False,False,1,2026-06-20,0,63,1/3_first_timer,852.0,Ineligible_Under_Time,DLSA-MH-NAS,,,,Unassigned,Pending_Trial,2026-07-17,2026-09-18,,,,,False,Not_Applicable,,Low
UTP-2026-0474,MANA01-151774-2024,PRIS-MH-05,Nashik Road Central Prison,Maharashtra,Nashik,3178,2640,83.1,Under Capacity,Normal,0,538,Barrack-01 (General),100,86,86.0,False,0.41,Male,35,Sec 303(2) BNS / 379 IPC,Theft,True,36.0,False,True,1,2026-07-15,0,38,1/2_repeat_offender,547.0,Ineligible_Under_Time,DLSA-MH-NAS,,Private Counsel Engaged,,Private_Counsel,Hearing_Scheduled,2026-07-18,2026-09-18,,,,,False,Not_Applicable,Hypertension (Level 1),Low
UTP-2026-0475,MANA01-189183-2023,PRIS-MH-05,Nashik Road Central Prison,Maharashtra,Nashik,3178,2640,83.1,Under Capacity,Normal,0,538,Barrack-01 (General),100,83,83.0,False,0.59,Male,36,Sec 305 BNS / 380 IPC,Theft in Dwelling House / Burglary,False,84.0,False,False,1,2024-11-14,0,646,1/3_first_timer,852.0,Ineligible_Under_Time,DLSA-MH-NAS,PBL-MH-083,Adv. Rahul M. Sonawane,2026-05-24,Assigned,Pending_Hearing,2026-07-08,2026-08-31,,,,,False,Not_Applicable,,Low
UTP-2026-0476,MANA01-512077-2025,PRIS-MH-05,Nashik Road Central Prison,Maharashtra,Nashik,3178,2640,83.1,Under Capacity,Normal,0,538,Barrack-01 (General),100,86,86.0,False,0.52,Male,22,Sec 303(2) BNS / 379 IPC,Theft,True,36.0,False,False,1,2025-04-29,60,420,1/3_first_timer,365.0,Eligible,DLSA-MH-NAS,PBL-MH-083,Adv. Rahul M. Sonawane,2026-01-15,Assigned,Released_On_Bail,2026-07-14,2026-09-11,2026-08-02,2026-08-06,4.0,Solvency Certificate (Property),False,Executed_With_Surety,,Low
UTP-2026-0477,MANA01-176176-2025,PRIS-MH-05,Nashik Road Central Prison,Maharashtra,Nashik,3178,2640,83.1,Under Capacity,Normal,0,538,Barrack-01 (General),100,80,80.0,False,0.42,Male,40,Sec 115(2) BNS / 323 IPC,Voluntarily Causing Hurt (Assault),True,12.0,False,False,1,2026-06-10,0,73,1/3_first_timer,122.0,Ineligible_Under_Time,DLSA-MH-NAS,PBL-MH-083,Adv. Rahul M. Sonawane,2026-07-13,Assigned,Pending_Hearing,2026-08-12,2026-08-26,,,,,False,Not_Applicable,,Low
UTP-2026-0478,MANA01-579113-2025,PRIS-MH-05,Nashik Road Central Prison,Maharashtra,Nashik,3178,2640,83.1,Under Capacity,Normal,0,538,Barrack-01 (General),100,83,83.0,False,0.4,Male,22,Sec 324(2) BNS / 427 IPC,Mischief Causing Damage,True,24.0,False,False,1,2026-07-15,120,1,1/3_first_timer,243.0,Ineligible_Under_Time,DLSA-MH-NAS,PBL-MH-081,Adv. Deepak G. Patil,2026-08-04,Assigned,Hearing_Scheduled,2026-08-15,2026-10-01,,,,,False,Not_Applicable,,Low
UTP-2026-0479,MANA01-103026-2024,PRIS-MH-05,Nashik Road Central Prison,Maharashtra,Nashik,3178,2640,83.1,Under Capacity,Normal,0,538,Barrack-01 (General),100,86,86.0,False,0.61,Male,32,Sec 309(4) BNS / 392 IPC,Robbery,True,120.0,False,False,1,2024-08-24,0,728,1/3_first_timer,1217.0,Ineligible_Under_Time,DLSA-MH-NAS,,Private Counsel Engaged,,Private_Counsel,Not_Applied,2026-07-11,2026-09-19,,,,,False,Not_Applicable,,Low
UTP-2026-0480,MANA01-194465-2024,PRIS-MH-05,Nashik Road Central Prison,Maharashtra,Nashik,3178,2640,83.1,Under Capacity,Normal,0,538,Barrack-01 (General),100,83,83.0,False,0.43,Male,35,Sec 305 BNS / 380 IPC,Theft in Dwelling House / Burglary,False,84.0,False,True,3,2025-11-20 ,150,125,1/2_repeat_offender,1277.0,Blocked_Multiple_FIRs,DLSA-MH-NAS,PBL-MH-083,Adv. Rahul M. Sonawane,2026-02-01,Assigned,Bail_Pending,2026-08-17,2026-08-30,,,,,False,Multi_Case_Verification_Pending,Severe Cardiac / Requires Level 3 Hospital Care,Low
UTP-2026-0481,MAPU01-813540-2023,PRIS-MH-06,Yerwada Open Prison & Semi-Open Annex,Maharashtra,Pune,1500,865,57.7,Under Capacity,Low,0,635,Barrack-01 (General),100,58,58.0,False,0.58,Male,23,Sec 117(2) BNS / 325 IPC,Voluntarily Causing Grievous Hurt,True,84.0,False,False,1,2024-09-22,0,699,1/3_first_timer,852.0,Ineligible_Under_Time,DLSA-MH-PUN,PBL-MH-062,Adv. Vikas M. Thorat,2026-02-15,Assigned,Not_Applied,2026-08-02,2026-09-08,,,,,False,Not_Applicable,Severe Cardiac / Requires Level 3 Hospital Care,Low
UTP-2026-0482,MAPU01-860587-2023,PRIS-MH-06,Yerwada Open Prison & Semi-Open Annex,Maharashtra,Pune,1500,865,57.7,Under Capacity,Low,0,635,Barrack-01 (General),100,59,59.0,False,0.42,Male,41,Sec 303(2) BNS / 379 IPC,Theft,True,36.0,False,False,1,2026-03-14,0,161,1/3_first_timer,365.0,Ineligible_Under_Time,DLSA-MH-PUN,PBL-MH-062,Adv. Vikas M. Thorat,2026-06-19,Assigned,Pending_Trial,2026-07-28,2026-09-22,,,,,False,Not_Applicable,Chronic Kidney Disease (Requires Dialysis / Level 3),Low
UTP-2026-0483,MAPU01-433362-2024,PRIS-MH-06,Yerwada Open Prison & Semi-Open Annex,Maharashtra,Pune,1500,865,57.7,Under Capacity,Low,0,635,Barrack-01 (General),100,57,57.0,False,0.45,Male,57,Sec 318(2) BNS / 420 IPC,Cheating & Dishonesty,False,36.0,False,False,1,2025-12-09,15,241,1/3_first_timer,365.0,Ineligible_Under_Time,DLSA-MH-PUN,PBL-MH-062,Adv. Vikas M. Thorat,2025-12-18,Assigned,Hearing_Scheduled,2026-08-03,2026-08-28,,,,,False,Not_Applicable,,Low
UTP-2026-0484,MAPU01-187382-2023,PRIS-MH-06,Yerwada Open Prison & Semi-Open Annex,Maharashtra,Pune,1500,865,57.7,Under Capacity,Low,0,635,Ward-HS (High Security),50,29,58.0,False,0.23,Male,39,Sec 103(1) BNS / 302 IPC,Murder (Life/Death Excluded from Sec 479),False,,True,False,3,2026-08-05,0,17,Not_Applicable,,Excluded_Life_Or_Death,DLSA-MH-PUN,,Private Counsel Engaged,,Private_Counsel,Rejected_Sessions,2026-07-23,2026-09-18,,,,,False,Barred_By_Statute,Tuberculosis (Isolation / Level 2 Inpatient),High
UTP-2026-0485,MAPU01-162412-2023,PRIS-MH-06,Yerwada Open Prison & Semi-Open Annex,Maharashtra,Pune,1500,865,57.7,Under Capacity,Low,0,635,Barrack-01 (General),100,58,58.0,False,0.42,Male,25,Sec 318(2) BNS / 420 IPC,Cheating & Dishonesty,True,36.0,False,False,1,2026-02-11,30,162,1/3_first_timer,365.0,Ineligible_Under_Time,DLSA-MH-PUN,,,,Unassigned,Pending_Trial,2026-07-29,2026-10-01,,,,,False,Not_Applicable,Chronic Diabetes (Level 1 Dispensary),Low
UTP-2026-0486,MAPU01-511744-2025,PRIS-MH-06,Yerwada Open Prison & Semi-Open Annex,Maharashtra,Pune,1500,865,57.7,Under Capacity,Low,0,635,Barrack-01 (General),100,60,60.0,False,0.4,Male,25,sec 303(2) bns / 379 ipc,Theft,True,36.0,False,False,1,2026-05-25,0,89,1/3_first_timer,365.0,Ineligible_Under_Time,DLSA-MH-PUN,PBL-MH-061,Adv. Anjali P. Deshmukh,2026-06-19,Assigned,Pending_Trial,2026-08-18,2026-09-26,,,,,False,Not_Applicable,,Low
UTP-2026-0487,MAPU01-113682-2023,PRIS-MH-06,Yerwada Open Prison & Semi-Open Annex,Maharashtra,Pune,1500,865,57.7,Under Capacity,Low,0,635,Barrack-01 (General),100,56,56.0,False,0.61,Male,23,Sec 316(2) BNS / 406 IPC,Criminal Breach of Trust,False,36.0,False,False,3,2024-06-23,0,790,1/3_first_timer,365.0,Blocked_Multiple_FIRs,DLSA-MH-PUN,PBL-MH-063,Adv. Sachin B. More,2025-12-26,Assigned,Verification_Required,2026-08-05,2026-09-24,,,,,False,Multi_Case_Verification_Pending,,Low
UTP-2026-0488,MAPU01-497916-2025,PRIS-MH-06,Yerwada Open Prison & Semi-Open Annex,Maharashtra,Pune,1500,865,57.7,Under Capacity,Low,0,635,Barrack-01 (General),100,57,57.0,False,0.39,Male,41,Sec 303(2) BNS / 379 IPC,Theft,True,36.0,False,True,1,2026-06-10,0,73,1/2_repeat_offender,547.0,Ineligible_Under_Time,DLSA-MH-PUN,,Private Counsel Engaged,,Private_Counsel,Not_Applied,2026-08-09,2026-09-30,,,,,False,Not_Applicable,,Low
UTP-2026-0489,MAPU01-511652-2026,PRIS-MH-06,Yerwada Open Prison & Semi-Open Annex,Maharashtra,Pune,1500,865,57.7,Under Capacity,Low,0,635,Ward-HS (High Security),50,30,60.0,False,0.24,Male,21,Sec 103(1) BNS / 302 IPC,Murder (Life/Death Excluded from Sec 479),True,,True,False,1,2026-06-26,0,57,Not_Applicable,,Excluded_Life_Or_Death,DLSA-MH-PUN,,Private Counsel Engaged,,Private_Counsel,Pending_Trial,2026-07-15,2026-09-29,,,,,False,Barred_By_Statute,Chronic Diabetes (Level 1 Dispensary),High
UTP-2026-0490,MAPU01-368261-2026,PRIS-MH-06,Yerwada Open Prison & Semi-Open Annex,Maharashtra,Pune,1500,865,57.7,Under Capacity,Low,0,635,Barrack-01 (General),100,60,60.0,False,0.39,Male,38,Sec 309(4) BNS / 392 IPC,Robbery,False,120.0,False,False,1,2026-06-12,0,71,1/3_first_timer,1217.0,Ineligible_Under_Time,DLSA-MH-PUN,PBL-MH-063,Adv. Sachin B. More,2026-08-12,Assigned,Hearing_Scheduled,2026-08-09,2026-09-06,,,,,False,Not_Applicable,,Low
UTP-2026-0491,MAPU01-428149-2026,PRIS-MH-06,Yerwada Open Prison & Semi-Open Annex,Maharashtra,Pune,1500,865,57.7,Under Capacity,Low,0,635,Barrack-01 (General),100,57,57.0,False,0.22,Male,37,Sec 318(2) BNS / 420 IPC,Cheating & Dishonesty,False,36.0,False,True,1,2026-03-19,150,6,1/2_repeat_offender,547.0,Ineligible_Under_Time,DLSA-MH-PUN,PBL-MH-063,Adv. Sachin B. More,2026-06-18,Assigned,Hearing_Scheduled,2026-08-16,2026-09-29,,,,,False,Not_Applicable,Severe Cardiac / Requires Level 3 Hospital Care,Medium
UTP-2026-0492,MAPU01-979422-2024,PRIS-MH-06,Yerwada Open Prison & Semi-Open Annex,Maharashtra,Pune,1500,865,57.7,Under Capacity,Low,0,635,Barrack-01 (General),100,58,58.0,False,0.39,Male,21,Sec 305 BNS / 380 IPC,Theft in Dwelling House / Burglary,True,84.0,False,False,1,2026-07-03,0,50,1/3_first_timer,852.0,Ineligible_Under_Time,DLSA-MH-PUN,PBL-MH-063,Adv. Sachin B. More,2026-07-10,Assigned,Hearing_Scheduled,2026-08-13,2026-08-29,,,,,False,Not_Applicable,,Low
UTP-2026-0493,MAPU01-303385-2023,PRIS-MH-06,Yerwada Open Prison & Semi-Open Annex,Maharashtra,Pune,1500,865,57.7,Under Capacity,Low,0,635,Barrack-01 (General),100,57,57.0,False,0.67,Male,58,Sec 303(2) BNS / 379 IPC,Theft,True,36.0,False,False,1,2023-07-03,0,1146,1/3_first_timer,365.0,Eligible,DLSA-MH-PUN,PBL-MH-062,Adv. Vikas M. Thorat,2026-02-10,Assigned,Bail_Application_Filed,2026-07-13,2026-09-08,,,,,False,Pre_Draft_Generated,Chronic Diabetes (Level 1 Dispensary),Low
UTP-2026-0494,MAPU01-376478-2024,PRIS-MH-06,Yerwada Open Prison & Semi-Open Annex,Maharashtra,Pune,1500,865,57.7,Under Capacity,Low,0,635,Barrack-01 (General),100,56,56.0,False,0.25,Male,39,Sec 303(2) BNS / 379 IPC,Theft,True,36.0,False,True,1,2026-05-27,0,87,1/2_repeat_offender,547.0,Ineligible_Under_Time,DLSA-MH-PUN,PBL-MH-061,Adv. Anjali P. Deshmukh,2026-06-09,Assigned,Hearing_Scheduled,2026-08-17,2026-09-17,,,,,False,Not_Applicable,Chronic Kidney Disease (Requires Dialysis / Level 3),Medium
UTP-2026-0495,MAPU01-510534-2024,PRIS-MH-06,Yerwada Open Prison & Semi-Open Annex,Maharashtra,Pune,1500,865,57.7,Under Capacity,Low,0,635,Barrack-01 (General),100,58,58.0,False,0.24,Male,36,Sec 303(2) BNS / 379 IPC,Theft,True,36.0,False,False,1,2026-06-15,0,68,1/3_first_timer,365.0,Ineligible_Under_Time,DLSA-MH-PUN,PBL-MH-061,Adv. Anjali P. Deshmukh,2026-08-04,Assigned,Not_Applied,2026-08-10,2026-09-18,,,,,False,Not_Applicable,Hypertension (Level 1),Medium
UTP-2026-0496,MAPU01-722978-2023,PRIS-MH-06,Yerwada Open Prison & Semi-Open Annex,Maharashtra,Pune,1500,865,57.7,Under Capacity,Low,0,635,Barrack-01 (General),100,57,57.0,False,0.25,Male,32,Sec 115(2) BNS / 323 IPC,Voluntarily Causing Hurt (Assault),False,12.0,False,True,1,2026-05-14,0,100,1/2_repeat_offender,182.0,Ineligible_Under_Time,DLSA-MH-PUN,PBL-MH-063,Adv. Sachin B. More,2026-06-30,Assigned,Pending_Trial,2026-08-05,2026-09-02,,,,,False,Not_Applicable,Chronic Diabetes (Level 1 Dispensary),Medium
UTP-2026-0497,MAPU01-916171-2026,PRIS-MH-06,Yerwada Open Prison & Semi-Open Annex,Maharashtra,Pune,1500,865,57.7,Under Capacity,Low,0,635,Barrack-01 (General),100,58,58.0,False,0.41,Male,26,Sec 305 BNS / 380 IPC,Theft in Dwelling House / Burglary,True,84.0,False,False,1,2026-04-20,0,124,1/3_first_timer,852.0,Ineligible_Under_Time,DLSA-MH-PUN,PBL-MH-061,Adv. Anjali P. Deshmukh,2026-06-27,Assigned,Pending_Trial,2026-08-05,2026-09-21,,,,,False,Not_Applicable,Severe Cardiac / Requires Level 3 Hospital Care,Low
UTP-2026-0498,MAPU01-191790-2025,PRIS-MH-06,Yerwada Open Prison & Semi-Open Annex,Maharashtra,Pune,1500,865,57.7,Under Capacity,Low,0,635,Ward-HS (High Security),50,28,56.0,False,0.26,Male,60,Sec 103(1) BNS / 302 IPC,Murder (Life/Death Excluded from Sec 479),True,,True,False,1,2026-04-07,0,137,Not_Applicable,,Excluded_Life_Or_Death,DLSA-MH-PUN,,Private Counsel Engaged,,Private_Counsel,Rejected_Sessions,2026-08-09,2026-09-01,,,,,False,Barred_By_Statute,,High
UTP-2026-0499,MAPU01-423953-2024,PRIS-MH-06,Yerwada Open Prison & Semi-Open Annex,Maharashtra,Pune,1500,865,57.7,Under Capacity,Low,0,635,Barrack-01 (General),100,60,60.0,False,0.31,Male,23,Sec 303(2) BNS / 379 IPC,Theft,True,36.0,False,False,1,2025-10-29,0,297,1/3_first_timer,365.0,Ineligible_Under_Time,DLSA-MH-PUN,PBL-MH-063,Adv. Sachin B. More,2026-02-28,Assigned,Hearing_Scheduled,2026-07-08,2026-09-01,,,,,False,Not_Applicable,Chronic Kidney Disease (Requires Dialysis / Level 3),Medium
UTP-2026-0500,MAPU01-622248-2023,PRIS-MH-06,Yerwada Open Prison & Semi-Open Annex,Maharashtra,Pune,1500,865,57.7,Under Capacity,Low,0,635,Barrack-01 (General),100,60,60.0,False,0.38,Male,22,Sec 115(2) BNS / 323 IPC,Voluntarily Causing Hurt (Assault),True,12.0,False,False,1,2026-08-04,0,18,1/3_first_timer,122.0,Ineligible_Under_Time,DLSA-MH-PUN,PBL-MH-061,Adv. Anjali P. Deshmukh,2026-08-09,Assigned,Hearing_Scheduled,2026-07-23,2026-09-23,,,,,False,Not_Applicable,,Low
UTP-2026-0501,MAPU01-259365-2026,PRIS-MH-06,Yerwada Open Prison & Semi-Open Annex,Maharashtra,Pune,1500,865,57.7,Under Capacity,Low,0,635,Barrack-01 (General),100,59,59.0,False,0.4,Male,40,sec 303(2) bns / 379 ipc,Theft,True,36.0,False,False,1,2026-06-09,0,74,1/3_first_timer,365.0,Ineligible_Under_Time,DLSA-MH-PUN,PBL-MH-062,Adv. Vikas M. Thorat,2026-07-14,Assigned,Not_Applied,2026-07-15,2026-09-01,,,,,False,Not_Applicable,Hypertension (Level 1),Low
UTP-2026-0502,MAPU01-491673-2025,PRIS-MH-06,Yerwada Open Prison & Semi-Open Annex,Maharashtra,Pune,1500,865,57.7,Under Capacity,Low,0,635,Barrack-01 (General),100,58,58.0,False,0.39,Male,38,Sec 305 BNS / 380 IPC,Theft in Dwelling House / Burglary,True,84.0,False,False,1,2026-06-12,0,71,1/3_first_timer,852.0,Ineligible_Under_Time,DLSA-MH-PUN,PBL-MH-061,Adv. Anjali P. Deshmukh,2026-08-12,Assigned,Hearing_Scheduled,2026-08-02,2026-09-17,,,,,False,Not_Applicable,,Low
UTP-2026-0503,MAPU01-140448-2023,PRIS-MH-06,Yerwada Open Prison & Semi-Open Annex,Maharashtra,Pune,1500,865,57.7,Under Capacity,Low,0,635,Barrack-01 (General),100,57,57.0,False,0.25,Male,41,Sec 189(2) BNS / 147 IPC,Rioting / Unlawful Assembly,True,24.0,False,False,1,2026-05-29,0,85,1/3_first_timer,243.0,Ineligible_Under_Time,DLSA-MH-PUN,PBL-MH-061,Adv. Anjali P. Deshmukh,2026-08-01,Assigned,Pending_Trial,2026-07-20,2026-09-21,,,,,False,Not_Applicable,Chronic Kidney Disease (Requires Dialysis / Level 3),Medium
UTP-2026-0504,MAPU01-999745-2024,PRIS-MH-06,Yerwada Open Prison & Semi-Open Annex,Maharashtra,Pune,1500,865,57.7,Under Capacity,Low,0,635,Barrack-01 (General),100,59,59.0,False,0.26,Male,26,Sec 305 BNS / 380 IPC,Theft in Dwelling House / Burglary,True,84.0,False,True,3,2026-04-06,0,138,1/2_repeat_offender,1277.0,Blocked_Multiple_FIRs,DLSA-MH-PUN,PBL-MH-062,Adv. Vikas M. Thorat,2026-07-31,Assigned,Verification_Required,2026-07-27,2026-09-09,,,,,False,Multi_Case_Verification_Pending,Chronic Diabetes (Level 1 Dispensary),Medium
UTP-2026-0505,MAPU01-282992-2026,PRIS-MH-06,Yerwada Open Prison & Semi-Open Annex,Maharashtra,Pune,1500,865,57.7,Under Capacity,Low,0,635,Barrack-01 (General),100,59,59.0,False,0.42,Male,25,Sec 303(2) BNS / 379 IPC,Theft,True,36.0,False,False,1,2026-03-12,0,163,1/3_first_timer,365.0,Ineligible_Under_Time,DLSA-MH-PUN,PBL-MH-063,Adv. Sachin B. More,2026-06-03,Assigned,Pending_Trial,2026-07-21,2026-08-27,,,,,False,Not_Applicable,,Low
UTP-2026-0506,MAPU01-673698-2026,PRIS-MH-06,Yerwada Open Prison & Semi-Open Annex,Maharashtra,Pune,1500,865,57.7,Under Capacity,Low,0,635,Barrack-01 (General),100,56,56.0,False,0.5,Male,39,Sec 303(2) BNS / 379 IPC,Theft,True,36.0,False,False,1,2025-06-13 ,0,435,1/3_first_timer,365.0,Eligible,DLSA-MH-PUN,PBL-MH-061,Adv. Anjali P. Deshmukh,2026-03-06,Assigned,Bail Granted,2026-07-10,2026-09-25,2026-08-16,,6.0,Property Card (7/12 Extract),False,Monitoring,,Low
UTP-2026-0507,MAPU01-783707-2026,PRIS-MH-06,Yerwada Open Prison & Semi-Open Annex,Maharashtra,Pune,1500,865,57.7,Under Capacity,Low,0,635,Barrack-01 (General),100,60,60.0,False,0.47,Male,24,Sec 117(2) BNS / 325 IPC,Voluntarily Causing Grievous Hurt,True,84.0,False,False,1,2025-10-11,0,315,1/3_first_timer,852.0,Ineligible_Under_Time,DLSA-MH-PUN,PBL-MH-063,Adv. Sachin B. More,2025-12-16,Assigned,Pending_Trial,2026-08-07,2026-09-30,,,,,False,Not_Applicable,,Low
UTP-2026-0508,MAPU01-397892-2026,PRIS-MH-06,Yerwada Open Prison & Semi-Open Annex,Maharashtra,Pune,1500,865,57.7,Under Capacity,Low,0,635,Barrack-01 (General),100,59,59.0,False,0.27,Male,22,Sec 115(2) BNS / 323 IPC,Voluntarily Causing Hurt (Assault),True,12.0,False,False,1,2026-03-14,0,161,1/3_first_timer,122.0,Eligible,DLSA-MH-PUN,PBL-MH-062,Adv. Vikas M. Thorat,2026-05-02,Assigned,Bail Granted,2026-08-01,2026-09-30,2026-07-17,,36.0,Property Guarantee,True,Petition_Drafted_Sec483,Hypertension (Level 1),Medium
UTP-2026-0509,MAPU01-765834-2025,PRIS-MH-06,Yerwada Open Prison & Semi-Open Annex,Maharashtra,Pune,1500,865,57.7,Under Capacity,Low,0,635,Barrack-01 (General),100,60,60.0,False,0.4,Male,21,Sec 316(2) BNS / 406 IPC,Criminal Breach of Trust,True,36.0,False,False,1,2026-05-18,0,96,1/3_first_timer,365.0,Ineligible_Under_Time,DLSA-MH-PUN,PBL-MH-062,Adv. Vikas M. Thorat,2026-07-29,Assigned,Not_Applied,2026-08-10,2026-09-27,,,,,False,Not_Applicable,Chronic Diabetes (Level 1 Dispensary),Low
UTP-2026-0510,MAPU01-843478-2025,PRIS-MH-06,Yerwada Open Prison & Semi-Open Annex,Maharashtra,Pune,1500,865,57.7,Under Capacity,Low,0,635,Barrack-01 (General),100,59,59.0,False,0.4,Male,42,Sec 305 BNS / 380 IPC,Theft in Dwelling House / Burglary,True,84.0,False,False,1,2026-05-27,0,87,1/3_first_timer,852.0,Ineligible_Under_Time,DLSA-MH-PUN,PBL-MH-063,Adv. Sachin B. More,2026-07-10,Assigned,Hearing_Scheduled,2026-08-03,2026-10-01,,,,,False,Not_Applicable,,Low
UTP-2026-0511,MAPU01-999818-2025,PRIS-MH-06,Yerwada Open Prison & Semi-Open Annex,Maharashtra,Pune,1500,865,57.7,Under Capacity,Low,0,635,Barrack-01 (General),100,58,58.0,False,0.39,Male,39,Sec 117(2) BNS / 325 IPC,Voluntarily Causing Grievous Hurt,True,84.0,False,False,1,2026-05-26,30,58,1/3_first_timer,852.0,Ineligible_Under_Time,DLSA-MH-PUN,PBL-MH-061,Adv. Anjali P. Deshmukh,2026-06-12,Assigned,Pending_Trial,2026-07-31,2026-09-13,,,,,False,Not_Applicable,,Low
UTP-2026-0512,MAPU01-473053-2023,PRIS-MH-06,Yerwada Open Prison & Semi-Open Annex,Maharashtra,Pune,1500,865,57.7,Under Capacity,Low,0,635,Barrack-01 (General),100,57,57.0,False,0.52,Male,19,Sec 303(2) BNS / 379 IPC,Theft,True,36.0,False,False,1,2023-09-16,0,1071,1/3_first_timer,365.0,Eligible,DLSA-MH-PUN,PBL-MH-061,Adv. Anjali P. Deshmukh,2026-05-20,Assigned,Released_On_Personal_Bond,2026-07-14,2026-09-15,2026-08-02,2026-08-07,5.0,Personal Recognizance Bond,False,Order_Modified_And_Executed,Chronic Kidney Disease (Requires Dialysis / Level 3),Medium
UTP-2026-0513,MAPU01-527185-2024,PRIS-MH-06,Yerwada Open Prison & Semi-Open Annex,Maharashtra,Pune,1500,865,57.7,Under Capacity,Low,0,635,Ward-HS (High Security),50,30,60.0,False,0.26,Male,21,Sec 103(1) BNS / 302 IPC,Murder (Life/Death Excluded from Sec 479),True,,True,True,1,2026-04-17,0,127,Not_Applicable,,Excluded_Life_Or_Death,DLSA-MH-PUN,,Private Counsel Engaged,,Private_Counsel,Rejected_Sessions,2026-08-19,2026-09-13,,,,,False,Barred_By_Statute,Tuberculosis (Isolation / Level 2 Inpatient),High
UTP-2026-0514,MAPU01-559437-2025,PRIS-MH-06,Yerwada Open Prison & Semi-Open Annex,Maharashtra,Pune,1500,865,57.7,Under Capacity,Low,0,635,Barrack-01 (General),100,59,59.0,False,0.38,Male,40,Sec 115(2) BNS / 323 IPC,Voluntarily Causing Hurt (Assault),True,12.0,False,False,1,2026-07-12,30,11,1/3_first_timer,122.0,Ineligible_Under_Time,DLSA-MH-PUN,PBL-MH-062,Adv. Vikas M. Thorat,2026-08-09,Assigned,Pending_Trial,2026-08-10,2026-09-04,,,,,False,Not_Applicable,Hypertension (Level 1),Low
UTP-2026-0515,MAPU01-110444-2024,PRIS-MH-06,Yerwada Open Prison & Semi-Open Annex,Maharashtra,Pune,1500,865,57.7,Under Capacity,Low,0,635,Ward-F (Female Barrack),60,33,55.0,False,0.38,Female,24,Sec 303(2) BNS / 379 IPC,Theft,True,36.0,False,False,1,2026-05-16,60,38,1/3_first_timer,365.0,Ineligible_Under_Time,DLSA-MH-PUN,PBL-MH-061,Adv. Anjali P. Deshmukh,2026-06-17,Assigned,Hearing_Scheduled,2026-07-24,2026-09-03,,,,,False,Not_Applicable,Severe Cardiac / Requires Level 3 Hospital Care,Low
UTP-2026-0516,MAPU01-666423-2025,PRIS-MH-06,Yerwada Open Prison & Semi-Open Annex,Maharashtra,Pune,1500,865,57.7,Under Capacity,Low,0,635,Barrack-01 (General),100,56,56.0,False,0.28,Male,26,Sec 117(2) BNS / 325 IPC,Voluntarily Causing Grievous Hurt,False,84.0,False,True,3,2026-02-19,0,184,1/2_repeat_offender,1277.0,Blocked_Multiple_FIRs,DLSA-MH-PUN,PBL-MH-061,Adv. Anjali P. Deshmukh,2026-05-30,Assigned,Bail_Pending,2026-08-17,2026-09-17,,,,,False,Multi_Case_Verification_Pending,Chronic Diabetes (Level 1 Dispensary),Medium
UTP-2026-0517,MAPU01-770898-2024,PRIS-MH-06,Yerwada Open Prison & Semi-Open Annex,Maharashtra,Pune,1500,865,57.7,Under Capacity,Low,0,635,Barrack-01 (General),100,57,57.0,False,0.45,Male,54,Sec 305 BNS / 380 IPC,Theft in Dwelling House / Burglary,False,84.0,False,True,1,2025-11-29,0,266,1/2_repeat_offender,1277.0,Ineligible_Under_Time,DLSA-MH-PUN,PBL-MH-061,Adv. Anjali P. Deshmukh,2026-01-19,Assigned,Hearing_Scheduled,2026-07-14,2026-09-15,,,,,False,Not_Applicable,Hypertension (Level 1),Low
UTP-2026-0518,MAPU01-821797-2026,PRIS-MH-06,Yerwada Open Prison & Semi-Open Annex,Maharashtra,Pune,1500,865,57.7,Under Capacity,Low,0,635,Barrack-01 (General),100,59,59.0,False,0.67,Male,24,Sec 303(2) BNS / 379 IPC,Theft,True,36.0,False,False,2,2023-05-15,0,1195,1/3_first_timer,365.0,Blocked_Multiple_FIRs,DLSA-MH-PUN,PBL-MH-063,Adv. Sachin B. More,2025-12-17,Assigned,Pending_Hearing,2026-08-06,2026-09-03,,,,,False,Multi_Case_Verification_Pending,,Low
UTP-2026-0519,MAPU01-284704-2026,PRIS-MH-06,Yerwada Open Prison & Semi-Open Annex,Maharashtra,Pune,1500,865,57.7,Under Capacity,Low,0,635,Barrack-01 (General),100,60,60.0,False,0.67,Male,25,Sec 303(2) BNS / 379 IPC,Theft,True,36.0,False,False,1,2023-07-28,0,1121,1/3_first_timer,365.0,Eligible,DLSA-MH-PUN,PBL-MH-063,Adv. Sachin B. More,2026-03-27,Assigned,Bail_Application_Filed,2026-08-08,2026-09-06,,,,,False,Pre_Draft_Generated,,Low
UTP-2026-0520,MAPU01-620969-2025,PRIS-MH-06,Yerwada Open Prison & Semi-Open Annex,Maharashtra,Pune,1500,865,57.7,Under Capacity,Low,0,635,Barrack-01 (General),100,56,56.0,False,0.39,Male,41,Sec 303(2) BNS / 379 IPC,Theft,True,36.0,False,False,1,2026-06-28,0,55,1/3_first_timer,365.0,Ineligible_Under_Time,DLSA-MH-PUN,PBL-MH-062,Adv. Vikas M. Thorat,2026-08-02,Assigned,Not_Applied,2026-08-10,2026-09-16,,,,,False,Not_Applicable,,Low
UTP-2026-0521,MAPU01-356233-2026,PRIS-MH-06,Yerwada Open Prison & Semi-Open Annex,Maharashtra,Pune,1500,865,57.7,Under Capacity,Low,0,635,Barrack-01 (General),100,58,58.0,False,0.45,Male,24,Sec 318(2) BNS / 420 IPC,Cheating & Dishonesty,True,36.0,False,False,1,2025-12-10,0,255,1/3_first_timer,365.0,Ineligible_Under_Time,DLSA-MH-PUN,,Private Counsel Engaged,,Private_Counsel,Pending_Trial,2026-07-27,2026-08-29,,,,,False,Not_Applicable,Tuberculosis (Isolation / Level 2 Inpatient),Low
UTP-2026-0522,MAPU01-490188-2025,PRIS-MH-06,Yerwada Open Prison & Semi-Open Annex,Maharashtra,Pune,1500,865,57.7,Under Capacity,Low,0,635,Barrack-01 (General),100,57,57.0,False,0.52,Male,33,Sec 189(2) BNS / 147 IPC,Rioting / Unlawful Assembly,True,24.0,False,False,1,2023-06-22,0,1157,1/3_first_timer,243.0,Eligible,DLSA-MH-PUN,PBL-MH-063,Adv. Sachin B. More,2026-07-15,Assigned,Bail Granted,2026-07-18,2026-09-14,2026-07-11,,42.0,Solvency Certificate (Land),True,Hearing_Scheduled_For_Relaxation,,Medium
UTP-2026-0523,MAPU01-859400-2024,PRIS-MH-06,Yerwada Open Prison & Semi-Open Annex,Maharashtra,Pune,1500,865,57.7,Under Capacity,Low,0,635,Barrack-01 (General),100,60,60.0,False,0.48,Male,22,Sec 117(2) BNS / 325 IPC,Voluntarily Causing Grievous Hurt,True,84.0,False,False,1,2025-08-24,0,363,1/3_first_timer,852.0,Ineligible_Under_Time,DLSA-MH-PUN,PBL-MH-061,Adv. Anjali P. Deshmukh,2026-05-26,Assigned,Pending_Trial,2026-08-16,2026-08-27,,,,,False,Not_Applicable,,Low
UTP-2026-0524,MAPU01-120869-2023,PRIS-MH-06,Yerwada Open Prison & Semi-Open Annex,Maharashtra,Pune,1500,865,57.7,Under Capacity,Low,0,635,Barrack-01 (General),100,59,59.0,False,0.22,Male,39,Sec 303(2) BNS / 379 IPC,Theft,True,36.0,False,False,1,2026-07-17,45,1,1/3_first_timer,365.0,Ineligible_Under_Time,DLSA-MH-PUN,PBL-MH-063,Adv. Sachin B. More,2026-08-02,Assigned,Hearing_Scheduled,2026-08-08,2026-09-28,,,,,False,Not_Applicable,,Medium
UTP-2026-0525,MAPU01-271981-2026,PRIS-MH-06,Yerwada Open Prison & Semi-Open Annex,Maharashtra,Pune,1500,865,57.7,Under Capacity,Low,0,635,Barrack-01 (General),100,59,59.0,False,0.4,Male,33,Sec 309(4) BNS / 392 IPC,Robbery,False,120.0,False,False,2,2026-05-28,0,86,1/3_first_timer,1217.0,Blocked_Multiple_FIRs,DLSA-MH-PUN,PBL-MH-062,Adv. Vikas M. Thorat,2026-07-17,Assigned,Pending_Hearing,2026-08-07,2026-09-24,,,,,False,Multi_Case_Verification_Pending,,Low
UTP-2026-0526,MAPU01-738345-2024,PRIS-MH-06,Yerwada Open Prison & Semi-Open Annex,Maharashtra,Pune,1500,865,57.7,Under Capacity,Low,0,635,Barrack-01 (General),100,58,58.0,False,0.52,Male,41,Sec 303(2) BNS / 379 IPC,Theft,True,36.0,False,False,2,2025-04-30,0,479,1/3_first_timer,365.0,Blocked_Multiple_FIRs,DLSA-MH-PUN,PBL-MH-061,Adv. Anjali P. Deshmukh,2026-03-30,Assigned,Verification_Required,2026-07-21,2026-09-14,,,,,False,Multi_Case_Verification_Pending,,Low
UTP-2026-0527,MAPU01-627609-2023,PRIS-MH-06,Yerwada Open Prison & Semi-Open Annex,Maharashtra,Pune,1500,865,57.7,Under Capacity,Low,0,635,Barrack-01 (General),100,57,57.0,False,0.58,Male,23,Sec 309(4) BNS / 392 IPC,Robbery,True,120.0,False,False,1,2024-09-27,0,694,1/3_first_timer,1217.0,Ineligible_Under_Time,DLSA-MH-PUN,PBL-MH-063,Adv. Sachin B. More,2026-02-21,Assigned,Hearing_Scheduled,2026-08-19,2026-09-03,,,,,False,Not_Applicable,Hypertension (Level 1),Low
UTP-2026-0528,MAPU01-412330-2024,PRIS-MH-06,Yerwada Open Prison & Semi-Open Annex,Maharashtra,Pune,1500,865,57.7,Under Capacity,Low,0,635,Barrack-01 (General),100,57,57.0,False,0.39,Male,40,Sec 303(2) BNS / 379 IPC,Theft,True,36.0,False,False,1,2026-06-16,0,67,1/3_first_timer,365.0,Ineligible_Under_Time,DLSA-MH-PUN,PBL-MH-063,Adv. Sachin B. More,2026-07-04,Assigned,Pending_Hearing,2026-07-26,2026-09-25,,,,,False,Not_Applicable,Chronic Kidney Disease (Requires Dialysis / Level 3),Low
UTP-2026-0529,MAPU01-709773-2023,PRIS-MH-06,Yerwada Open Prison & Semi-Open Annex,Maharashtra,Pune,1500,865,57.7,Under Capacity,Low,0,635,Barrack-01 (General),100,56,56.0,False,0.39,Male,26,Sec 305 BNS / 380 IPC,Theft in Dwelling House / Burglary,False,84.0,False,False,1,2026-07-01,0,52,1/3_first_timer,852.0,Ineligible_Under_Time,DLSA-MH-PUN,PBL-MH-062,Adv. Vikas M. Thorat,2026-08-12,Assigned,Pending_Hearing,2026-07-31,2026-09-04,,,,,False,Not_Applicable,,Low
UTP-2026-0530,MAPU01-419942-2024,PRIS-MH-06,Yerwada Open Prison & Semi-Open Annex,Maharashtra,Pune,1500,865,57.7,Under Capacity,Low,0,635,Barrack-01 (General),100,59,59.0,False,0.67,Male,41,Sec 117(2) BNS / 325 IPC,Voluntarily Causing Grievous Hurt,False,84.0,False,False,2,2023-09-02,0,1085,1/3_first_timer,852.0,Blocked_Multiple_FIRs,DLSA-MH-PUN,,Private Counsel Engaged,,Private_Counsel,Bail_Pending,2026-07-23,2026-09-17,,,,,False,Multi_Case_Verification_Pending,,Low
UTP-2026-0531,MAPU01-154301-2026,PRIS-MH-06,Yerwada Open Prison & Semi-Open Annex,Maharashtra,Pune,1500,865,57.7,Under Capacity,Low,0,635,Barrack-01 (General),100,59,59.0,False,0.38,Male,41,Sec 305 BNS / 380 IPC,Theft in Dwelling House / Burglary,True,84.0,False,False,1,2026-08-03,0,19,1/3_first_timer,852.0,Ineligible_Under_Time,DLSA-MH-PUN,PBL-MH-063,Adv. Sachin B. More,2026-08-11,Assigned,Pending_Trial,2026-08-17,2026-09-08,,,,,False,Not_Applicable,,Low
UTP-2026-0532,MAPU01-905430-2024,PRIS-MH-06,Yerwada Open Prison & Semi-Open Annex,Maharashtra,Pune,1500,865,57.7,Under Capacity,Low,0,635,Barrack-01 (General),100,60,60.0,False,0.45,Male,41,Sec 303(2) BNS / 379 IPC,Theft,True,36.0,False,False,1,2025-12-01,0,264,1/3_first_timer,365.0,Ineligible_Under_Time,DLSA-MH-PUN,PBL-MH-061,Adv. Anjali P. Deshmukh,2026-06-07,Assigned,Hearing_Scheduled,2026-07-20,2026-09-13,,,,,False,Not_Applicable,Hypertension (Level 1),Low
UTP-2026-0533,MAPU01-103485-2024,PRIS-MH-06,Yerwada Open Prison & Semi-Open Annex,Maharashtra,Pune,1500,865,57.7,Under Capacity,Low,0,635,Barrack-01 (General),100,60,60.0,False,0.38,Male,25,Sec 189(2) BNS / 147 IPC,Rioting / Unlawful Assembly,False,24.0,False,True,1,2026-07-30,0,23,1/2_repeat_offender,365.0,Ineligible_Under_Time,DLSA-MH-PUN,PBL-MH-061,Adv. Anjali P. Deshmukh,2026-08-02,Assigned,Not_Applied,2026-07-22,2026-09-25,,,,,False,Not_Applicable,Hypertension (Level 1),Low
UTP-2026-0534,MAPU01-188115-2026,PRIS-MH-06,Yerwada Open Prison & Semi-Open Annex,Maharashtra,Pune,1500,865,57.7,Under Capacity,Low,0,635,Barrack-01 (General),100,58,58.0,False,0.48,Male,26,Sec 305 BNS / 380 IPC,Theft in Dwelling House / Burglary,True,84.0,False,True,2,2025-09-13,0,343,1/2_repeat_offender,1277.0,Blocked_Multiple_FIRs,DLSA-MH-PUN,,Private Counsel Engaged,,Private_Counsel,Pending_Hearing,2026-07-23,2026-09-23,,,,,False,Multi_Case_Verification_Pending,,Low
UTP-2026-0535,MAPU01-304719-2023,PRIS-MH-06,Yerwada Open Prison & Semi-Open Annex,Maharashtra,Pune,1500,865,57.7,Under Capacity,Low,0,635,Barrack-01 (General),100,59,59.0,False,0.39,Male,22,Sec 318(2) BNS / 420 IPC,Cheating & Dishonesty,True,36.0,False,False,2,2026-07-13,0,40,1/3_first_timer,365.0,Blocked_Multiple_FIRs,DLSA-MH-PUN,,,,Unassigned,Verification_Required,2026-07-24,2026-08-27,,,,,False,Multi_Case_Verification_Pending,Chronic Diabetes (Level 1 Dispensary),Low
UTP-2026-0536,MAPU01-951619-2023,PRIS-MH-06,Yerwada Open Prison & Semi-Open Annex,Maharashtra,Pune,1500,865,57.7,Under Capacity,Low,0,635,Barrack-01 (General),100,60,60.0,False,0.28,Male,35,Sec 305 BNS / 380 IPC,Theft in Dwelling House / Burglary,True,84.0,False,False,2,2026-02-26,0,177,1/3_first_timer,852.0,Blocked_Multiple_FIRs,DLSA-MH-PUN,PBL-MH-063,Adv. Sachin B. More,2026-04-12,Assigned,Bail_Pending,2026-07-23,2026-09-18,,,,,False,Multi_Case_Verification_Pending,Severe Cardiac / Requires Level 3 Hospital Care,Medium
UTP-2026-0537,MAPU01-681019-2025,PRIS-MH-06,Yerwada Open Prison & Semi-Open Annex,Maharashtra,Pune,1500,865,57.7,Under Capacity,Low,0,635,Barrack-01 (General),100,59,59.0,False,0.67,Male,40,Sec 303(2) BNS / 379 IPC,Theft,False,36.0,False,False,1,2023-09-09,0,1078,1/3_first_timer,365.0,Eligible,DLSA-MH-PUN,PBL-MH-063,Adv. Sachin B. More,2026-05-30,Assigned,Released_On_Bail,2026-08-02,2026-09-04,2026-07-03,2026-07-07,4.0,"Local Surety Bond ₹10,000",False,Executed_With_Surety,Severe Cardiac / Requires Level 3 Hospital Care,Low
UTP-2026-0538,MAPU01-585239-2023,PRIS-MH-06,Yerwada Open Prison & Semi-Open Annex,Maharashtra,Pune,1500,865,57.7,Under Capacity,Low,0,635,Barrack-01 (General),100,57,57.0,False,0.46,Male,35,Sec 303(2) BNS / 379 IPC,Theft,True,36.0,False,False,1,2025-10-31,0,295,1/3_first_timer,365.0,Ineligible_Under_Time,DLSA-MH-PUN,PBL-MH-063,Adv. Sachin B. More,2026-05-28,Assigned,Pending_Hearing,2026-08-04,2026-09-15,,,,,False,Not_Applicable,,Low
UTP-2026-0539,MAPU01-183662-2025,PRIS-MH-06,Yerwada Open Prison & Semi-Open Annex,Maharashtra,Pune,1500,865,57.7,Under Capacity,Low,0,635,Barrack-01 (General),100,57,57.0,False,0.25,Male,39,Sec 324(2) BNS / 427 IPC,Mischief Causing Damage,True,24.0,False,False,2,2026-05-26,0,88,1/3_first_timer,243.0,Blocked_Multiple_FIRs,DLSA-MH-PUN,PBL-MH-061,Adv. Anjali P. Deshmukh,2026-06-26,Assigned,Verification_Required,2026-07-31,2026-09-03,,,,,False,Multi_Case_Verification_Pending,Hypertension (Level 1),Medium
UTP-2026-0540,MAPU01-360696-2024,PRIS-MH-06,Yerwada Open Prison & Semi-Open Annex,Maharashtra,Pune,1500,865,57.7,Under Capacity,Low,0,635,Barrack-01 (General),100,56,56.0,False,0.4,Male,24,Sec 117(2) BNS / 325 IPC,Voluntarily Causing Grievous Hurt,False,84.0,False,False,1,2026-05-09,0,105,1/3_first_timer,852.0,Ineligible_Under_Time,DLSA-MH-PUN,PBL-MH-062,Adv. Vikas M. Thorat,2026-06-05,Assigned,Pending_Hearing,2026-08-14,2026-09-26,,,,,False,Not_Applicable,,Low
UTP-2026-0541,MAPU01-748735-2023,PRIS-MH-06,Yerwada Open Prison & Semi-Open Annex,Maharashtra,Pune,1500,865,57.7,Under Capacity,Low,0,635,Barrack-01 (General),100,60,60.0,False,0.67,Male,39,Sec 303(2) BNS / 379 IPC,Theft,True,36.0,False,False,1,2023-06-09,0,1170,1/3_first_timer,365.0,Eligible,DLSA-MH-PUN,PBL-MH-061,Adv. Anjali P. Deshmukh,2026-02-27,Assigned,Application_Drafted,2026-07-30,2026-09-18,,,,,False,Pre_Draft_Generated,Severe Cardiac / Requires Level 3 Hospital Care,Low
UTP-2026-0542,MAPU01-529768-2023,PRIS-MH-06,Yerwada Open Prison & Semi-Open Annex,Maharashtra,Pune,1500,865,57.7,Under Capacity,Low,0,635,Barrack-01 (General),100,58,58.0,False,0.31,Male,24,Sec 324(2) BNS / 427 IPC,Mischief Causing Damage,True,24.0,False,False,1,2025-11-19,0,276,1/3_first_timer,243.0,Eligible,DLSA-MH-PUN,PBL-MH-061,Adv. Anjali P. Deshmukh,2026-08-04,Assigned,Bail_Application_Filed,2026-08-14,2026-09-23,,,,,False,Pre_Draft_Generated,Tuberculosis (Isolation / Level 2 Inpatient),Medium
UTP-2026-0543,MAPU01-633840-2023,PRIS-MH-06,Yerwada Open Prison & Semi-Open Annex,Maharashtra,Pune,1500,865,57.7,Under Capacity,Low,0,635,Barrack-01 (General),100,56,56.0,False,0.42,Male,23,Sec 309(4) BNS / 392 IPC,Robbery,True,120.0,False,False,1,2026-03-18,0,157,1/3_first_timer,1217.0,Ineligible_Under_Time,DLSA-MH-PUN,PBL-MH-061,Adv. Anjali P. Deshmukh,2026-03-18,Assigned,Pending_Hearing,2026-07-25,2026-09-30,,,,,False,Not_Applicable,Hypertension (Level 1),Low
UTP-2026-0544,MAPU01-663753-2026,PRIS-MH-06,Yerwada Open Prison & Semi-Open Annex,Maharashtra,Pune,1500,865,57.7,Under Capacity,Low,0,635,Barrack-01 (General),100,58,58.0,False,0.39,Male,25,Sec 189(2) BNS / 147 IPC,Rioting / Unlawful Assembly,True,24.0,False,False,1,2026-07-13 ,0,40,1/3_first_timer,243.0,Ineligible_Under_Time,DLSA-MH-PUN,,,,Unassigned,Hearing_Scheduled,2026-08-13,2026-08-31,,,,,False,Not_Applicable,,Low
UTP-2026-0545,MAPU01-852311-2023,PRIS-MH-06,Yerwada Open Prison & Semi-Open Annex,Maharashtra,Pune,1500,865,57.7,Under Capacity,Low,0,635,Barrack-01 (General),100,58,58.0,False,0.65,Male,38,Sec 189(2) BNS / 147 IPC,Rioting / Unlawful Assembly,True,24.0,False,False,1,2024-02-07,0,927,1/3_first_timer,243.0,Eligible,DLSA-MH-PUN,PBL-MH-063,Adv. Sachin B. More,2026-07-11,Assigned,Bail Granted,2026-07-26,2026-09-02,2026-08-04,,18.0,Solvency Certificate (Land),True,Hearing_Scheduled_For_Relaxation,,Low
UTP-2026-0546,MAPU01-383873-2025,PRIS-MH-06,Yerwada Open Prison & Semi-Open Annex,Maharashtra,Pune,1500,865,57.7,Under Capacity,Low,0,635,Ward-F (Female Barrack),60,34,56.7,False,0.4,Female,40,Sec 303(2) BNS / 379 IPC,Theft,True,36.0,False,False,1,2026-06-07,0,76,1/3_first_timer,365.0,Ineligible_Under_Time,DLSA-MH-PUN,,,,Unassigned,Hearing_Scheduled,2026-08-11,2026-09-11,,,,,False,Not_Applicable,,Low
UTP-2026-0547,MAPU01-204520-2023,PRIS-MH-06,Yerwada Open Prison & Semi-Open Annex,Maharashtra,Pune,1500,865,57.7,Under Capacity,Low,0,635,Barrack-01 (General),100,56,56.0,False,0.43,Male,40,Sec 115(2) BNS / 323 IPC,Voluntarily Causing Hurt (Assault),True,12.0,False,True,1,2026-01-29,0,205,1/2_repeat_offender,182.0,Eligible,DLSA-MH-PUN,PBL-MH-062,Adv. Vikas M. Thorat,2026-04-20,Assigned,Bail Granted,2026-07-10,2026-09-04,2026-08-20,,2.0,Solvency Certificate (Land),False,Monitoring,,Low
UTP-2026-0548,MAPU01-326689-2026,PRIS-MH-06,Yerwada Open Prison & Semi-Open Annex,Maharashtra,Pune,1500,865,57.7,Under Capacity,Low,0,635,Barrack-01 (General),100,58,58.0,False,0.41,Male,57,Sec 303(2) BNS / 379 IPC,Theft,True,36.0,False,True,1,2026-01-11,90,133,1/2_repeat_offender,547.0,Ineligible_Under_Time,DLSA-MH-PUN,PBL-MH-063,Adv. Sachin B. More,2026-04-04,Assigned,Hearing_Scheduled,2026-07-21,2026-08-29,,,,,False,Not_Applicable,Chronic Diabetes (Level 1 Dispensary),Low
UTP-2026-0549,MAPU01-336540-2025,PRIS-MH-06,Yerwada Open Prison & Semi-Open Annex,Maharashtra,Pune,1500,865,57.7,Under Capacity,Low,0,635,Barrack-01 (General),100,58,58.0,False,0.39,Male,23,Sec 324(2) BNS / 427 IPC,Mischief Causing Damage,True,24.0,False,False,3,2026-06-22,0,61,1/3_first_timer,243.0,Blocked_Multiple_FIRs,DLSA-MH-PUN,,Private Counsel Engaged,,Private_Counsel,Bail_Pending,2026-07-30,2026-09-05,,,,,False,Multi_Case_Verification_Pending,Severe Cardiac / Requires Level 3 Hospital Care,Low
UTP-2026-0550,MAPU01-593171-2026,PRIS-MH-06,Yerwada Open Prison & Semi-Open Annex,Maharashtra,Pune,1500,865,57.7,Under Capacity,Low,0,635,Ward-F (Female Barrack),60,35,58.3,False,0.42,Female,37,Sec 303(2) BNS / 379 IPC,Theft,True,36.0,False,False,1,2026-03-14 ,0,161,1/3_first_timer,365.0,Ineligible_Under_Time,DLSA-MH-PUN,,,,Unassigned,Pending_Trial,2026-07-29,2026-10-01,,,,,False,Not_Applicable,,Low
UTP-2026-0551,MAPU01-586129-2026,PRIS-MH-06,Yerwada Open Prison & Semi-Open Annex,Maharashtra,Pune,1500,865,57.7,Under Capacity,Low,0,635,Barrack-01 (General),100,58,58.0,False,0.39,Male,42,Sec 115(2) BNS / 323 IPC,Voluntarily Causing Hurt (Assault),True,12.0,False,False,1,2026-06-10,0,73,1/3_first_timer,122.0,Ineligible_Under_Time,DLSA-MH-PUN,PBL-MH-063,Adv. Sachin B. More,2026-08-01,Assigned,Pending_Hearing,2026-07-15,2026-09-01,,,,,False,Not_Applicable,Chronic Diabetes (Level 1 Dispensary),Low
UTP-2026-0552,MAPU01-530145-2025,PRIS-MH-06,Yerwada Open Prison & Semi-Open Annex,Maharashtra,Pune,1500,865,57.7,Under Capacity,Low,0,635,Barrack-01 (General),100,59,59.0,False,0.51,Male,21,Sec 303(2) BNS / 379 IPC,Theft,True,36.0,False,False,1,2025-05-28,0,451,1/3_first_timer,365.0,Eligible,DLSA-MH-PUN,PBL-MH-063,Adv. Sachin B. More,2026-07-06,Assigned,Application_Drafted,2026-08-20,2026-09-16,,,,,False,Pre_Draft_Generated,,Low
UTP-2026-0553,MAPU01-224896-2026,PRIS-MH-06,Yerwada Open Prison & Semi-Open Annex,Maharashtra,Pune,1500,865,57.7,Under Capacity,Low,0,635,Ward-F (Female Barrack),60,35,58.3,False,0.54,Female,41,Sec 324(2) BNS / 427 IPC,Mischief Causing Damage,True,24.0,False,True,3,2025-02-07,0,561,1/2_repeat_offender,365.0,Blocked_Multiple_FIRs,DLSA-MH-PUN,PBL-MH-063,Adv. Sachin B. More,2026-04-08,Assigned,Verification_Required,2026-08-08,2026-09-23,,,,,False,Multi_Case_Verification_Pending,Severe Cardiac / Requires Level 3 Hospital Care,Low
UTP-2026-0554,MAPU01-224508-2023,PRIS-MH-06,Yerwada Open Prison & Semi-Open Annex,Maharashtra,Pune,1500,865,57.7,Under Capacity,Low,0,635,Barrack-01 (General),100,58,58.0,False,0.23,Male,57,Sec 115(2) BNS / 323 IPC,Voluntarily Causing Hurt (Assault),True,12.0,False,False,1,2026-07-28,0,25,1/3_first_timer,122.0,Ineligible_Under_Time,DLSA-MH-PUN,PBL-MH-062,Adv. Vikas M. Thorat,2026-08-02,Assigned,Pending_Trial,2026-07-19,2026-09-03,,,,,False,Not_Applicable,,Medium
UTP-2026-0555,MAPU01-850899-2023,PRIS-MH-06,Yerwada Open Prison & Semi-Open Annex,Maharashtra,Pune,1500,865,57.7,Under Capacity,Low,0,635,Barrack-01 (General),100,59,59.0,False,0.45,Male,36,Sec 309(4) BNS / 392 IPC,Robbery,True,120.0,False,True,1,2024-08-06,0,746,1/2_repeat_offender,1825.0,Ineligible_Under_Time,DLSA-MH-PUN,PBL-MH-063,Adv. Sachin B. More,2026-07-05,Assigned,Hearing_Scheduled,2026-08-12,2026-09-08,,,,,False,Not_Applicable,Severe Cardiac / Requires Level 3 Hospital Care,Medium
UTP-2026-0556,MAPU01-108830-2025,PRIS-MH-06,Yerwada Open Prison & Semi-Open Annex,Maharashtra,Pune,1500,865,57.7,Under Capacity,Low,0,635,Barrack-01 (General),100,57,57.0,False,0.5,Male,26,Sec 305 BNS / 380 IPC,Theft in Dwelling House / Burglary,True,84.0,False,True,1,2025-06-12,0,436,1/2_repeat_offender,1277.0,Ineligible_Under_Time,DLSA-MH-PUN,PBL-MH-061,Adv. Anjali P. Deshmukh,2026-03-05,Assigned,Pending_Trial,2026-08-09,2026-09-14,,,,,False,Not_Applicable,Severe Cardiac / Requires Level 3 Hospital Care,Low
UTP-2026-0557,MAPU01-695379-2026,PRIS-MH-06,Yerwada Open Prison & Semi-Open Annex,Maharashtra,Pune,1500,865,57.7,Under Capacity,Low,0,635,Barrack-01 (General),100,56,56.0,False,0.3,Male,42,Sec 303(2) BNS / 379 IPC,Theft,True,36.0,False,False,1,2025-12-18,0,247,1/3_first_timer,365.0,Ineligible_Under_Time,DLSA-MH-PUN,,Private Counsel Engaged,,Private_Counsel,Pending_Trial,2026-07-24,2026-09-21,,,,,False,Not_Applicable,,Medium
UTP-2026-0558,MAPU01-314913-2025,PRIS-MH-06,Yerwada Open Prison & Semi-Open Annex,Maharashtra,Pune,1500,865,57.7,Under Capacity,Low,0,635,Barrack-01 (General),100,56,56.0,False,0.27,Male,23,Sec 117(2) BNS / 325 IPC,Voluntarily Causing Grievous Hurt,False,84.0,False,False,1,2026-04-01,0,143,1/3_first_timer,852.0,Ineligible_Under_Time,DLSA-MH-PUN,PBL-MH-062,Adv. Vikas M. Thorat,2026-07-18,Assigned,Hearing_Scheduled,2026-07-08,2026-09-02,,,,,False,Not_Applicable,Tuberculosis (Isolation / Level 2 Inpatient),Medium
UTP-2026-0559,MAPU01-753834-2025,PRIS-MH-06,Yerwada Open Prison & Semi-Open Annex,Maharashtra,Pune,1500,865,57.7,Under Capacity,Low,0,635,Barrack-01 (General),100,59,59.0,False,0.38,Male,38,Sec 189(2) BNS / 147 IPC,Rioting / Unlawful Assembly,False,24.0,False,False,1,2026-07-31,0,22,1/3_first_timer,243.0,Ineligible_Under_Time,DLSA-MH-PUN,,Private Counsel Engaged,,Private_Counsel,Pending_Trial,2026-08-14,2026-09-26,,,,,False,Not_Applicable,Chronic Kidney Disease (Requires Dialysis / Level 3),Low
UTP-2026-0560,MAPU01-474254-2025,PRIS-MH-06,Yerwada Open Prison & Semi-Open Annex,Maharashtra,Pune,1500,865,57.7,Under Capacity,Low,0,635,Barrack-01 (General),100,58,58.0,False,0.44,Male,22,Sec 115(2) BNS / 323 IPC,Voluntarily Causing Hurt (Assault),True,12.0,False,True,1,2025-12-13,15,237,1/2_repeat_offender,182.0,Eligible,DLSA-MH-PUN,PBL-MH-062,Adv. Vikas M. Thorat,2026-01-26,Assigned,Released_On_Personal_Bond,2026-08-08,2026-09-28,2026-06-04,2026-06-07,3.0,Personal Recognizance Bond,False,Order_Modified_And_Executed,,Low
UTP-2026-0561,MAPU01-268818-2025,PRIS-MH-06,Yerwada Open Prison & Semi-Open Annex,Maharashtra,Pune,1500,865,57.7,Under Capacity,Low,0,635,Barrack-01 (General),100,59,59.0,False,0.37,Male,41,Sec 324(2) BNS / 427 IPC,Mischief Causing Damage,True,24.0,False,True,1,2026-07-15,120,1,1/2_repeat_offender,365.0,Ineligible_Under_Time,DLSA-MH-PUN,PBL-MH-063,Adv. Sachin B. More,2026-07-27,Assigned,Not_Applied,2026-07-24,2026-08-25,,,,,False,Not_Applicable,Chronic Diabetes (Level 1 Dispensary),Low
UTP-2026-0562,MAPU01-222448-2024,PRIS-MH-06,Yerwada Open Prison & Semi-Open Annex,Maharashtra,Pune,1500,865,57.7,Under Capacity,Low,0,635,Ward-HS (High Security),50,28,56.0,False,0.25,Male,54,Sec 103(1) BNS / 302 IPC,Murder (Life/Death Excluded from Sec 479),True,,True,False,1,2026-06-09,0,74,Not_Applicable,,Excluded_Life_Or_Death,DLSA-MH-PUN,,Private Counsel Engaged,,Private_Counsel,Rejected_Sessions,2026-08-14,2026-09-18,,,,,False,Barred_By_Statute,,High
UTP-2026-0563,MAPU01-655859-2024,PRIS-MH-06,Yerwada Open Prison & Semi-Open Annex,Maharashtra,Pune,1500,865,57.7,Under Capacity,Low,0,635,Barrack-01 (General),100,56,56.0,False,0.33,Male,21,Sec 309(4) BNS / 392 IPC,Robbery,True,120.0,False,True,2,2025-09-03,0,353,1/2_repeat_offender,1825.0,Blocked_Multiple_FIRs,DLSA-MH-PUN,PBL-MH-062,Adv. Vikas M. Thorat,2026-03-12,Assigned,Pending_Hearing,2026-08-17,2026-09-08,,,,,False,Multi_Case_Verification_Pending,,Medium
UTP-2026-0564,MAPU01-539589-2023,PRIS-MH-06,Yerwada Open Prison & Semi-Open Annex,Maharashtra,Pune,1500,865,57.7,Under Capacity,Low,0,635,Barrack-01 (General),100,55,55.0,False,0.4,Male,38,Sec 189(2) BNS / 147 IPC,Rioting / Unlawful Assembly,True,24.0,False,True,1,2026-05-29,0,85,1/2_repeat_offender,365.0,Ineligible_Under_Time,DLSA-MH-PUN,PBL-MH-061,Adv. Anjali P. Deshmukh,2026-07-22,Assigned,Pending_Trial,2026-07-10,2026-09-10,,,,,False,Not_Applicable,,Low
UTP-2026-0565,MAPU01-749848-2023,PRIS-MH-06,Yerwada Open Prison & Semi-Open Annex,Maharashtra,Pune,1500,865,57.7,Under Capacity,Low,0,635,Barrack-01 (General),100,57,57.0,False,0.63,Male,23,Sec 115(2) BNS / 323 IPC,Voluntarily Causing Hurt (Assault),True,12.0,False,False,4,2024-03-30,15,860,1/3_first_timer,122.0,Blocked_Multiple_FIRs,DLSA-MH-PUN,PBL-MH-061,Adv. Anjali P. Deshmukh,2026-05-05,Assigned,Pending_Hearing,2026-08-16,2026-08-25,,,,,False,Multi_Case_Verification_Pending,,Low
UTP-2026-0566,MAPU01-212341-2026,PRIS-MH-06,Yerwada Open Prison & Semi-Open Annex,Maharashtra,Pune,1500,865,57.7,Under Capacity,Low,0,635,Barrack-01 (General),100,58,58.0,False,0.38,Male,20,Sec 303(2) BNS / 379 IPC,Theft,True,36.0,False,False,1,2026-07-20,0,33,1/3_first_timer,365.0,Ineligible_Under_Time,DLSA-MH-PUN,PBL-MH-063,Adv. Sachin B. More,2026-07-26,Assigned,Hearing_Scheduled,2026-07-27,2026-09-12,,,,,False,Not_Applicable,,Low
UTP-2026-0567,MAPU01-678614-2025,PRIS-MH-06,Yerwada Open Prison & Semi-Open Annex,Maharashtra,Pune,1500,865,57.7,Under Capacity,Low,0,635,Barrack-01 (General),100,57,57.0,False,0.4,Male,41,Sec 303(2) BNS / 379 IPC,Theft,True,36.0,False,False,2,2026-05-30,0,84,1/3_first_timer,365.0,Blocked_Multiple_FIRs,DLSA-MH-PUN,PBL-MH-061,Adv. Anjali P. Deshmukh,2026-07-26,Assigned,Pending_Hearing,2026-08-06,2026-10-01,,,,,False,Multi_Case_Verification_Pending,Severe Cardiac / Requires Level 3 Hospital Care,Low
UTP-2026-0568,MAPU01-138460-2025,PRIS-MH-06,Yerwada Open Prison & Semi-Open Annex,Maharashtra,Pune,1500,865,57.7,Under Capacity,Low,0,635,Barrack-01 (General),100,57,57.0,False,0.4,Male,22,Sec 117(2) BNS / 325 IPC,Voluntarily Causing Grievous Hurt,True,84.0,False,False,1,2026-06-04,0,79,1/3_first_timer,852.0,Ineligible_Under_Time,DLSA-MH-PUN,PBL-MH-062,Adv. Vikas M. Thorat,2026-06-05,Assigned,Hearing_Scheduled,2026-07-10,2026-09-08,,,,,False,Not_Applicable,Tuberculosis (Isolation / Level 2 Inpatient),Low
UTP-2026-0569,MAPU01-254665-2026,PRIS-MH-06,Yerwada Open Prison & Semi-Open Annex,Maharashtra,Pune,1500,865,57.7,Under Capacity,Low,0,635,Barrack-01 (General),100,60,60.0,False,0.67,Male,25,Sec 309(4) BNS / 392 IPC,Robbery,True,120.0,False,False,2,2023-05-21,0,1189,1/3_first_timer,1217.0,Blocked_Multiple_FIRs,DLSA-MH-PUN,,Private Counsel Engaged,,Private_Counsel,Verification_Required,2026-07-10,2026-09-18,,,,,False,Multi_Case_Verification_Pending,,Low
UTP-2026-0570,MAPU01-648736-2026,PRIS-MH-06,Yerwada Open Prison & Semi-Open Annex,Maharashtra,Pune,1500,865,57.7,Under Capacity,Low,0,635,Barrack-01 (General),100,57,57.0,False,0.52,Male,40,Sec 117(2) BNS / 325 IPC,Voluntarily Causing Grievous Hurt,True,84.0,False,True,1,2025-04-24,0,485,1/2_repeat_offender,1277.0,Ineligible_Under_Time,DLSA-MH-PUN,,Private Counsel Engaged,,Private_Counsel,Hearing_Scheduled,2026-07-18,2026-09-03,,,,,False,Not_Applicable,,Low
UTP-2026-0571,MAPU01-715195-2023,PRIS-MH-06,Yerwada Open Prison & Semi-Open Annex,Maharashtra,Pune,1500,865,57.7,Under Capacity,Low,0,635,Barrack-01 (General),100,58,58.0,False,0.23,Male,37,Sec 303(2) BNS / 379 IPC,Theft,True,36.0,False,False,1,2026-07-15,0,38,1/3_first_timer,365.0,Ineligible_Under_Time,DLSA-MH-PUN,PBL-MH-063,Adv. Sachin B. More,2026-08-06,Assigned,Not_Applied,2026-08-09,2026-08-28,,,,,False,Not_Applicable,,Medium
UTP-2026-0572,MAPU01-705158-2024,PRIS-MH-06,Yerwada Open Prison & Semi-Open Annex,Maharashtra,Pune,1500,865,57.7,Under Capacity,Low,0,635,Barrack-01 (General),100,59,59.0,False,0.57,Male,34,Sec 305 BNS / 380 IPC,Theft in Dwelling House / Burglary,True,84.0,False,False,3,2024-10-30 ,0,661,1/3_first_timer,852.0,Blocked_Multiple_FIRs,DLSA-MH-PUN,PBL-MH-061,Adv. Anjali P. Deshmukh,2026-02-02,Assigned,Verification_Required,2026-07-25,2026-09-30,,,,,False,Multi_Case_Verification_Pending,,Low
UTP-2026-0573,MAPU01-405350-2024,PRIS-MH-06,Yerwada Open Prison & Semi-Open Annex,Maharashtra,Pune,1500,865,57.7,Under Capacity,Low,0,635,Barrack-01 (General),100,57,57.0,False,0.24,Male,41,Sec 115(2) BNS / 323 IPC,Voluntarily Causing Hurt (Assault),True,12.0,False,True,2,2026-07-03,0,50,1/2_repeat_offender,182.0,Blocked_Multiple_FIRs,DLSA-MH-PUN,PBL-MH-061,Adv. Anjali P. Deshmukh,2026-07-07,Assigned,Pending_Hearing,2026-08-03,2026-09-22,,,,,False,Multi_Case_Verification_Pending,,Medium
UTP-2026-0574,MAPU01-191233-2024,PRIS-MH-06,Yerwada Open Prison & Semi-Open Annex,Maharashtra,Pune,1500,865,57.7,Under Capacity,Low,0,635,Barrack-01 (General),100,58,58.0,False,0.45,Male,21,Sec 117(2) BNS / 325 IPC,Voluntarily Causing Grievous Hurt,True,84.0,False,False,1,2025-12-09,0,256,1/3_first_timer,852.0,Ineligible_Under_Time,DLSA-MH-PUN,PBL-MH-062,Adv. Vikas M. Thorat,2026-02-10,Assigned,Hearing_Scheduled,2026-07-25,2026-09-22,,,,,False,Not_Applicable,Tuberculosis (Isolation / Level 2 Inpatient),Low
UTP-2026-0575,MAPU01-619214-2025,PRIS-MH-06,Yerwada Open Prison & Semi-Open Annex,Maharashtra,Pune,1500,865,57.7,Under Capacity,Low,0,635,Ward-F (Female Barrack),60,36,60.0,False,0.23,Female,38,Sec 189(2) BNS / 147 IPC,Rioting / Unlawful Assembly,False,24.0,False,False,1,2026-08-06,0,16,1/3_first_timer,243.0,Ineligible_Under_Time,DLSA-MH-PUN,PBL-MH-061,Adv. Anjali P. Deshmukh,2026-08-08,Assigned,Not_Applied,2026-08-18,2026-09-04,,,,,False,Not_Applicable,,Medium
UTP-2026-0576,MAPU01-460765-2023,PRIS-MH-06,Yerwada Open Prison & Semi-Open Annex,Maharashtra,Pune,1500,865,57.7,Under Capacity,Low,0,635,Ward-HS (High Security),50,30,60.0,False,0.52,Male,25,Sec 103(1) BNS / 302 IPC,Murder (Life/Death Excluded from Sec 479),True,,True,False,1,2023-11-06,0,1020,Not_Applicable,,Excluded_Life_Or_Death,DLSA-MH-PUN,,Private Counsel Engaged,,Private_Counsel,Pending_Trial,2026-08-06,2026-09-19,,,,,False,Barred_By_Statute,Chronic Kidney Disease (Requires Dialysis / Level 3),High
UTP-2026-0577,MAPU01-341687-2023,PRIS-MH-06,Yerwada Open Prison & Semi-Open Annex,Maharashtra,Pune,1500,865,57.7,Under Capacity,Low,0,635,Barrack-01 (General),100,56,56.0,False,0.5,Male,24,Sec 117(2) BNS / 325 IPC,Voluntarily Causing Grievous Hurt,True,84.0,False,False,1,2025-07-07,0,411,1/3_first_timer,852.0,Ineligible_Under_Time,DLSA-MH-PUN,PBL-MH-063,Adv. Sachin B. More,2026-05-04,Assigned,Pending_Hearing,2026-07-31,2026-09-02,,,,,False,Not_Applicable,,Low
UTP-2026-0578,MAPU01-837139-2024,PRIS-MH-06,Yerwada Open Prison & Semi-Open Annex,Maharashtra,Pune,1500,865,57.7,Under Capacity,Low,0,635,Barrack-01 (General),100,60,60.0,False,0.42,Male,39,Sec 303(2) BNS / 379 IPC,Theft,True,36.0,False,False,1,2026-03-31,0,144,1/3_first_timer,365.0,Ineligible_Under_Time,DLSA-MH-PUN,PBL-MH-063,Adv. Sachin B. More,2026-05-02,Assigned,Pending_Hearing,2026-08-04,2026-09-18,,,,,False,Not_Applicable,,Low
UTP-2026-0579,MAPU01-909388-2024,PRIS-MH-06,Yerwada Open Prison & Semi-Open Annex,Maharashtra,Pune,1500,865,57.7,Under Capacity,Low,0,635,Barrack-01 (General),100,58,58.0,False,0.23,Male,18,Sec 303(2) BNS / 379 IPC,Theft,True,36.0,False,False,1,2026-08-01,0,21,1/3_first_timer,365.0,Ineligible_Under_Time,DLSA-MH-PUN,PBL-MH-061,Adv. Anjali P. Deshmukh,2026-08-08,Assigned,Pending_Trial,2026-07-22,2026-09-02,,,,,False,Not_Applicable,,Medium
UTP-2026-0580,MAPU01-894352-2024,PRIS-MH-06,Yerwada Open Prison & Semi-Open Annex,Maharashtra,Pune,1500,865,57.7,Under Capacity,Low,0,635,Barrack-01 (General),100,57,57.0,False,0.43,Male,24,Sec 324(2) BNS / 427 IPC,Mischief Causing Damage,False,24.0,False,False,1,2026-02-09,0,194,1/3_first_timer,243.0,Ineligible_Under_Time,DLSA-MH-PUN,PBL-MH-062,Adv. Vikas M. Thorat,2026-06-03,Assigned,Pending_Trial,2026-08-17,2026-09-27,,,,,False,Not_Applicable,Tuberculosis (Isolation / Level 2 Inpatient),Low
UTP-2026-0581,MAPU01-768622-2025,PRIS-MH-06,Yerwada Open Prison & Semi-Open Annex,Maharashtra,Pune,1500,865,57.7,Under Capacity,Low,0,635,Ward-HS (High Security),50,29,58.0,False,0.23,Male,37,Sec 103(1) BNS / 302 IPC,Murder (Life/Death Excluded from Sec 479),True,,True,True,1,2026-07-18,0,35,Not_Applicable,,Excluded_Life_Or_Death,DLSA-MH-PUN,,Private Counsel Engaged,,Private_Counsel,Rejected_Sessions,2026-08-14,2026-09-28,,,,,False,Barred_By_Statute,,High
UTP-2026-0582,MAPU01-114097-2026,PRIS-MH-06,Yerwada Open Prison & Semi-Open Annex,Maharashtra,Pune,1500,865,57.7,Under Capacity,Low,0,635,Barrack-01 (General),100,60,60.0,False,0.39,Male,24,sec 303(2) bns / 379 ipc,Theft,False,36.0,False,True,1,2026-06-16,0,67,1/2_repeat_offender,547.0,Ineligible_Under_Time,DLSA-MH-PUN,PBL-MH-061,Adv. Anjali P. Deshmukh,2026-07-06,Assigned,Not_Applied,2026-07-28,2026-09-21,,,,,False,Not_Applicable,,Low
UTP-2026-0583,MAPU01-540267-2023,PRIS-MH-06,Yerwada Open Prison & Semi-Open Annex,Maharashtra,Pune,1500,865,57.7,Under Capacity,Low,0,635,Barrack-01 (General),100,58,58.0,False,0.41,Male,54,Sec 189(2) BNS / 147 IPC,Rioting / Unlawful Assembly,True,24.0,False,False,1,2026-04-19,0,125,1/3_first_timer,243.0,Ineligible_Under_Time,DLSA-MH-PUN,PBL-MH-061,Adv. Anjali P. Deshmukh,2026-06-13,Assigned,Hearing_Scheduled,2026-07-24,2026-09-02,,,,,False,Not_Applicable,,Low
UTP-2026-0584,MAPU01-931063-2025,PRIS-MH-06,Yerwada Open Prison & Semi-Open Annex,Maharashtra,Pune,1500,865,57.7,Under Capacity,Low,0,635,Barrack-01 (General),100,57,57.0,False,0.39,Male,41,Sec 303(2) BNS / 379 IPC,Theft,True,36.0,False,False,3,2026-07-13,0,40,1/3_first_timer,365.0,Blocked_Multiple_FIRs,DLSA-MH-PUN,PBL-MH-061,Adv. Anjali P. Deshmukh,2026-07-14,Assigned,Bail_Pending,2026-08-08,2026-09-23,,,,,False,Multi_Case_Verification_Pending,Chronic Diabetes (Level 1 Dispensary),Low
UTP-2026-0585,MAPU01-190746-2026,PRIS-MH-06,Yerwada Open Prison & Semi-Open Annex,Maharashtra,Pune,1500,865,57.7,Under Capacity,Low,0,635,Barrack-01 (General),100,58,58.0,False,0.38,Male,22,Sec 318(2) BNS / 420 IPC,Cheating & Dishonesty,True,36.0,False,True,1,2026-07-17,0,36,1/2_repeat_offender,547.0,Ineligible_Under_Time,DLSA-MH-PUN,PBL-MH-061,Adv. Anjali P. Deshmukh,2026-07-19,Assigned,Not_Applied,2026-07-20,2026-09-04,,,,,False,Not_Applicable,,Low
UTP-2026-0586,MAPU01-379152-2023,PRIS-MH-06,Yerwada Open Prison & Semi-Open Annex,Maharashtra,Pune,1500,865,57.7,Under Capacity,Low,0,635,Barrack-01 (General),100,57,57.0,False,0.42,Male,35,Sec 318(2) BNS / 420 IPC,Cheating & Dishonesty,True,36.0,False,False,1,2026-03-21,0,154,1/3_first_timer,365.0,Ineligible_Under_Time,DLSA-MH-PUN,PBL-MH-062,Adv. Vikas M. Thorat,2026-06-29,Assigned,Pending_Trial,2026-08-15,2026-09-19,,,,,False,Not_Applicable,,Low
UTP-2026-0587,MAPU01-153717-2026,PRIS-MH-06,Yerwada Open Prison & Semi-Open Annex,Maharashtra,Pune,1500,865,57.7,Under Capacity,Low,0,635,Barrack-01 (General),100,56,56.0,False,0.39,Male,42,Sec 305 BNS / 380 IPC,Theft in Dwelling House / Burglary,False,84.0,False,True,1,2025-02-24,0,544,1/2_repeat_offender,1277.0,Ineligible_Under_Time,DLSA-MH-PUN,PBL-MH-063,Adv. Sachin B. More,2025-12-31,Assigned,Hearing_Scheduled,2026-07-27,2026-09-08,,,,,False,Not_Applicable,Chronic Kidney Disease (Requires Dialysis / Level 3),Medium
UTP-2026-0588,MAPU01-404145-2024,PRIS-MH-06,Yerwada Open Prison & Semi-Open Annex,Maharashtra,Pune,1500,865,57.7,Under Capacity,Low,0,635,Barrack-01 (General),100,56,56.0,False,0.38,Male,40,Sec 189(2) BNS / 147 IPC,Rioting / Unlawful Assembly,True,24.0,False,False,2,2026-08-03,0,19,1/3_first_timer,243.0,Blocked_Multiple_FIRs,DLSA-MH-PUN,PBL-MH-063,Adv. Sachin B. More,2026-08-09,Assigned,Pending_Hearing,2026-08-07,2026-08-26,,,,,False,Multi_Case_Verification_Pending,Chronic Diabetes (Level 1 Dispensary),Low
UTP-2026-0589,MAPU01-631697-2026,PRIS-MH-06,Yerwada Open Prison & Semi-Open Annex,Maharashtra,Pune,1500,865,57.7,Under Capacity,Low,0,635,Barrack-01 (General),100,56,56.0,False,0.43,Male,19,Sec 318(2) BNS / 420 IPC,Cheating & Dishonesty,True,36.0,False,False,1,2026-02-12,0,191,1/3_first_timer,365.0,Ineligible_Under_Time,DLSA-MH-PUN,PBL-MH-063,Adv. Sachin B. More,2026-06-30,Assigned,Hearing_Scheduled,2026-07-19,2026-09-26,,,,,False,Not_Applicable,Hypertension (Level 1),Low
UTP-2026-0590,MAPU01-509735-2024,PRIS-MH-06,Yerwada Open Prison & Semi-Open Annex,Maharashtra,Pune,1500,865,57.7,Under Capacity,Low,0,635,Barrack-01 (General),100,56,56.0,False,0.26,Male,38,sec 115(2) bns / 323 ipc,Voluntarily Causing Hurt (Assault),True,12.0,False,False,1,2026-05-04,0,110,1/3_first_timer,122.0,Approaching_Threshold_12d,DLSA-MH-PUN,PBL-MH-061,Adv. Anjali P. Deshmukh,2026-05-30,Assigned,Pending_Hearing,2026-07-14,2026-09-05,,,,,False,Not_Applicable,Tuberculosis (Isolation / Level 2 Inpatient),Medium
UTP-2026-0591,MAPU01-820333-2024,PRIS-MH-06,Yerwada Open Prison & Semi-Open Annex,Maharashtra,Pune,1500,865,57.7,Under Capacity,Low,0,635,Barrack-01 (General),100,56,56.0,False,0.43,Male,19,Sec 115(2) BNS / 323 IPC,Voluntarily Causing Hurt (Assault),True,12.0,False,False,1,2026-02-26,0,177,1/3_first_timer,122.0,Eligible,DLSA-MH-PUN,,Private Counsel Engaged,,Private_Counsel,Released_On_Bail,2026-08-02,2026-09-16,2026-06-11,2026-06-15,4.0,Solvency Certificate (Property),False,Executed_With_Surety,Hypertension (Level 1),Low
UTP-2026-0592,MAPU01-664948-2023,PRIS-MH-06,Yerwada Open Prison & Semi-Open Annex,Maharashtra,Pune,1500,865,57.7,Under Capacity,Low,0,635,Barrack-01 (General),100,58,58.0,False,0.39,Male,40,Sec 117(2) BNS / 325 IPC,Voluntarily Causing Grievous Hurt,False,84.0,False,False,2,2026-06-20,0,63,1/3_first_timer,852.0,Blocked_Multiple_FIRs,DLSA-MH-PUN,PBL-MH-063,Adv. Sachin B. More,2026-07-10,Assigned,Bail_Pending,2026-07-14,2026-08-28,,,,,False,Multi_Case_Verification_Pending,Hypertension (Level 1),Low
UTP-2026-0593,MAPU01-132972-2023,PRIS-MH-06,Yerwada Open Prison & Semi-Open Annex,Maharashtra,Pune,1500,865,57.7,Under Capacity,Low,0,635,Barrack-01 (General),100,56,56.0,False,0.39,Male,19,Sec 303(2) BNS / 379 IPC,Theft,False,36.0,False,True,1,2026-06-15,0,68,1/2_repeat_offender,547.0,Ineligible_Under_Time,DLSA-MH-PUN,PBL-MH-063,Adv. Sachin B. More,2026-07-23,Assigned,Hearing_Scheduled,2026-08-19,2026-08-26,,,,,False,Not_Applicable,,Low
UTP-2026-0594,MAPU01-981508-2023,PRIS-MH-06,Yerwada Open Prison & Semi-Open Annex,Maharashtra,Pune,1500,865,57.7,Under Capacity,Low,0,635,Barrack-01 (General),100,57,57.0,False,0.44,Male,21,Sec 318(2) BNS / 420 IPC,Cheating & Dishonesty,True,36.0,False,False,1,2026-01-10,0,224,1/3_first_timer,365.0,Ineligible_Under_Time,DLSA-MH-PUN,PBL-MH-062,Adv. Vikas M. Thorat,2026-06-05,Assigned,Hearing_Scheduled,2026-08-07,2026-09-14,,,,,False,Not_Applicable,Tuberculosis (Isolation / Level 2 Inpatient),Low
UTP-2026-0595,MAPU01-333653-2026,PRIS-MH-06,Yerwada Open Prison & Semi-Open Annex,Maharashtra,Pune,1500,865,57.7,Under Capacity,Low,0,635,Ward-HS (High Security),50,30,60.0,False,0.52,Male,39,Sec 103(1) BNS / 302 IPC,Murder (Life/Death Excluded from Sec 479),True,,True,False,1,2023-05-18,0,1192,Not_Applicable,,Excluded_Life_Or_Death,DLSA-MH-PUN,,Private Counsel Engaged,,Private_Counsel,Pending_Trial,2026-08-05,2026-09-18,,,,,False,Barred_By_Statute,Chronic Diabetes (Level 1 Dispensary),High
UTP-2026-0596,MAPU01-812685-2023,PRIS-MH-06,Yerwada Open Prison & Semi-Open Annex,Maharashtra,Pune,1500,865,57.7,Under Capacity,Low,0,635,Barrack-01 (General),100,58,58.0,False,0.37,Male,38,Sec 309(4) BNS / 392 IPC,Robbery,True,120.0,False,False,2,2026-06-03,150,1,1/3_first_timer,1217.0,Blocked_Multiple_FIRs,DLSA-MH-PUN,PBL-MH-062,Adv. Vikas M. Thorat,2026-07-12,Assigned,Pending_Hearing,2026-07-18,2026-09-17,,,,,False,Multi_Case_Verification_Pending,Hypertension (Level 1),Low
UTP-2026-0597,MAPU01-369035-2024,PRIS-MH-06,Yerwada Open Prison & Semi-Open Annex,Maharashtra,Pune,1500,865,57.7,Under Capacity,Low,0,635,Barrack-01 (General),100,58,58.0,False,0.44,Male,42,Sec 303(2) BNS / 379 IPC,Theft,False,36.0,False,True,3,2026-01-22 ,0,212,1/2_repeat_offender,547.0,Blocked_Multiple_FIRs,DLSA-MH-PUN,,Private Counsel Engaged,,Private_Counsel,Verification_Required,2026-07-22,2026-09-30,,,,,False,Multi_Case_Verification_Pending,Hypertension (Level 1),Low
UTP-2026-0598,MAPU01-415734-2023,PRIS-MH-06,Yerwada Open Prison & Semi-Open Annex,Maharashtra,Pune,1500,865,57.7,Under Capacity,Low,0,635,Ward-HS (High Security),50,28,56.0,False,0.3,Male,21,Sec 103(1) BNS / 302 IPC,Murder (Life/Death Excluded from Sec 479),True,,True,False,1,2025-12-21,0,244,Not_Applicable,,Excluded_Life_Or_Death,DLSA-MH-PUN,,Private Counsel Engaged,,Private_Counsel,Pending_Trial,2026-08-08,2026-09-27,,,,,False,Barred_By_Statute,,High
UTP-2026-0599,MAPU01-783737-2024,PRIS-MH-06,Yerwada Open Prison & Semi-Open Annex,Maharashtra,Pune,1500,865,57.7,Under Capacity,Low,0,635,Barrack-01 (General),100,56,56.0,False,0.42,Male,42,Sec 324(2) BNS / 427 IPC,Mischief Causing Damage,True,24.0,False,False,1,2025-12-30,90,145,1/3_first_timer,243.0,Ineligible_Under_Time,DLSA-MH-PUN,PBL-MH-061,Adv. Anjali P. Deshmukh,2026-03-03,Assigned,Not_Applied,2026-07-17,2026-09-24,,,,,False,Not_Applicable,,Low
UTP-2026-0600,MAPU01-939279-2023,PRIS-MH-06,Yerwada Open Prison & Semi-Open Annex,Maharashtra,Pune,1500,865,57.7,Under Capacity,Low,0,635,Barrack-01 (General),100,56,56.0,False,0.4,Male,38,Sec 309(4) BNS / 392 IPC,Robbery,True,120.0,False,False,1,2026-05-27,0,87,1/3_first_timer,1217.0,Ineligible_Under_Time,DLSA-MH-PUN,,,,Unassigned,Hearing_Scheduled,2026-08-18,2026-09-17,,,,,False,Not_Applicable,Chronic Kidney Disease (Requires Dialysis / Level 3),Low
